Date,customerage,transactionduration,loginattempts,txn_hour,is_night,is_weekend,mcc,high_risk_mcc,medium_risk_mcc,new_device,new_ip,customer_tenure_days,short_tenure,unusual_mcc_for_customer,txn_velocity_5min_sim,high_frequency,freq_2plus,proxy,severity_label,transactiontype_Credit,transactiontype_Debit,transactiontype_nan,channel_Branch,channel_Online,channel_nan,customeroccupation_Doctor,customeroccupation_Engineer,customeroccupation_Retired,customeroccupation_Student,customeroccupation_nan,mcc_risk_low,mcc_risk_medium,mcc_risk_nan,country_BR,country_CA,country_DE,country_FR,country_GB,country_IN,country_MX,country_PL,country_SG,country_UA,country_US,country_nan
09/01/2023,26.0,143.0,1.0,18.0,0.0,0.0,4111.0,0.0,0.0,1.0,0.0,1024.0,0.0,1.0,1.0,0.0,0.0,0.0,0.0,0.0,1.0,0.0,0.0,1.0,0.0,0.0,0.0,0.0,1.0,0.0,1.0,0.0,0.0,0.0,0.0,0.0,0.0,0.0,0.0,0.0,0.0,0.0,0.0,1.0,0.0
05/24/2023,32.0,31.0,1.0,17.0,0.0,0.0,5732.0,0.0,1.0,1.0,1.0,419.0,0.0,0.0,1.0,0.0,0.0,0.0,0.0,1.0,0.0,0.0,1.0,0.0,0.0,1.0,0.0,0.0,0.0,0.0,0.0,1.0,0.0,0.0,0.0,0.0,0.0,0.0,0.0,0.0,0.0,0.0,0.0,1.0,0.0
08/03/2023,52.0,73.0,1.0,18.0,0.0,0.0,5921.0,1.0,0.0,1.0,1.0,160.0,0.0,1.0,1.0,0.0,0.0,0.0,2.0,1.0,0.0,0.0,1.0,0.0,0.0,0.0,0.0,1.0,0.0,0.0,0.0,0.0,0.0,0.0,0.0,0.0,0.0,0.0,0.0,0.0,1.0,0.0,0.0,0.0,0.0
08/07/2023,71.0,61.0,1.0,16.0,0.0,0.0,5732.0,0.0,1.0,1.0,1.0,69.0,0.0,0.0,1.0,0.0,0.0,0.0,0.0,0.0,1.0,0.0,0.0,1.0,0.0,0.0,0.0,1.0,0.0,0.0,0.0,1.0,0.0,0.0,0.0,0.0,0.0,0.0,0.0,0.0,0.0,0.0,0.0,1.0,0.0
08/21/2023,23.0,72.0,1.0,17.0,0.0,0.0,5732.0,0.0,1.0,1.0,1.0,119.0,0.0,1.0,1.0,0.0,0.0,0.0,0.0,0.0,1.0,0.0,0.0,1.0,0.0,0.0,0.0,0.0,1.0,0.0,0.0,1.0,0.0,0.0,0.0,0.0,0.0,0.0,0.0,0.0,0.0,0.0,0.0,1.0,0.0
05/15/2023,28.0,144.0,1.0,18.0,0.0,0.0,5311.0,0.0,0.0,1.0,1.0,521.0,0.0,0.0,3.0,1.0,1.0,0.0,0.0,1.0,0.0,0.0,0.0,0.0,0.0,0.0,0.0,0.0,1.0,0.0,1.0,0.0,0.0,0.0,0.0,0.0,0.0,1.0,0.0,0.0,0.0,0.0,0.0,0.0,0.0
05/08/2023,66.0,72.0,1.0,16.0,0.0,0.0,7299.0,1.0,0.0,1.0,1.0,482.0,0.0,0.0,1.0,0.0,0.0,0.0,0.0,0.0,1.0,0.0,1.0,0.0,0.0,0.0,0.0,1.0,0.0,0.0,0.0,0.0,0.0,0.0,0.0,0.0,0.0,0.0,0.0,0.0,0.0,0.0,0.0,1.0,0.0
10/24/2023,29.0,67.0,1.0,17.0,0.0,0.0,5734.0,0.0,1.0,1.0,1.0,236.0,0.0,1.0,1.0,0.0,0.0,0.0,0.0,1.0,0.0,0.0,0.0,1.0,0.0,1.0,0.0,0.0,0.0,0.0,0.0,1.0,0.0,0.0,0.0,0.0,0.0,0.0,0.0,0.0,0.0,0.0,0.0,1.0,0.0
10/12/2023,66.0,90.0,2.0,17.0,0.0,0.0,5734.0,0.0,1.0,1.0,1.0,563.0,0.0,0.0,1.0,0.0,0.0,0.0,0.0,0.0,1.0,0.0,0.0,0.0,0.0,1.0,0.0,0.0,0.0,0.0,0.0,1.0,0.0,0.0,0.0,0.0,0.0,0.0,0.0,0.0,0.0,0.0,0.0,1.0,0.0
11/03/2023,79.0,120.0,1.0,18.0,0.0,0.0,5311.0,0.0,0.0,1.0,1.0,195.0,0.0,1.0,1.0,0.0,0.0,0.0,0.0,0.0,1.0,0.0,1.0,0.0,0.0,0.0,0.0,1.0,0.0,0.0,1.0,0.0,0.0,0.0,0.0,0.0,0.0,0.0,0.0,0.0,0.0,0.0,0.0,1.0,0.0
07/18/2023,61.0,79.0,1.0,18.0,0.0,0.0,5311.0,0.0,0.0,1.0,1.0,603.0,0.0,0.0,1.0,0.0,0.0,0.0,0.0,1.0,0.0,0.0,0.0,1.0,0.0,1.0,0.0,0.0,0.0,0.0,1.0,0.0,0.0,0.0,0.0,0.0,0.0,0.0,0.0,0.0,0.0,0.0,0.0,1.0,0.0
07/10/2023,22.0,234.0,1.0,16.0,0.0,0.0,5814.0,0.0,0.0,1.0,1.0,177.0,0.0,0.0,1.0,0.0,0.0,0.0,0.0,1.0,0.0,0.0,0.0,1.0,0.0,0.0,0.0,0.0,1.0,0.0,1.0,0.0,0.0,0.0,0.0,0.0,0.0,0.0,0.0,0.0,0.0,0.0,0.0,1.0,0.0
01/16/2023,21.0,18.0,1.0,16.0,0.0,0.0,7995.0,1.0,0.0,1.0,1.0,395.0,0.0,0.0,1.0,0.0,0.0,0.0,0.0,0.0,1.0,0.0,1.0,0.0,0.0,0.0,0.0,0.0,1.0,0.0,0.0,0.0,0.0,0.0,0.0,0.0,0.0,0.0,0.0,0.0,0.0,0.0,0.0,1.0,0.0
06/21/2023,29.0,221.0,4.0,16.0,0.0,0.0,4111.0,0.0,0.0,1.0,1.0,323.0,0.0,0.0,1.0,0.0,0.0,0.0,0.0,0.0,1.0,0.0,0.0,0.0,0.0,1.0,0.0,0.0,0.0,0.0,1.0,0.0,0.0,0.0,0.0,0.0,0.0,0.0,0.0,0.0,0.0,0.0,0.0,1.0,0.0
11/20/2023,59.0,14.0,1.0,17.0,0.0,0.0,6011.0,1.0,0.0,1.0,1.0,720.0,0.0,0.0,1.0,0.0,0.0,0.0,0.0,0.0,1.0,0.0,0.0,1.0,0.0,1.0,0.0,0.0,0.0,0.0,0.0,0.0,0.0,0.0,0.0,0.0,0.0,0.0,0.0,0.0,0.0,0.0,0.0,1.0,0.0
09/19/2023,25.0,243.0,1.0,17.0,0.0,0.0,5944.0,0.0,1.0,1.0,1.0,207.0,0.0,0.0,1.0,0.0,0.0,0.0,0.0,0.0,1.0,0.0,0.0,0.0,0.0,0.0,0.0,0.0,1.0,0.0,0.0,1.0,0.0,0.0,0.0,0.0,0.0,0.0,0.0,0.0,0.0,0.0,0.0,1.0,0.0
07/03/2023,58.0,144.0,1.0,17.0,0.0,0.0,6011.0,1.0,0.0,1.0,1.0,100.0,0.0,1.0,1.0,0.0,0.0,0.0,2.0,0.0,1.0,0.0,1.0,0.0,0.0,0.0,1.0,0.0,0.0,0.0,0.0,0.0,0.0,0.0,0.0,0.0,0.0,0.0,0.0,0.0,0.0,0.0,0.0,1.0,0.0
03/27/2023,78.0,103.0,1.0,18.0,0.0,0.0,5311.0,0.0,0.0,1.0,1.0,265.0,0.0,1.0,3.0,1.0,1.0,0.0,2.0,0.0,1.0,0.0,0.0,0.0,0.0,0.0,0.0,1.0,0.0,0.0,1.0,0.0,0.0,0.0,0.0,0.0,0.0,0.0,0.0,0.0,0.0,0.0,0.0,1.0,0.0
06/09/2023,29.0,69.0,1.0,16.0,0.0,0.0,6011.0,1.0,0.0,1.0,1.0,271.0,0.0,0.0,1.0,0.0,0.0,0.0,0.0,1.0,0.0,0.0,1.0,0.0,0.0,0.0,1.0,0.0,0.0,0.0,0.0,0.0,0.0,0.0,0.0,0.0,0.0,0.0,0.0,0.0,0.0,0.0,0.0,1.0,0.0
03/01/2023,55.0,238.0,1.0,16.0,0.0,0.0,5732.0,0.0,1.0,1.0,1.0,338.0,0.0,0.0,4.0,1.0,1.0,0.0,0.0,0.0,1.0,0.0,0.0,1.0,0.0,0.0,1.0,0.0,0.0,0.0,0.0,1.0,0.0,1.0,0.0,0.0,0.0,0.0,0.0,0.0,0.0,0.0,0.0,0.0,0.0
05/08/2023,23.0,141.0,1.0,16.0,0.0,0.0,4829.0,1.0,0.0,1.0,1.0,207.0,0.0,0.0,1.0,0.0,0.0,0.0,0.0,1.0,0.0,0.0,1.0,0.0,0.0,0.0,0.0,0.0,1.0,0.0,0.0,0.0,0.0,0.0,0.0,0.0,0.0,0.0,0.0,0.0,0.0,0.0,0.0,1.0,0.0
02/06/2023,39.0,170.0,1.0,16.0,0.0,0.0,5812.0,0.0,0.0,1.0,1.0,317.0,0.0,0.0,1.0,0.0,0.0,0.0,0.0,0.0,1.0,0.0,1.0,0.0,0.0,0.0,1.0,0.0,0.0,0.0,1.0,0.0,0.0,0.0,0.0,0.0,0.0,0.0,0.0,0.0,0.0,0.0,0.0,1.0,0.0
12/21/2023,65.0,283.0,1.0,17.0,0.0,0.0,6011.0,1.0,0.0,1.0,1.0,306.0,0.0,0.0,1.0,0.0,0.0,0.0,0.0,0.0,1.0,0.0,0.0,0.0,0.0,1.0,0.0,0.0,0.0,0.0,0.0,0.0,0.0,0.0,0.0,0.0,0.0,0.0,0.0,0.0,0.0,0.0,0.0,1.0,0.0
03/15/2023,51.0,174.0,1.0,17.0,0.0,0.0,5814.0,0.0,0.0,1.0,1.0,145.0,0.0,0.0,1.0,0.0,0.0,0.0,0.0,0.0,1.0,0.0,1.0,0.0,0.0,1.0,0.0,0.0,0.0,0.0,1.0,0.0,0.0,0.0,0.0,0.0,0.0,0.0,0.0,0.0,0.0,0.0,0.0,1.0,0.0
10/16/2023,55.0,37.0,2.0,16.0,0.0,0.0,7299.0,1.0,0.0,1.0,1.0,427.0,0.0,1.0,1.0,0.0,0.0,0.0,2.0,1.0,0.0,0.0,0.0,0.0,0.0,0.0,1.0,0.0,0.0,0.0,0.0,0.0,0.0,0.0,0.0,0.0,0.0,0.0,0.0,0.0,0.0,0.0,0.0,1.0,0.0
03/20/2023,80.0,229.0,1.0,17.0,0.0,0.0,7299.0,1.0,0.0,1.0,1.0,546.0,0.0,1.0,1.0,0.0,0.0,0.0,2.0,0.0,1.0,0.0,0.0,0.0,0.0,0.0,0.0,1.0,0.0,0.0,0.0,0.0,0.0,0.0,0.0,0.0,0.0,0.0,0.0,0.0,0.0,0.0,0.0,1.0,0.0
12/28/2023,37.0,51.0,1.0,17.0,0.0,0.0,5921.0,1.0,0.0,1.0,1.0,272.0,0.0,1.0,1.0,0.0,0.0,1.0,2.0,0.0,1.0,0.0,0.0,0.0,0.0,0.0,1.0,0.0,0.0,0.0,0.0,0.0,0.0,0.0,0.0,0.0,0.0,0.0,0.0,0.0,0.0,0.0,0.0,1.0,0.0
11/20/2023,26.0,123.0,1.0,16.0,0.0,0.0,5732.0,0.0,1.0,1.0,1.0,280.0,0.0,1.0,3.0,1.0,1.0,0.0,2.0,0.0,1.0,0.0,0.0,0.0,0.0,0.0,0.0,0.0,1.0,0.0,0.0,1.0,0.0,0.0,0.0,0.0,0.0,0.0,0.0,0.0,0.0,0.0,0.0,1.0,0.0
11/20/2023,68.0,198.0,1.0,16.0,0.0,0.0,5944.0,0.0,1.0,1.0,1.0,90.0,0.0,1.0,1.0,0.0,0.0,0.0,0.0,0.0,1.0,0.0,0.0,0.0,0.0,0.0,0.0,1.0,0.0,0.0,0.0,1.0,0.0,0.0,0.0,0.0,0.0,0.0,0.0,0.0,0.0,0.0,0.0,1.0,0.0
07/27/2023,45.0,17.0,1.0,17.0,0.0,0.0,4111.0,0.0,0.0,1.0,1.0,551.0,0.0,0.0,1.0,0.0,0.0,1.0,0.0,0.0,1.0,0.0,0.0,0.0,0.0,0.0,1.0,0.0,0.0,0.0,1.0,0.0,0.0,0.0,0.0,0.0,0.0,0.0,0.0,0.0,0.0,0.0,0.0,1.0,0.0
07/31/2023,29.0,275.0,4.0,16.0,0.0,0.0,5734.0,0.0,1.0,1.0,1.0,282.0,0.0,0.0,1.0,0.0,0.0,0.0,0.0,1.0,0.0,0.0,1.0,0.0,0.0,0.0,1.0,0.0,0.0,0.0,0.0,1.0,0.0,0.0,0.0,0.0,0.0,0.0,0.0,0.0,0.0,0.0,0.0,1.0,0.0
02/27/2023,32.0,31.0,1.0,16.0,0.0,0.0,5311.0,0.0,0.0,1.0,1.0,284.0,0.0,0.0,4.0,1.0,1.0,1.0,0.0,0.0,1.0,0.0,1.0,0.0,0.0,0.0,1.0,0.0,0.0,0.0,1.0,0.0,0.0,0.0,0.0,0.0,0.0,0.0,0.0,0.0,0.0,0.0,0.0,1.0,0.0
05/22/2023,39.0,167.0,1.0,17.0,0.0,0.0,4111.0,0.0,0.0,1.0,1.0,603.0,0.0,0.0,1.0,0.0,0.0,0.0,0.0,0.0,1.0,0.0,1.0,0.0,0.0,0.0,1.0,0.0,0.0,0.0,1.0,0.0,0.0,0.0,0.0,0.0,0.0,0.0,0.0,0.0,0.0,0.0,0.0,1.0,0.0
06/26/2023,60.0,133.0,1.0,18.0,0.0,0.0,5734.0,0.0,1.0,1.0,1.0,171.0,0.0,0.0,1.0,0.0,0.0,0.0,0.0,0.0,1.0,0.0,1.0,0.0,0.0,1.0,0.0,0.0,0.0,0.0,0.0,1.0,0.0,0.0,0.0,0.0,0.0,0.0,0.0,0.0,0.0,0.0,0.0,1.0,0.0
08/25/2023,56.0,96.0,1.0,18.0,0.0,0.0,5311.0,0.0,0.0,1.0,1.0,94.0,0.0,0.0,1.0,0.0,0.0,0.0,0.0,0.0,1.0,0.0,1.0,0.0,0.0,0.0,0.0,1.0,0.0,0.0,1.0,0.0,0.0,0.0,0.0,0.0,0.0,0.0,0.0,0.0,0.0,0.0,0.0,1.0,0.0
05/22/2023,69.0,148.0,1.0,17.0,0.0,0.0,5921.0,1.0,0.0,1.0,1.0,151.0,0.0,0.0,1.0,0.0,0.0,0.0,0.0,0.0,1.0,0.0,1.0,0.0,0.0,0.0,0.0,1.0,0.0,0.0,0.0,0.0,0.0,0.0,0.0,0.0,0.0,0.0,0.0,0.0,0.0,0.0,0.0,1.0,0.0
08/10/2023,60.0,180.0,1.0,16.0,0.0,0.0,5734.0,0.0,1.0,1.0,1.0,667.0,0.0,1.0,1.0,0.0,0.0,0.0,0.0,0.0,1.0,0.0,0.0,0.0,0.0,0.0,1.0,0.0,0.0,0.0,0.0,1.0,0.0,0.0,0.0,0.0,0.0,0.0,0.0,0.0,0.0,0.0,0.0,1.0,0.0
03/10/2023,72.0,82.0,1.0,17.0,0.0,0.0,7995.0,1.0,0.0,1.0,1.0,138.0,0.0,0.0,2.0,0.0,1.0,1.0,3.0,0.0,1.0,0.0,0.0,1.0,0.0,0.0,0.0,1.0,0.0,0.0,0.0,0.0,0.0,0.0,0.0,0.0,0.0,0.0,0.0,0.0,0.0,0.0,0.0,1.0,0.0
12/06/2023,41.0,151.0,1.0,17.0,0.0,0.0,5411.0,0.0,0.0,1.0,1.0,486.0,0.0,0.0,1.0,0.0,0.0,0.0,0.0,0.0,1.0,0.0,1.0,0.0,0.0,0.0,1.0,0.0,0.0,0.0,1.0,0.0,0.0,0.0,0.0,0.0,0.0,0.0,0.0,0.0,0.0,0.0,0.0,1.0,0.0
11/17/2023,23.0,254.0,1.0,17.0,0.0,0.0,6011.0,1.0,0.0,1.0,1.0,196.0,0.0,0.0,1.0,0.0,0.0,0.0,0.0,1.0,0.0,0.0,1.0,0.0,0.0,0.0,0.0,0.0,1.0,0.0,0.0,0.0,0.0,0.0,0.0,0.0,0.0,0.0,0.0,0.0,1.0,0.0,0.0,0.0,0.0
10/06/2023,57.0,92.0,1.0,16.0,0.0,0.0,4121.0,0.0,0.0,0.0,1.0,433.0,0.0,1.0,1.0,0.0,0.0,0.0,0.0,0.0,1.0,0.0,0.0,0.0,0.0,0.0,0.0,1.0,0.0,0.0,1.0,0.0,0.0,0.0,0.0,0.0,0.0,0.0,0.0,0.0,0.0,0.0,0.0,1.0,0.0
03/14/2023,33.0,53.0,1.0,16.0,0.0,0.0,5734.0,0.0,1.0,1.0,1.0,124.0,0.0,0.0,2.0,0.0,1.0,0.0,0.0,0.0,1.0,0.0,0.0,0.0,0.0,1.0,0.0,0.0,0.0,0.0,0.0,1.0,0.0,0.0,0.0,0.0,0.0,0.0,0.0,0.0,0.0,0.0,0.0,1.0,0.0
07/06/2023,22.0,140.0,1.0,18.0,0.0,0.0,6011.0,1.0,0.0,1.0,1.0,469.0,0.0,1.0,1.0,0.0,0.0,0.0,2.0,0.0,1.0,0.0,0.0,1.0,0.0,0.0,0.0,0.0,1.0,0.0,0.0,0.0,0.0,0.0,0.0,0.0,0.0,0.0,0.0,0.0,0.0,0.0,0.0,1.0,0.0
02/10/2023,40.0,104.0,1.0,16.0,0.0,0.0,7995.0,1.0,0.0,1.0,1.0,234.0,0.0,0.0,1.0,0.0,0.0,0.0,0.0,0.0,1.0,0.0,0.0,1.0,0.0,0.0,1.0,0.0,0.0,0.0,0.0,0.0,0.0,0.0,0.0,0.0,0.0,0.0,0.0,0.0,0.0,0.0,0.0,1.0,0.0
09/13/2023,38.0,260.0,1.0,16.0,0.0,0.0,5921.0,1.0,0.0,1.0,1.0,176.0,0.0,1.0,1.0,0.0,0.0,0.0,2.0,0.0,1.0,0.0,0.0,0.0,0.0,1.0,0.0,0.0,0.0,0.0,0.0,0.0,0.0,0.0,0.0,0.0,0.0,0.0,0.0,0.0,0.0,0.0,0.0,1.0,0.0
02/10/2023,29.0,106.0,1.0,18.0,0.0,0.0,6011.0,1.0,0.0,1.0,1.0,872.0,0.0,0.0,1.0,0.0,0.0,0.0,2.0,0.0,1.0,0.0,0.0,0.0,0.0,0.0,1.0,0.0,0.0,0.0,0.0,0.0,0.0,0.0,0.0,0.0,0.0,0.0,0.0,0.0,0.0,0.0,0.0,1.0,0.0
04/24/2023,24.0,13.0,1.0,16.0,0.0,0.0,5411.0,0.0,0.0,1.0,1.0,412.0,0.0,0.0,1.0,0.0,0.0,0.0,0.0,0.0,1.0,0.0,0.0,1.0,0.0,0.0,0.0,0.0,1.0,0.0,1.0,0.0,0.0,0.0,0.0,0.0,0.0,0.0,0.0,0.0,0.0,0.0,0.0,1.0,0.0
06/19/2023,26.0,23.0,1.0,17.0,0.0,0.0,5921.0,1.0,0.0,1.0,1.0,378.0,0.0,0.0,1.0,0.0,0.0,0.0,0.0,0.0,1.0,0.0,0.0,0.0,0.0,0.0,0.0,0.0,1.0,0.0,0.0,0.0,0.0,0.0,0.0,0.0,1.0,0.0,0.0,0.0,0.0,0.0,0.0,0.0,0.0
05/15/2023,48.0,127.0,1.0,16.0,0.0,0.0,5734.0,0.0,1.0,1.0,1.0,193.0,0.0,0.0,1.0,0.0,0.0,0.0,0.0,1.0,0.0,0.0,0.0,1.0,0.0,1.0,0.0,0.0,0.0,0.0,0.0,1.0,0.0,0.0,0.0,0.0,0.0,0.0,0.0,0.0,0.0,0.0,0.0,1.0,0.0
09/05/2023,23.0,15.0,1.0,16.0,0.0,0.0,4111.0,0.0,0.0,1.0,1.0,254.0,0.0,0.0,1.0,0.0,0.0,0.0,0.0,0.0,1.0,0.0,1.0,0.0,0.0,0.0,0.0,0.0,1.0,0.0,1.0,0.0,0.0,0.0,0.0,0.0,0.0,0.0,0.0,0.0,0.0,0.0,0.0,1.0,0.0
08/14/2023,65.0,128.0,1.0,16.0,0.0,0.0,5734.0,0.0,1.0,1.0,1.0,276.0,0.0,0.0,1.0,0.0,0.0,0.0,0.0,0.0,1.0,0.0,0.0,0.0,0.0,1.0,0.0,0.0,0.0,0.0,0.0,1.0,0.0,0.0,0.0,0.0,0.0,0.0,0.0,0.0,0.0,0.0,0.0,1.0,0.0
10/30/2023,32.0,217.0,1.0,17.0,0.0,0.0,5812.0,0.0,0.0,1.0,1.0,56.0,1.0,1.0,1.0,0.0,0.0,0.0,0.0,0.0,1.0,0.0,1.0,0.0,0.0,0.0,1.0,0.0,0.0,0.0,1.0,0.0,0.0,0.0,0.0,0.0,0.0,0.0,0.0,0.0,0.0,0.0,0.0,1.0,0.0
06/13/2023,37.0,274.0,5.0,17.0,0.0,0.0,5814.0,0.0,0.0,1.0,1.0,303.0,0.0,0.0,3.0,1.0,1.0,0.0,0.0,1.0,0.0,0.0,0.0,1.0,0.0,1.0,0.0,0.0,0.0,0.0,1.0,0.0,0.0,0.0,0.0,0.0,0.0,0.0,0.0,0.0,0.0,0.0,0.0,1.0,0.0
05/22/2023,45.0,60.0,1.0,16.0,0.0,0.0,5814.0,0.0,0.0,1.0,1.0,658.0,0.0,0.0,1.0,0.0,0.0,0.0,0.0,0.0,1.0,0.0,0.0,0.0,0.0,0.0,1.0,0.0,0.0,0.0,1.0,0.0,0.0,0.0,0.0,0.0,0.0,0.0,0.0,0.0,0.0,0.0,0.0,1.0,0.0
09/11/2023,43.0,101.0,1.0,16.0,0.0,0.0,5944.0,0.0,1.0,1.0,1.0,449.0,0.0,1.0,1.0,0.0,0.0,1.0,2.0,1.0,0.0,0.0,1.0,0.0,0.0,1.0,0.0,0.0,0.0,0.0,0.0,1.0,0.0,0.0,0.0,0.0,0.0,0.0,0.0,0.0,0.0,0.0,0.0,1.0,0.0
03/02/2023,21.0,96.0,1.0,16.0,0.0,0.0,5944.0,0.0,1.0,1.0,1.0,285.0,0.0,0.0,1.0,0.0,0.0,0.0,0.0,0.0,1.0,0.0,0.0,1.0,0.0,0.0,0.0,0.0,1.0,0.0,0.0,1.0,0.0,0.0,0.0,0.0,0.0,0.0,0.0,0.0,0.0,0.0,0.0,1.0,0.0
12/18/2023,54.0,165.0,1.0,18.0,0.0,0.0,5812.0,0.0,0.0,1.0,1.0,603.0,0.0,1.0,1.0,0.0,0.0,0.0,0.0,0.0,1.0,0.0,1.0,0.0,0.0,0.0,1.0,0.0,0.0,0.0,1.0,0.0,0.0,0.0,0.0,0.0,0.0,0.0,0.0,0.0,0.0,0.0,0.0,1.0,0.0
10/12/2023,55.0,115.0,1.0,17.0,0.0,0.0,5732.0,0.0,1.0,1.0,1.0,1387.0,0.0,0.0,1.0,0.0,0.0,0.0,0.0,0.0,1.0,0.0,1.0,0.0,0.0,1.0,0.0,0.0,0.0,0.0,0.0,1.0,0.0,0.0,0.0,0.0,0.0,0.0,0.0,0.0,0.0,0.0,0.0,1.0,0.0
03/08/2023,64.0,55.0,1.0,17.0,0.0,0.0,5411.0,0.0,0.0,1.0,1.0,191.0,0.0,0.0,1.0,0.0,0.0,0.0,0.0,0.0,1.0,0.0,0.0,0.0,0.0,0.0,0.0,1.0,0.0,0.0,1.0,0.0,0.0,0.0,0.0,0.0,0.0,0.0,0.0,0.0,0.0,0.0,0.0,1.0,0.0
01/16/2023,42.0,37.0,1.0,17.0,0.0,0.0,5734.0,0.0,1.0,1.0,1.0,285.0,0.0,0.0,1.0,0.0,0.0,0.0,0.0,1.0,0.0,0.0,1.0,0.0,0.0,1.0,0.0,0.0,0.0,0.0,0.0,1.0,0.0,0.0,0.0,0.0,0.0,0.0,0.0,0.0,0.0,0.0,0.0,1.0,0.0
12/05/2023,19.0,32.0,1.0,17.0,0.0,0.0,5734.0,0.0,1.0,1.0,1.0,191.0,0.0,0.0,1.0,0.0,0.0,0.0,0.0,0.0,1.0,0.0,1.0,0.0,0.0,0.0,0.0,0.0,1.0,0.0,0.0,1.0,0.0,0.0,0.0,0.0,0.0,0.0,0.0,0.0,0.0,0.0,0.0,1.0,0.0
11/06/2023,18.0,105.0,1.0,17.0,0.0,0.0,5732.0,0.0,1.0,1.0,1.0,872.0,0.0,1.0,3.0,1.0,1.0,0.0,0.0,1.0,0.0,0.0,0.0,1.0,0.0,0.0,0.0,0.0,1.0,0.0,0.0,1.0,0.0,0.0,0.0,0.0,0.0,0.0,0.0,0.0,0.0,0.0,0.0,1.0,0.0
01/02/2023,24.0,107.0,1.0,18.0,0.0,0.0,5411.0,0.0,0.0,1.0,1.0,324.0,0.0,0.0,1.0,0.0,0.0,0.0,0.0,1.0,0.0,0.0,1.0,0.0,0.0,0.0,0.0,0.0,1.0,0.0,1.0,0.0,0.0,0.0,0.0,0.0,0.0,0.0,0.0,0.0,0.0,0.0,0.0,1.0,0.0
04/11/2023,70.0,81.0,1.0,16.0,0.0,0.0,5734.0,0.0,1.0,1.0,1.0,128.0,0.0,0.0,5.0,1.0,1.0,1.0,0.0,0.0,1.0,0.0,0.0,0.0,0.0,1.0,0.0,0.0,0.0,0.0,0.0,1.0,0.0,0.0,0.0,0.0,0.0,0.0,0.0,0.0,0.0,0.0,0.0,1.0,0.0
07/17/2023,57.0,78.0,1.0,17.0,0.0,0.0,5734.0,0.0,1.0,1.0,1.0,606.0,0.0,0.0,1.0,0.0,0.0,0.0,0.0,0.0,1.0,0.0,0.0,0.0,0.0,0.0,1.0,0.0,0.0,0.0,0.0,1.0,0.0,0.0,0.0,0.0,0.0,0.0,0.0,0.0,0.0,0.0,0.0,1.0,0.0
04/25/2023,19.0,179.0,1.0,17.0,0.0,0.0,7995.0,1.0,0.0,1.0,1.0,176.0,0.0,0.0,1.0,0.0,0.0,0.0,0.0,0.0,1.0,0.0,0.0,1.0,0.0,0.0,0.0,0.0,1.0,0.0,0.0,0.0,0.0,0.0,0.0,0.0,0.0,0.0,0.0,0.0,0.0,0.0,0.0,1.0,0.0
10/02/2023,68.0,18.0,1.0,16.0,0.0,0.0,7995.0,1.0,0.0,1.0,1.0,303.0,0.0,0.0,1.0,0.0,0.0,0.0,0.0,0.0,1.0,0.0,0.0,1.0,0.0,0.0,0.0,1.0,0.0,0.0,0.0,0.0,0.0,0.0,0.0,0.0,0.0,0.0,0.0,0.0,0.0,0.0,0.0,1.0,0.0
02/20/2023,29.0,51.0,1.0,16.0,0.0,0.0,5732.0,0.0,1.0,1.0,1.0,289.0,0.0,0.0,1.0,0.0,0.0,0.0,0.0,0.0,1.0,0.0,1.0,0.0,0.0,1.0,0.0,0.0,0.0,0.0,0.0,1.0,0.0,0.0,0.0,0.0,0.0,0.0,0.0,0.0,0.0,0.0,0.0,1.0,0.0
05/26/2023,28.0,197.0,1.0,17.0,0.0,0.0,6011.0,1.0,0.0,1.0,1.0,285.0,0.0,1.0,1.0,0.0,0.0,0.0,2.0,0.0,1.0,0.0,0.0,1.0,0.0,0.0,0.0,0.0,1.0,0.0,0.0,0.0,0.0,0.0,0.0,0.0,0.0,0.0,0.0,0.0,0.0,0.0,0.0,1.0,0.0
10/16/2023,23.0,136.0,1.0,17.0,0.0,0.0,5311.0,0.0,0.0,1.0,1.0,95.0,0.0,0.0,1.0,0.0,0.0,0.0,0.0,0.0,1.0,0.0,1.0,0.0,0.0,0.0,0.0,0.0,1.0,0.0,1.0,0.0,0.0,0.0,0.0,0.0,0.0,0.0,0.0,0.0,0.0,0.0,0.0,1.0,0.0
02/21/2023,19.0,52.0,1.0,16.0,0.0,0.0,6011.0,1.0,0.0,1.0,1.0,59.0,1.0,0.0,1.0,0.0,0.0,0.0,0.0,0.0,1.0,0.0,0.0,0.0,0.0,0.0,0.0,0.0,1.0,0.0,0.0,0.0,0.0,0.0,0.0,0.0,0.0,0.0,0.0,0.0,0.0,0.0,0.0,1.0,0.0
12/11/2023,62.0,27.0,1.0,16.0,0.0,0.0,5311.0,0.0,0.0,1.0,1.0,612.0,0.0,0.0,2.0,0.0,1.0,0.0,0.0,0.0,1.0,0.0,0.0,0.0,0.0,0.0,0.0,1.0,0.0,0.0,1.0,0.0,0.0,0.0,0.0,0.0,0.0,0.0,0.0,0.0,0.0,0.0,0.0,1.0,0.0
10/09/2023,53.0,87.0,1.0,18.0,0.0,0.0,4111.0,0.0,0.0,1.0,1.0,548.0,0.0,0.0,1.0,0.0,0.0,0.0,0.0,0.0,1.0,0.0,0.0,0.0,0.0,0.0,0.0,1.0,0.0,0.0,1.0,0.0,0.0,0.0,0.0,0.0,0.0,0.0,0.0,0.0,0.0,0.0,0.0,1.0,0.0
03/23/2023,46.0,199.0,1.0,16.0,0.0,0.0,5814.0,0.0,0.0,1.0,1.0,957.0,0.0,0.0,2.0,0.0,1.0,1.0,0.0,1.0,0.0,0.0,0.0,1.0,0.0,0.0,1.0,0.0,0.0,0.0,1.0,0.0,0.0,0.0,0.0,0.0,0.0,0.0,0.0,0.0,0.0,1.0,0.0,0.0,0.0
07/17/2023,27.0,96.0,1.0,16.0,0.0,0.0,5814.0,0.0,0.0,1.0,1.0,526.0,0.0,1.0,5.0,1.0,1.0,1.0,2.0,0.0,1.0,0.0,0.0,0.0,0.0,0.0,0.0,0.0,1.0,0.0,1.0,0.0,0.0,0.0,0.0,0.0,0.0,0.0,0.0,0.0,0.0,0.0,0.0,1.0,0.0
04/25/2023,20.0,170.0,1.0,16.0,0.0,0.0,4829.0,1.0,0.0,1.0,1.0,265.0,0.0,0.0,1.0,0.0,0.0,0.0,0.0,0.0,1.0,0.0,0.0,0.0,0.0,0.0,0.0,0.0,1.0,0.0,0.0,0.0,0.0,0.0,0.0,0.0,0.0,0.0,0.0,0.0,0.0,0.0,0.0,1.0,0.0
04/21/2023,73.0,129.0,1.0,16.0,0.0,0.0,7995.0,1.0,0.0,1.0,1.0,241.0,0.0,0.0,1.0,0.0,0.0,0.0,0.0,1.0,0.0,0.0,1.0,0.0,0.0,0.0,0.0,1.0,0.0,0.0,0.0,0.0,0.0,0.0,0.0,0.0,0.0,0.0,0.0,0.0,0.0,0.0,0.0,1.0,0.0
10/04/2023,74.0,90.0,1.0,17.0,0.0,0.0,7995.0,1.0,0.0,1.0,1.0,253.0,0.0,0.0,1.0,0.0,0.0,0.0,0.0,0.0,1.0,0.0,1.0,0.0,0.0,0.0,0.0,1.0,0.0,0.0,0.0,0.0,0.0,0.0,0.0,0.0,0.0,0.0,0.0,0.0,0.0,0.0,0.0,1.0,0.0
10/16/2023,28.0,31.0,1.0,17.0,0.0,0.0,5944.0,0.0,1.0,1.0,1.0,546.0,0.0,1.0,1.0,0.0,0.0,0.0,0.0,0.0,1.0,0.0,1.0,0.0,0.0,0.0,0.0,0.0,1.0,0.0,0.0,1.0,0.0,0.0,0.0,0.0,0.0,0.0,0.0,0.0,0.0,0.0,0.0,1.0,0.0
11/27/2023,24.0,201.0,1.0,16.0,0.0,0.0,7299.0,1.0,0.0,1.0,1.0,295.0,0.0,1.0,1.0,0.0,0.0,0.0,2.0,0.0,1.0,0.0,0.0,0.0,0.0,0.0,0.0,0.0,1.0,0.0,0.0,0.0,0.0,0.0,0.0,0.0,0.0,0.0,0.0,0.0,0.0,0.0,0.0,1.0,0.0
03/30/2023,27.0,18.0,1.0,16.0,0.0,0.0,7995.0,1.0,0.0,1.0,1.0,146.0,0.0,0.0,1.0,0.0,0.0,0.0,0.0,0.0,1.0,0.0,0.0,0.0,0.0,0.0,0.0,0.0,1.0,0.0,0.0,0.0,0.0,0.0,0.0,0.0,0.0,0.0,0.0,0.0,0.0,0.0,0.0,1.0,0.0
05/22/2023,74.0,95.0,1.0,18.0,0.0,0.0,5732.0,0.0,1.0,1.0,1.0,763.0,0.0,0.0,1.0,0.0,0.0,0.0,0.0,0.0,1.0,0.0,0.0,0.0,0.0,0.0,0.0,1.0,0.0,0.0,0.0,1.0,0.0,0.0,0.0,0.0,0.0,0.0,0.0,0.0,0.0,0.0,0.0,1.0,0.0
12/01/2023,66.0,115.0,1.0,17.0,0.0,0.0,4121.0,0.0,0.0,1.0,1.0,427.0,0.0,1.0,1.0,0.0,0.0,0.0,0.0,1.0,0.0,0.0,1.0,0.0,0.0,1.0,0.0,0.0,0.0,0.0,1.0,0.0,0.0,0.0,0.0,0.0,0.0,0.0,0.0,0.0,0.0,0.0,0.0,1.0,0.0
12/22/2023,29.0,37.0,1.0,16.0,0.0,0.0,5732.0,0.0,1.0,1.0,1.0,233.0,0.0,0.0,1.0,0.0,0.0,0.0,0.0,0.0,1.0,0.0,0.0,0.0,0.0,0.0,1.0,0.0,0.0,0.0,0.0,1.0,0.0,0.0,0.0,0.0,0.0,0.0,0.0,0.0,0.0,0.0,0.0,1.0,0.0
03/29/2023,40.0,220.0,1.0,18.0,0.0,0.0,5944.0,0.0,1.0,1.0,1.0,128.0,0.0,0.0,1.0,0.0,0.0,0.0,0.0,1.0,0.0,0.0,0.0,1.0,0.0,1.0,0.0,0.0,0.0,0.0,0.0,1.0,0.0,0.0,0.0,0.0,0.0,0.0,0.0,0.0,0.0,0.0,0.0,1.0,0.0
12/11/2023,23.0,25.0,1.0,16.0,0.0,0.0,4111.0,0.0,0.0,1.0,1.0,199.0,0.0,1.0,1.0,0.0,0.0,0.0,2.0,0.0,1.0,0.0,0.0,0.0,0.0,0.0,0.0,0.0,1.0,0.0,1.0,0.0,0.0,0.0,0.0,0.0,0.0,0.0,0.0,0.0,0.0,0.0,0.0,1.0,0.0
11/23/2023,59.0,36.0,1.0,18.0,0.0,0.0,5812.0,0.0,0.0,1.0,1.0,446.0,0.0,1.0,1.0,0.0,0.0,0.0,0.0,0.0,1.0,0.0,0.0,0.0,0.0,0.0,0.0,1.0,0.0,0.0,1.0,0.0,0.0,0.0,0.0,0.0,0.0,0.0,0.0,0.0,0.0,0.0,0.0,1.0,0.0
09/18/2023,28.0,169.0,1.0,16.0,0.0,0.0,5812.0,0.0,0.0,1.0,1.0,663.0,0.0,1.0,1.0,0.0,0.0,0.0,0.0,1.0,0.0,0.0,0.0,0.0,0.0,0.0,1.0,0.0,0.0,0.0,1.0,0.0,0.0,0.0,0.0,0.0,0.0,0.0,0.0,0.0,0.0,0.0,0.0,1.0,0.0
11/24/2023,36.0,166.0,1.0,16.0,0.0,0.0,5944.0,0.0,1.0,1.0,1.0,97.0,0.0,0.0,1.0,0.0,0.0,0.0,0.0,0.0,1.0,0.0,1.0,0.0,0.0,1.0,0.0,0.0,0.0,0.0,0.0,1.0,0.0,0.0,0.0,0.0,0.0,0.0,0.0,0.0,0.0,0.0,0.0,1.0,0.0
03/21/2023,51.0,86.0,1.0,16.0,0.0,0.0,4111.0,0.0,0.0,1.0,1.0,189.0,0.0,0.0,1.0,0.0,0.0,0.0,0.0,1.0,0.0,0.0,1.0,0.0,0.0,0.0,1.0,0.0,0.0,0.0,1.0,0.0,0.0,0.0,1.0,0.0,0.0,0.0,0.0,0.0,0.0,0.0,0.0,0.0,0.0
05/23/2023,35.0,180.0,1.0,16.0,0.0,0.0,6011.0,1.0,0.0,1.0,1.0,367.0,0.0,0.0,1.0,0.0,0.0,0.0,0.0,0.0,1.0,0.0,0.0,1.0,0.0,1.0,0.0,0.0,0.0,0.0,0.0,0.0,0.0,0.0,0.0,0.0,0.0,0.0,0.0,0.0,0.0,0.0,0.0,1.0,0.0
10/09/2023,67.0,73.0,1.0,16.0,0.0,0.0,5732.0,0.0,1.0,1.0,1.0,231.0,0.0,0.0,1.0,0.0,0.0,0.0,0.0,0.0,1.0,0.0,0.0,1.0,0.0,0.0,0.0,1.0,0.0,0.0,0.0,1.0,0.0,0.0,0.0,0.0,0.0,0.0,0.0,0.0,0.0,0.0,0.0,1.0,0.0
01/09/2023,19.0,36.0,1.0,16.0,0.0,0.0,5734.0,0.0,1.0,1.0,1.0,148.0,0.0,0.0,1.0,0.0,0.0,0.0,0.0,0.0,1.0,0.0,0.0,0.0,0.0,0.0,0.0,0.0,1.0,0.0,0.0,1.0,0.0,0.0,0.0,0.0,0.0,0.0,0.0,0.0,0.0,0.0,0.0,1.0,0.0
08/28/2023,47.0,155.0,1.0,16.0,0.0,0.0,5734.0,0.0,1.0,1.0,1.0,504.0,0.0,0.0,1.0,0.0,0.0,0.0,0.0,0.0,1.0,0.0,0.0,0.0,0.0,0.0,1.0,0.0,0.0,0.0,0.0,1.0,0.0,0.0,0.0,0.0,0.0,0.0,0.0,0.0,0.0,0.0,0.0,1.0,0.0
10/18/2023,25.0,62.0,1.0,18.0,0.0,0.0,5944.0,0.0,1.0,1.0,1.0,478.0,0.0,0.0,1.0,0.0,0.0,0.0,0.0,1.0,0.0,0.0,0.0,1.0,0.0,0.0,0.0,0.0,1.0,0.0,0.0,1.0,0.0,0.0,0.0,0.0,0.0,0.0,0.0,0.0,0.0,0.0,0.0,1.0,0.0
05/01/2023,43.0,98.0,1.0,17.0,0.0,0.0,5411.0,0.0,0.0,1.0,1.0,378.0,0.0,0.0,1.0,0.0,0.0,0.0,0.0,0.0,1.0,0.0,1.0,0.0,0.0,0.0,1.0,0.0,0.0,0.0,1.0,0.0,0.0,0.0,0.0,0.0,0.0,0.0,0.0,0.0,0.0,0.0,0.0,1.0,0.0
06/08/2023,27.0,219.0,1.0,16.0,0.0,0.0,6011.0,1.0,0.0,1.0,1.0,196.0,0.0,0.0,1.0,0.0,0.0,0.0,0.0,1.0,0.0,0.0,0.0,1.0,0.0,0.0,0.0,0.0,1.0,0.0,0.0,0.0,0.0,0.0,0.0,0.0,0.0,0.0,0.0,0.0,0.0,0.0,0.0,1.0,0.0
06/30/2023,61.0,64.0,1.0,16.0,0.0,0.0,5812.0,0.0,0.0,1.0,1.0,563.0,0.0,1.0,1.0,0.0,0.0,0.0,0.0,1.0,0.0,0.0,0.0,1.0,0.0,0.0,0.0,1.0,0.0,0.0,1.0,0.0,0.0,0.0,0.0,0.0,0.0,0.0,0.0,0.0,0.0,0.0,0.0,1.0,0.0
05/22/2023,57.0,165.0,1.0,16.0,0.0,0.0,5814.0,0.0,0.0,1.0,1.0,139.0,0.0,0.0,1.0,0.0,0.0,0.0,0.0,0.0,1.0,0.0,0.0,1.0,0.0,1.0,0.0,0.0,0.0,0.0,1.0,0.0,0.0,0.0,0.0,0.0,0.0,0.0,0.0,0.0,0.0,0.0,0.0,1.0,0.0
12/08/2023,51.0,165.0,1.0,16.0,0.0,0.0,5734.0,0.0,1.0,1.0,1.0,96.0,0.0,0.0,1.0,0.0,0.0,0.0,0.0,0.0,1.0,0.0,1.0,0.0,0.0,0.0,0.0,1.0,0.0,0.0,0.0,1.0,0.0,0.0,0.0,0.0,0.0,0.0,0.0,0.0,0.0,0.0,0.0,1.0,0.0
01/10/2023,23.0,187.0,1.0,16.0,0.0,0.0,7299.0,1.0,0.0,1.0,1.0,823.0,0.0,0.0,1.0,0.0,0.0,0.0,0.0,0.0,1.0,0.0,0.0,1.0,0.0,0.0,0.0,0.0,1.0,0.0,0.0,0.0,0.0,0.0,1.0,0.0,0.0,0.0,0.0,0.0,0.0,0.0,0.0,0.0,0.0
08/02/2023,56.0,27.0,1.0,16.0,0.0,0.0,4121.0,0.0,0.0,1.0,1.0,777.0,0.0,0.0,1.0,0.0,0.0,0.0,0.0,0.0,1.0,0.0,1.0,0.0,0.0,1.0,0.0,0.0,0.0,0.0,1.0,0.0,0.0,0.0,0.0,0.0,0.0,0.0,0.0,0.0,0.0,0.0,0.0,1.0,0.0
01/16/2023,69.0,166.0,1.0,16.0,0.0,0.0,4121.0,0.0,0.0,1.0,1.0,241.0,0.0,0.0,1.0,0.0,0.0,0.0,0.0,0.0,1.0,0.0,1.0,0.0,0.0,0.0,0.0,1.0,0.0,0.0,1.0,0.0,0.0,0.0,0.0,0.0,0.0,0.0,0.0,0.0,0.0,0.0,0.0,1.0,0.0
01/05/2023,28.0,284.0,1.0,17.0,0.0,0.0,5999.0,1.0,0.0,1.0,1.0,331.0,0.0,0.0,1.0,0.0,0.0,0.0,0.0,0.0,1.0,0.0,0.0,1.0,0.0,0.0,0.0,0.0,1.0,0.0,0.0,0.0,0.0,0.0,0.0,0.0,0.0,0.0,0.0,0.0,0.0,0.0,0.0,1.0,0.0
05/29/2023,69.0,156.0,1.0,17.0,0.0,0.0,5814.0,0.0,0.0,1.0,1.0,625.0,0.0,1.0,1.0,0.0,0.0,0.0,0.0,0.0,1.0,0.0,1.0,0.0,0.0,1.0,0.0,0.0,0.0,0.0,1.0,0.0,0.0,0.0,0.0,0.0,0.0,0.0,0.0,0.0,0.0,0.0,0.0,1.0,0.0
01/30/2023,64.0,162.0,1.0,17.0,0.0,0.0,5732.0,0.0,1.0,1.0,1.0,235.0,0.0,0.0,1.0,0.0,0.0,0.0,0.0,1.0,0.0,0.0,1.0,0.0,0.0,0.0,0.0,1.0,0.0,0.0,0.0,1.0,0.0,0.0,0.0,0.0,0.0,0.0,0.0,0.0,0.0,0.0,0.0,1.0,0.0
11/20/2023,35.0,293.0,1.0,16.0,0.0,0.0,5732.0,0.0,1.0,1.0,1.0,266.0,0.0,1.0,1.0,0.0,0.0,0.0,0.0,1.0,0.0,0.0,1.0,0.0,0.0,0.0,1.0,0.0,0.0,0.0,0.0,1.0,0.0,0.0,0.0,0.0,0.0,0.0,0.0,0.0,0.0,0.0,1.0,0.0,0.0
06/19/2023,28.0,175.0,1.0,16.0,0.0,0.0,5814.0,0.0,0.0,1.0,1.0,375.0,0.0,1.0,1.0,0.0,0.0,0.0,0.0,0.0,1.0,0.0,1.0,0.0,0.0,0.0,0.0,0.0,1.0,0.0,1.0,0.0,0.0,0.0,0.0,0.0,0.0,0.0,0.0,0.0,0.0,0.0,0.0,1.0,0.0
03/06/2023,23.0,139.0,1.0,16.0,0.0,0.0,5734.0,0.0,1.0,1.0,1.0,348.0,0.0,0.0,1.0,0.0,0.0,0.0,0.0,0.0,1.0,0.0,0.0,0.0,0.0,0.0,0.0,0.0,1.0,0.0,0.0,1.0,0.0,0.0,0.0,0.0,0.0,0.0,0.0,0.0,0.0,0.0,0.0,1.0,0.0
12/07/2023,70.0,63.0,1.0,18.0,0.0,0.0,4121.0,0.0,0.0,1.0,1.0,658.0,0.0,1.0,1.0,0.0,0.0,0.0,2.0,1.0,0.0,0.0,1.0,0.0,0.0,0.0,0.0,1.0,0.0,0.0,1.0,0.0,0.0,0.0,0.0,0.0,0.0,0.0,0.0,0.0,0.0,0.0,0.0,1.0,0.0
09/07/2023,31.0,156.0,1.0,16.0,0.0,0.0,4121.0,0.0,0.0,1.0,1.0,304.0,0.0,0.0,1.0,0.0,0.0,0.0,0.0,0.0,1.0,0.0,0.0,0.0,0.0,0.0,1.0,0.0,0.0,0.0,1.0,0.0,0.0,0.0,0.0,0.0,0.0,0.0,0.0,0.0,0.0,0.0,0.0,1.0,0.0
12/21/2023,19.0,145.0,1.0,17.0,0.0,0.0,4111.0,0.0,0.0,1.0,1.0,306.0,0.0,1.0,1.0,0.0,0.0,0.0,0.0,0.0,1.0,0.0,0.0,1.0,0.0,0.0,0.0,0.0,1.0,0.0,1.0,0.0,0.0,0.0,0.0,0.0,0.0,0.0,0.0,0.0,0.0,1.0,0.0,0.0,0.0
02/06/2023,54.0,92.0,1.0,17.0,0.0,0.0,5732.0,0.0,1.0,1.0,1.0,1024.0,0.0,0.0,2.0,0.0,1.0,0.0,0.0,0.0,1.0,0.0,0.0,1.0,0.0,0.0,0.0,1.0,0.0,0.0,0.0,1.0,0.0,0.0,0.0,0.0,0.0,0.0,0.0,0.0,0.0,0.0,0.0,1.0,0.0
10/16/2023,73.0,90.0,1.0,16.0,0.0,0.0,5734.0,0.0,1.0,1.0,1.0,211.0,0.0,0.0,2.0,0.0,1.0,0.0,0.0,0.0,1.0,0.0,0.0,0.0,0.0,0.0,0.0,1.0,0.0,0.0,0.0,1.0,0.0,0.0,0.0,0.0,0.0,0.0,0.0,0.0,0.0,0.0,0.0,1.0,0.0
07/10/2023,19.0,56.0,1.0,18.0,0.0,0.0,5732.0,0.0,1.0,1.0,1.0,198.0,0.0,1.0,1.0,0.0,0.0,1.0,2.0,0.0,1.0,0.0,0.0,1.0,0.0,0.0,0.0,0.0,1.0,0.0,0.0,1.0,0.0,0.0,0.0,0.0,0.0,0.0,0.0,0.0,0.0,0.0,0.0,1.0,0.0
01/17/2023,27.0,36.0,1.0,17.0,0.0,0.0,5921.0,1.0,0.0,1.0,1.0,102.0,0.0,0.0,1.0,0.0,0.0,0.0,0.0,0.0,1.0,0.0,0.0,1.0,0.0,0.0,0.0,0.0,1.0,0.0,0.0,0.0,0.0,0.0,0.0,0.0,0.0,0.0,0.0,0.0,0.0,0.0,0.0,1.0,0.0
05/22/2023,26.0,120.0,1.0,16.0,0.0,0.0,5732.0,0.0,1.0,1.0,1.0,768.0,0.0,0.0,2.0,0.0,1.0,0.0,0.0,0.0,1.0,0.0,1.0,0.0,0.0,0.0,1.0,0.0,0.0,0.0,0.0,1.0,0.0,0.0,0.0,0.0,0.0,0.0,0.0,0.0,0.0,0.0,0.0,1.0,0.0
12/25/2023,26.0,120.0,1.0,16.0,0.0,0.0,4829.0,1.0,0.0,1.0,1.0,310.0,0.0,0.0,1.0,0.0,0.0,0.0,0.0,0.0,1.0,0.0,0.0,0.0,0.0,0.0,0.0,0.0,1.0,0.0,0.0,0.0,0.0,0.0,0.0,0.0,0.0,0.0,0.0,0.0,0.0,0.0,1.0,0.0,0.0
08/23/2023,22.0,42.0,1.0,16.0,0.0,0.0,4829.0,1.0,0.0,1.0,1.0,311.0,0.0,0.0,1.0,0.0,0.0,0.0,0.0,0.0,1.0,0.0,0.0,0.0,0.0,0.0,0.0,0.0,1.0,0.0,0.0,0.0,0.0,0.0,0.0,0.0,0.0,0.0,0.0,0.0,0.0,0.0,0.0,1.0,0.0
02/08/2023,28.0,149.0,1.0,16.0,0.0,0.0,5999.0,1.0,0.0,1.0,1.0,426.0,0.0,0.0,1.0,0.0,0.0,0.0,0.0,1.0,0.0,0.0,1.0,0.0,0.0,0.0,1.0,0.0,0.0,0.0,0.0,0.0,0.0,0.0,0.0,0.0,0.0,0.0,0.0,0.0,0.0,0.0,0.0,1.0,0.0
04/10/2023,33.0,51.0,1.0,16.0,0.0,0.0,5944.0,0.0,1.0,1.0,1.0,119.0,0.0,1.0,1.0,0.0,0.0,0.0,0.0,0.0,1.0,0.0,1.0,0.0,0.0,0.0,1.0,0.0,0.0,0.0,0.0,1.0,0.0,0.0,0.0,0.0,0.0,0.0,0.0,0.0,0.0,0.0,0.0,1.0,0.0
11/15/2023,42.0,289.0,1.0,16.0,0.0,0.0,5732.0,0.0,1.0,1.0,1.0,139.0,0.0,1.0,1.0,0.0,0.0,1.0,2.0,1.0,0.0,0.0,1.0,0.0,0.0,1.0,0.0,0.0,0.0,0.0,0.0,1.0,0.0,0.0,0.0,0.0,0.0,0.0,1.0,0.0,0.0,0.0,0.0,0.0,0.0
11/08/2023,37.0,16.0,1.0,17.0,0.0,0.0,4111.0,0.0,0.0,1.0,1.0,154.0,0.0,0.0,1.0,0.0,0.0,0.0,0.0,0.0,1.0,0.0,0.0,1.0,0.0,1.0,0.0,0.0,0.0,0.0,1.0,0.0,0.0,0.0,0.0,0.0,0.0,0.0,0.0,0.0,0.0,0.0,0.0,1.0,0.0
04/25/2023,19.0,71.0,1.0,16.0,0.0,0.0,5944.0,0.0,1.0,1.0,1.0,128.0,0.0,0.0,3.0,1.0,1.0,0.0,0.0,0.0,1.0,0.0,0.0,1.0,0.0,0.0,0.0,0.0,1.0,0.0,0.0,1.0,0.0,0.0,0.0,0.0,0.0,0.0,0.0,0.0,0.0,0.0,0.0,1.0,0.0
12/11/2023,63.0,97.0,1.0,16.0,0.0,0.0,5944.0,0.0,1.0,1.0,1.0,381.0,0.0,0.0,1.0,0.0,0.0,1.0,0.0,0.0,1.0,0.0,0.0,1.0,0.0,0.0,0.0,1.0,0.0,0.0,0.0,1.0,0.0,0.0,0.0,0.0,0.0,0.0,0.0,0.0,0.0,0.0,0.0,1.0,0.0
03/08/2023,55.0,150.0,1.0,16.0,0.0,0.0,5411.0,0.0,0.0,1.0,1.0,56.0,1.0,0.0,1.0,0.0,0.0,0.0,0.0,1.0,0.0,0.0,1.0,0.0,0.0,1.0,0.0,0.0,0.0,0.0,1.0,0.0,0.0,0.0,0.0,0.0,0.0,0.0,0.0,0.0,0.0,0.0,0.0,1.0,0.0
05/05/2023,33.0,73.0,1.0,17.0,0.0,0.0,4829.0,1.0,0.0,1.0,1.0,100.0,0.0,0.0,1.0,0.0,0.0,0.0,0.0,0.0,1.0,0.0,0.0,1.0,0.0,0.0,1.0,0.0,0.0,0.0,0.0,0.0,0.0,0.0,0.0,0.0,0.0,0.0,0.0,0.0,0.0,0.0,0.0,1.0,0.0
07/24/2023,79.0,228.0,1.0,16.0,0.0,0.0,4121.0,0.0,0.0,1.0,1.0,365.0,0.0,0.0,1.0,0.0,0.0,0.0,0.0,0.0,1.0,0.0,0.0,1.0,0.0,0.0,0.0,1.0,0.0,0.0,1.0,0.0,0.0,0.0,0.0,0.0,0.0,0.0,0.0,0.0,0.0,0.0,0.0,1.0,0.0
12/15/2023,55.0,67.0,1.0,16.0,0.0,0.0,5812.0,0.0,0.0,1.0,1.0,303.0,0.0,1.0,1.0,0.0,0.0,0.0,0.0,0.0,1.0,0.0,1.0,0.0,0.0,0.0,1.0,0.0,0.0,0.0,1.0,0.0,0.0,0.0,0.0,0.0,0.0,0.0,0.0,0.0,0.0,0.0,0.0,1.0,0.0
02/14/2023,75.0,268.0,1.0,16.0,0.0,0.0,6011.0,1.0,0.0,1.0,1.0,563.0,0.0,0.0,1.0,0.0,0.0,0.0,0.0,0.0,1.0,0.0,1.0,0.0,0.0,0.0,0.0,1.0,0.0,0.0,0.0,0.0,0.0,0.0,0.0,0.0,0.0,0.0,0.0,0.0,0.0,0.0,0.0,1.0,0.0
02/10/2023,19.0,105.0,1.0,16.0,0.0,0.0,5812.0,0.0,0.0,1.0,1.0,282.0,0.0,0.0,1.0,0.0,0.0,0.0,0.0,0.0,1.0,0.0,1.0,0.0,0.0,0.0,0.0,0.0,1.0,0.0,1.0,0.0,0.0,0.0,0.0,0.0,0.0,0.0,0.0,0.0,0.0,0.0,0.0,1.0,0.0
01/09/2023,36.0,273.0,1.0,17.0,0.0,0.0,5732.0,0.0,1.0,1.0,1.0,88.0,0.0,0.0,1.0,0.0,0.0,0.0,0.0,0.0,1.0,0.0,0.0,0.0,0.0,0.0,1.0,0.0,0.0,0.0,0.0,1.0,0.0,0.0,0.0,0.0,0.0,0.0,0.0,0.0,0.0,0.0,0.0,1.0,0.0
10/09/2023,20.0,160.0,1.0,16.0,0.0,0.0,5411.0,0.0,0.0,1.0,1.0,708.0,0.0,0.0,1.0,0.0,0.0,0.0,0.0,0.0,1.0,0.0,0.0,1.0,0.0,0.0,0.0,0.0,1.0,0.0,1.0,0.0,0.0,0.0,0.0,0.0,0.0,0.0,0.0,0.0,0.0,0.0,0.0,1.0,0.0
10/02/2023,59.0,103.0,1.0,16.0,0.0,0.0,5921.0,1.0,0.0,1.0,1.0,38.0,1.0,1.0,1.0,0.0,0.0,0.0,2.0,1.0,0.0,0.0,1.0,0.0,0.0,0.0,1.0,0.0,0.0,0.0,0.0,0.0,0.0,0.0,0.0,0.0,0.0,0.0,0.0,0.0,0.0,0.0,0.0,1.0,0.0
02/17/2023,54.0,214.0,1.0,18.0,0.0,0.0,5411.0,0.0,0.0,1.0,1.0,241.0,0.0,0.0,1.0,0.0,0.0,0.0,0.0,0.0,1.0,0.0,0.0,0.0,0.0,1.0,0.0,0.0,0.0,0.0,1.0,0.0,0.0,0.0,0.0,0.0,0.0,0.0,0.0,0.0,0.0,0.0,0.0,1.0,0.0
12/25/2023,67.0,50.0,1.0,17.0,0.0,0.0,5732.0,0.0,1.0,1.0,1.0,427.0,0.0,0.0,5.0,1.0,1.0,0.0,1.0,0.0,1.0,0.0,0.0,1.0,0.0,0.0,0.0,1.0,0.0,0.0,0.0,1.0,0.0,0.0,0.0,0.0,0.0,0.0,0.0,0.0,1.0,0.0,0.0,0.0,0.0
09/20/2023,49.0,120.0,1.0,17.0,0.0,0.0,5311.0,0.0,0.0,1.0,1.0,189.0,0.0,0.0,4.0,1.0,1.0,0.0,0.0,0.0,1.0,0.0,0.0,0.0,0.0,0.0,1.0,0.0,0.0,0.0,1.0,0.0,0.0,0.0,0.0,0.0,0.0,0.0,0.0,0.0,0.0,0.0,0.0,1.0,0.0
01/17/2023,24.0,133.0,1.0,16.0,0.0,0.0,5814.0,0.0,0.0,1.0,1.0,333.0,0.0,0.0,1.0,0.0,0.0,0.0,0.0,0.0,1.0,0.0,0.0,0.0,0.0,0.0,0.0,0.0,1.0,0.0,1.0,0.0,0.0,0.0,0.0,0.0,0.0,0.0,0.0,0.0,0.0,0.0,0.0,1.0,0.0
11/20/2023,68.0,213.0,1.0,16.0,0.0,0.0,4121.0,0.0,0.0,1.0,1.0,438.0,0.0,0.0,1.0,0.0,0.0,0.0,0.0,0.0,1.0,0.0,1.0,0.0,0.0,0.0,0.0,1.0,0.0,0.0,1.0,0.0,0.0,0.0,0.0,0.0,0.0,0.0,0.0,0.0,0.0,0.0,0.0,1.0,0.0
08/02/2023,31.0,36.0,1.0,17.0,0.0,0.0,7995.0,1.0,0.0,1.0,1.0,113.0,0.0,1.0,1.0,0.0,0.0,0.0,2.0,0.0,1.0,0.0,1.0,0.0,0.0,0.0,1.0,0.0,0.0,0.0,0.0,0.0,0.0,0.0,0.0,0.0,0.0,0.0,0.0,0.0,0.0,0.0,0.0,1.0,0.0
08/04/2023,45.0,87.0,1.0,18.0,0.0,0.0,5734.0,0.0,1.0,1.0,1.0,367.0,0.0,1.0,2.0,0.0,1.0,0.0,0.0,0.0,1.0,0.0,0.0,1.0,0.0,0.0,1.0,0.0,0.0,0.0,0.0,1.0,0.0,0.0,0.0,0.0,0.0,0.0,0.0,0.0,0.0,0.0,0.0,1.0,0.0
09/13/2023,18.0,88.0,1.0,16.0,0.0,0.0,5734.0,0.0,1.0,1.0,1.0,272.0,0.0,0.0,3.0,1.0,1.0,0.0,0.0,0.0,1.0,0.0,0.0,0.0,0.0,0.0,0.0,0.0,1.0,0.0,0.0,1.0,0.0,0.0,0.0,0.0,0.0,0.0,0.0,0.0,0.0,0.0,0.0,1.0,0.0
12/04/2023,63.0,53.0,1.0,17.0,0.0,0.0,7995.0,1.0,0.0,1.0,1.0,290.0,0.0,1.0,1.0,0.0,0.0,0.0,2.0,1.0,0.0,0.0,1.0,0.0,0.0,0.0,0.0,1.0,0.0,0.0,0.0,0.0,0.0,0.0,0.0,0.0,0.0,0.0,0.0,0.0,0.0,0.0,0.0,1.0,0.0
01/16/2023,63.0,137.0,1.0,18.0,0.0,0.0,5732.0,0.0,1.0,1.0,1.0,424.0,0.0,0.0,1.0,0.0,0.0,0.0,0.0,1.0,0.0,0.0,0.0,0.0,0.0,0.0,0.0,1.0,0.0,0.0,0.0,1.0,0.0,0.0,0.0,0.0,0.0,0.0,0.0,0.0,0.0,0.0,0.0,1.0,0.0
01/09/2023,40.0,167.0,1.0,17.0,0.0,0.0,5411.0,0.0,0.0,1.0,1.0,315.0,0.0,0.0,1.0,0.0,0.0,0.0,0.0,0.0,1.0,0.0,1.0,0.0,0.0,0.0,1.0,0.0,0.0,0.0,1.0,0.0,0.0,0.0,0.0,0.0,0.0,0.0,0.0,0.0,0.0,0.0,0.0,1.0,0.0
12/05/2023,28.0,244.0,1.0,16.0,0.0,0.0,5311.0,0.0,0.0,1.0,1.0,83.0,0.0,1.0,1.0,0.0,0.0,1.0,2.0,0.0,1.0,0.0,0.0,1.0,0.0,0.0,0.0,0.0,1.0,0.0,1.0,0.0,0.0,0.0,0.0,0.0,0.0,0.0,0.0,0.0,0.0,0.0,0.0,1.0,0.0
06/19/2023,33.0,110.0,1.0,16.0,0.0,0.0,5732.0,0.0,1.0,1.0,1.0,205.0,0.0,1.0,3.0,1.0,1.0,0.0,0.0,0.0,1.0,0.0,0.0,1.0,0.0,1.0,0.0,0.0,0.0,0.0,0.0,1.0,0.0,0.0,0.0,0.0,0.0,0.0,0.0,0.0,0.0,0.0,0.0,1.0,0.0
12/19/2023,67.0,60.0,1.0,17.0,0.0,0.0,5734.0,0.0,1.0,1.0,1.0,462.0,0.0,1.0,1.0,0.0,0.0,0.0,0.0,0.0,1.0,0.0,0.0,0.0,0.0,1.0,0.0,0.0,0.0,0.0,0.0,1.0,0.0,0.0,0.0,0.0,0.0,0.0,0.0,0.0,0.0,0.0,0.0,1.0,0.0
09/18/2023,63.0,146.0,1.0,17.0,0.0,0.0,4111.0,0.0,0.0,1.0,1.0,227.0,0.0,1.0,1.0,0.0,0.0,0.0,0.0,1.0,0.0,0.0,0.0,1.0,0.0,1.0,0.0,0.0,0.0,0.0,1.0,0.0,0.0,0.0,0.0,0.0,0.0,0.0,0.0,0.0,0.0,0.0,0.0,1.0,0.0
05/16/2023,25.0,123.0,1.0,16.0,0.0,0.0,6011.0,1.0,0.0,1.0,1.0,602.0,0.0,0.0,2.0,0.0,1.0,0.0,0.0,1.0,0.0,0.0,0.0,1.0,0.0,0.0,0.0,0.0,1.0,0.0,0.0,0.0,0.0,0.0,0.0,0.0,0.0,0.0,0.0,0.0,0.0,0.0,0.0,1.0,0.0
06/12/2023,43.0,129.0,1.0,18.0,0.0,0.0,6011.0,1.0,0.0,1.0,1.0,428.0,0.0,0.0,1.0,0.0,0.0,0.0,0.0,0.0,1.0,0.0,0.0,1.0,0.0,1.0,0.0,0.0,0.0,0.0,0.0,0.0,0.0,0.0,0.0,0.0,0.0,0.0,0.0,0.0,0.0,0.0,0.0,1.0,0.0
08/10/2023,46.0,118.0,1.0,16.0,0.0,0.0,5944.0,0.0,1.0,1.0,1.0,161.0,0.0,0.0,3.0,1.0,1.0,0.0,0.0,1.0,0.0,0.0,1.0,0.0,0.0,0.0,1.0,0.0,0.0,0.0,0.0,1.0,0.0,0.0,0.0,0.0,0.0,0.0,0.0,0.0,0.0,0.0,0.0,1.0,0.0
01/04/2023,59.0,157.0,1.0,16.0,0.0,0.0,5732.0,0.0,1.0,1.0,1.0,114.0,0.0,0.0,1.0,0.0,0.0,0.0,0.0,0.0,1.0,0.0,1.0,0.0,0.0,0.0,0.0,1.0,0.0,0.0,0.0,1.0,0.0,0.0,0.0,0.0,0.0,0.0,0.0,0.0,0.0,0.0,0.0,1.0,0.0
10/16/2023,22.0,211.0,1.0,18.0,0.0,0.0,5734.0,0.0,1.0,1.0,1.0,367.0,0.0,1.0,1.0,0.0,0.0,0.0,0.0,0.0,1.0,0.0,0.0,0.0,0.0,0.0,0.0,0.0,1.0,0.0,0.0,1.0,0.0,0.0,0.0,0.0,0.0,0.0,0.0,0.0,0.0,0.0,0.0,1.0,0.0
09/05/2023,52.0,140.0,1.0,17.0,0.0,0.0,5734.0,0.0,1.0,1.0,1.0,144.0,0.0,0.0,1.0,0.0,0.0,0.0,0.0,0.0,1.0,0.0,0.0,0.0,0.0,0.0,0.0,1.0,0.0,0.0,0.0,1.0,0.0,0.0,0.0,0.0,0.0,0.0,0.0,0.0,0.0,0.0,0.0,1.0,0.0
02/02/2023,24.0,77.0,5.0,16.0,0.0,0.0,5732.0,0.0,1.0,1.0,1.0,248.0,0.0,0.0,4.0,1.0,1.0,0.0,1.0,0.0,1.0,0.0,0.0,1.0,0.0,0.0,0.0,0.0,1.0,0.0,0.0,1.0,0.0,0.0,0.0,0.0,0.0,0.0,0.0,0.0,0.0,0.0,0.0,1.0,0.0
04/03/2023,54.0,53.0,1.0,16.0,0.0,0.0,5732.0,0.0,1.0,1.0,1.0,160.0,0.0,0.0,1.0,0.0,0.0,0.0,0.0,0.0,1.0,0.0,0.0,0.0,0.0,0.0,1.0,0.0,0.0,0.0,0.0,1.0,0.0,0.0,0.0,0.0,0.0,0.0,0.0,0.0,0.0,0.0,0.0,1.0,0.0
05/31/2023,25.0,131.0,1.0,16.0,0.0,0.0,5311.0,0.0,0.0,1.0,1.0,202.0,0.0,0.0,1.0,0.0,0.0,0.0,0.0,0.0,1.0,0.0,0.0,0.0,0.0,0.0,0.0,0.0,1.0,0.0,1.0,0.0,0.0,0.0,0.0,0.0,0.0,0.0,0.0,0.0,0.0,0.0,0.0,1.0,0.0
07/04/2023,62.0,55.0,1.0,18.0,0.0,0.0,4829.0,1.0,0.0,1.0,1.0,468.0,0.0,0.0,1.0,0.0,0.0,0.0,0.0,0.0,1.0,0.0,0.0,0.0,0.0,0.0,0.0,1.0,0.0,0.0,0.0,0.0,0.0,0.0,0.0,0.0,0.0,0.0,0.0,0.0,0.0,0.0,0.0,1.0,0.0
08/21/2023,66.0,56.0,1.0,16.0,0.0,0.0,7299.0,1.0,0.0,1.0,1.0,271.0,0.0,1.0,1.0,0.0,0.0,0.0,2.0,0.0,1.0,0.0,0.0,1.0,0.0,0.0,0.0,1.0,0.0,0.0,0.0,0.0,0.0,0.0,0.0,0.0,0.0,0.0,0.0,0.0,0.0,0.0,0.0,1.0,0.0
05/08/2023,33.0,27.0,1.0,16.0,0.0,0.0,6011.0,1.0,0.0,1.0,1.0,196.0,0.0,0.0,1.0,0.0,0.0,1.0,2.0,0.0,1.0,0.0,0.0,1.0,0.0,1.0,0.0,0.0,0.0,0.0,0.0,0.0,0.0,0.0,0.0,0.0,0.0,0.0,0.0,0.0,0.0,0.0,0.0,1.0,0.0
08/01/2023,65.0,174.0,1.0,16.0,0.0,0.0,7299.0,1.0,0.0,1.0,1.0,360.0,0.0,1.0,1.0,0.0,0.0,0.0,2.0,0.0,1.0,0.0,0.0,1.0,0.0,1.0,0.0,0.0,0.0,0.0,0.0,0.0,0.0,0.0,0.0,0.0,0.0,0.0,0.0,0.0,0.0,0.0,0.0,1.0,0.0
07/14/2023,30.0,172.0,1.0,16.0,0.0,0.0,4121.0,0.0,0.0,1.0,1.0,1080.0,0.0,0.0,1.0,0.0,0.0,0.0,0.0,0.0,1.0,0.0,0.0,0.0,0.0,0.0,1.0,0.0,0.0,0.0,1.0,0.0,0.0,0.0,0.0,0.0,0.0,0.0,0.0,0.0,0.0,0.0,0.0,1.0,0.0
08/11/2023,27.0,121.0,1.0,17.0,0.0,0.0,5732.0,0.0,1.0,1.0,1.0,476.0,0.0,0.0,1.0,0.0,0.0,0.0,0.0,0.0,1.0,0.0,0.0,0.0,0.0,0.0,0.0,0.0,1.0,0.0,0.0,1.0,0.0,0.0,0.0,0.0,0.0,0.0,0.0,0.0,0.0,0.0,0.0,1.0,0.0
12/06/2023,72.0,88.0,1.0,16.0,0.0,0.0,7299.0,1.0,0.0,1.0,1.0,167.0,0.0,1.0,1.0,0.0,0.0,0.0,2.0,0.0,1.0,0.0,0.0,0.0,0.0,0.0,0.0,1.0,0.0,0.0,0.0,0.0,0.0,0.0,0.0,0.0,0.0,0.0,0.0,0.0,0.0,0.0,0.0,1.0,0.0
09/14/2023,60.0,34.0,1.0,16.0,0.0,0.0,4111.0,0.0,0.0,1.0,1.0,959.0,0.0,1.0,1.0,0.0,0.0,0.0,2.0,1.0,0.0,0.0,0.0,1.0,0.0,0.0,0.0,1.0,0.0,0.0,1.0,0.0,0.0,0.0,0.0,0.0,0.0,0.0,0.0,0.0,0.0,0.0,0.0,1.0,0.0
12/28/2023,64.0,69.0,1.0,16.0,0.0,0.0,5944.0,0.0,1.0,1.0,1.0,113.0,0.0,1.0,1.0,0.0,0.0,0.0,0.0,0.0,1.0,0.0,1.0,0.0,0.0,1.0,0.0,0.0,0.0,0.0,0.0,1.0,0.0,0.0,0.0,0.0,0.0,0.0,0.0,0.0,0.0,0.0,0.0,1.0,0.0
02/06/2023,63.0,80.0,1.0,18.0,0.0,0.0,4111.0,0.0,0.0,1.0,1.0,505.0,0.0,0.0,1.0,0.0,0.0,0.0,0.0,0.0,1.0,0.0,0.0,1.0,0.0,1.0,0.0,0.0,0.0,0.0,1.0,0.0,0.0,0.0,0.0,0.0,0.0,0.0,0.0,0.0,0.0,0.0,0.0,1.0,0.0
01/19/2023,63.0,129.0,1.0,16.0,0.0,0.0,5734.0,0.0,1.0,1.0,1.0,324.0,0.0,0.0,1.0,0.0,0.0,0.0,0.0,0.0,1.0,0.0,1.0,0.0,0.0,0.0,0.0,1.0,0.0,0.0,0.0,1.0,0.0,0.0,0.0,0.0,0.0,0.0,0.0,0.0,0.0,0.0,0.0,1.0,0.0
02/08/2023,25.0,61.0,1.0,18.0,0.0,0.0,5999.0,1.0,0.0,1.0,1.0,196.0,0.0,0.0,1.0,0.0,0.0,0.0,0.0,1.0,0.0,0.0,0.0,1.0,0.0,0.0,0.0,0.0,1.0,0.0,0.0,0.0,0.0,0.0,0.0,0.0,0.0,0.0,0.0,0.0,0.0,0.0,0.0,1.0,0.0
01/30/2023,68.0,265.0,1.0,17.0,0.0,0.0,5732.0,0.0,1.0,1.0,1.0,190.0,0.0,0.0,1.0,0.0,0.0,0.0,0.0,0.0,1.0,0.0,1.0,0.0,0.0,0.0,0.0,1.0,0.0,0.0,0.0,1.0,0.0,0.0,0.0,0.0,0.0,0.0,0.0,0.0,0.0,0.0,0.0,1.0,0.0
01/30/2023,59.0,109.0,1.0,16.0,0.0,0.0,4829.0,1.0,0.0,1.0,1.0,207.0,0.0,0.0,1.0,0.0,0.0,0.0,0.0,0.0,1.0,0.0,0.0,0.0,0.0,0.0,1.0,0.0,0.0,0.0,0.0,0.0,0.0,0.0,0.0,0.0,0.0,0.0,0.0,0.0,0.0,0.0,0.0,1.0,0.0
07/24/2023,24.0,86.0,1.0,17.0,0.0,0.0,5734.0,0.0,1.0,1.0,1.0,612.0,0.0,0.0,1.0,0.0,0.0,0.0,0.0,0.0,1.0,0.0,0.0,0.0,0.0,0.0,0.0,0.0,1.0,0.0,0.0,1.0,0.0,0.0,0.0,0.0,0.0,0.0,0.0,0.0,0.0,0.0,0.0,1.0,0.0
05/24/2023,42.0,172.0,1.0,18.0,0.0,0.0,5734.0,0.0,1.0,1.0,1.0,213.0,0.0,0.0,2.0,0.0,1.0,0.0,0.0,0.0,1.0,0.0,1.0,0.0,0.0,0.0,1.0,0.0,0.0,0.0,0.0,1.0,0.0,0.0,0.0,0.0,0.0,0.0,0.0,0.0,0.0,0.0,0.0,1.0,0.0
11/30/2023,79.0,165.0,1.0,17.0,0.0,0.0,7299.0,1.0,0.0,1.0,1.0,641.0,0.0,1.0,1.0,0.0,0.0,0.0,2.0,0.0,1.0,0.0,0.0,1.0,0.0,0.0,0.0,1.0,0.0,0.0,0.0,0.0,0.0,0.0,0.0,0.0,0.0,0.0,0.0,0.0,0.0,0.0,0.0,1.0,0.0
11/20/2023,47.0,273.0,1.0,17.0,0.0,0.0,5812.0,0.0,0.0,1.0,1.0,352.0,0.0,1.0,2.0,0.0,1.0,0.0,0.0,0.0,1.0,0.0,0.0,1.0,0.0,0.0,1.0,0.0,0.0,0.0,1.0,0.0,0.0,0.0,0.0,0.0,0.0,0.0,0.0,0.0,0.0,0.0,0.0,1.0,0.0
11/13/2023,76.0,105.0,1.0,16.0,0.0,0.0,5411.0,0.0,0.0,1.0,1.0,253.0,0.0,1.0,1.0,0.0,0.0,0.0,0.0,0.0,1.0,0.0,1.0,0.0,0.0,0.0,0.0,1.0,0.0,0.0,1.0,0.0,0.0,0.0,0.0,0.0,0.0,0.0,0.0,0.0,0.0,0.0,0.0,1.0,0.0
09/14/2023,57.0,136.0,1.0,16.0,0.0,0.0,4829.0,1.0,0.0,1.0,1.0,628.0,0.0,1.0,1.0,0.0,0.0,0.0,2.0,0.0,1.0,0.0,1.0,0.0,0.0,0.0,0.0,1.0,0.0,0.0,0.0,0.0,0.0,0.0,0.0,0.0,0.0,0.0,0.0,0.0,0.0,0.0,0.0,1.0,0.0
02/28/2023,19.0,30.0,1.0,16.0,0.0,0.0,5411.0,0.0,0.0,1.0,1.0,674.0,0.0,0.0,1.0,0.0,0.0,1.0,0.0,1.0,0.0,0.0,0.0,1.0,0.0,0.0,0.0,0.0,1.0,0.0,1.0,0.0,0.0,0.0,0.0,0.0,0.0,1.0,0.0,0.0,0.0,0.0,0.0,0.0,0.0
08/01/2023,34.0,58.0,1.0,17.0,0.0,0.0,5411.0,0.0,0.0,1.0,1.0,658.0,0.0,1.0,1.0,0.0,0.0,0.0,0.0,0.0,1.0,0.0,1.0,0.0,0.0,0.0,1.0,0.0,0.0,0.0,1.0,0.0,0.0,0.0,0.0,0.0,0.0,0.0,0.0,0.0,0.0,0.0,0.0,1.0,0.0
05/22/2023,61.0,149.0,1.0,17.0,0.0,0.0,5411.0,0.0,0.0,1.0,1.0,469.0,0.0,0.0,2.0,0.0,1.0,0.0,0.0,1.0,0.0,0.0,1.0,0.0,0.0,1.0,0.0,0.0,0.0,0.0,1.0,0.0,0.0,0.0,0.0,0.0,0.0,0.0,0.0,0.0,0.0,1.0,0.0,0.0,0.0
12/29/2023,30.0,54.0,1.0,16.0,0.0,0.0,5734.0,0.0,1.0,1.0,1.0,770.0,0.0,1.0,1.0,0.0,0.0,0.0,0.0,0.0,1.0,0.0,1.0,0.0,0.0,0.0,1.0,0.0,0.0,0.0,0.0,1.0,0.0,0.0,0.0,0.0,0.0,0.0,0.0,0.0,0.0,0.0,0.0,1.0,0.0
04/24/2023,67.0,58.0,1.0,16.0,0.0,0.0,4111.0,0.0,0.0,1.0,1.0,340.0,0.0,0.0,1.0,0.0,0.0,0.0,0.0,0.0,1.0,0.0,0.0,0.0,0.0,0.0,0.0,1.0,0.0,0.0,1.0,0.0,0.0,0.0,0.0,0.0,0.0,0.0,0.0,0.0,0.0,0.0,0.0,1.0,0.0
11/14/2023,77.0,106.0,1.0,18.0,0.0,0.0,5812.0,0.0,0.0,1.0,1.0,262.0,0.0,1.0,1.0,0.0,0.0,0.0,0.0,0.0,1.0,0.0,0.0,0.0,0.0,0.0,0.0,1.0,0.0,0.0,1.0,0.0,0.0,0.0,0.0,1.0,0.0,0.0,0.0,0.0,0.0,0.0,0.0,0.0,0.0
03/27/2023,21.0,135.0,1.0,18.0,0.0,0.0,5732.0,0.0,1.0,1.0,1.0,47.0,1.0,0.0,1.0,0.0,0.0,0.0,0.0,0.0,1.0,0.0,1.0,0.0,0.0,0.0,0.0,0.0,1.0,0.0,0.0,1.0,0.0,0.0,0.0,0.0,0.0,0.0,0.0,0.0,0.0,0.0,0.0,1.0,0.0
06/26/2023,27.0,130.0,1.0,16.0,0.0,0.0,5921.0,1.0,0.0,1.0,1.0,874.0,0.0,1.0,1.0,0.0,0.0,0.0,2.0,1.0,0.0,0.0,1.0,0.0,0.0,0.0,0.0,0.0,1.0,0.0,0.0,0.0,0.0,0.0,0.0,0.0,0.0,0.0,0.0,0.0,0.0,0.0,0.0,1.0,0.0
01/23/2023,22.0,73.0,1.0,17.0,0.0,0.0,5814.0,0.0,0.0,1.0,1.0,548.0,0.0,0.0,1.0,0.0,0.0,0.0,0.0,1.0,0.0,0.0,1.0,0.0,0.0,0.0,0.0,0.0,1.0,0.0,1.0,0.0,0.0,0.0,0.0,0.0,0.0,0.0,0.0,0.0,0.0,0.0,0.0,1.0,0.0
09/21/2023,49.0,95.0,5.0,16.0,0.0,0.0,4121.0,0.0,0.0,1.0,1.0,169.0,0.0,1.0,1.0,0.0,0.0,0.0,0.0,0.0,1.0,0.0,1.0,0.0,0.0,1.0,0.0,0.0,0.0,0.0,1.0,0.0,0.0,0.0,0.0,0.0,0.0,0.0,0.0,0.0,0.0,0.0,0.0,1.0,0.0
11/27/2023,49.0,33.0,1.0,16.0,0.0,0.0,4829.0,1.0,0.0,1.0,1.0,505.0,0.0,1.0,1.0,0.0,0.0,0.0,2.0,0.0,1.0,0.0,0.0,0.0,0.0,0.0,1.0,0.0,0.0,0.0,0.0,0.0,0.0,0.0,0.0,0.0,0.0,0.0,0.0,0.0,0.0,0.0,0.0,1.0,0.0
08/16/2023,53.0,18.0,1.0,16.0,0.0,0.0,5812.0,0.0,0.0,1.0,1.0,1024.0,0.0,1.0,3.0,1.0,1.0,1.0,2.0,0.0,1.0,0.0,0.0,0.0,0.0,1.0,0.0,0.0,0.0,0.0,1.0,0.0,0.0,0.0,0.0,0.0,0.0,0.0,0.0,0.0,0.0,0.0,0.0,1.0,0.0
12/04/2023,45.0,12.0,1.0,18.0,0.0,0.0,4121.0,0.0,0.0,1.0,1.0,356.0,0.0,1.0,1.0,0.0,0.0,0.0,0.0,0.0,1.0,0.0,0.0,0.0,0.0,0.0,1.0,0.0,0.0,0.0,1.0,0.0,0.0,0.0,0.0,0.0,0.0,0.0,0.0,0.0,0.0,0.0,0.0,1.0,0.0
06/06/2023,22.0,30.0,1.0,17.0,0.0,0.0,5999.0,1.0,0.0,1.0,1.0,67.0,0.0,1.0,1.0,0.0,0.0,0.0,2.0,0.0,1.0,0.0,1.0,0.0,0.0,0.0,0.0,0.0,1.0,0.0,0.0,0.0,0.0,0.0,0.0,0.0,0.0,0.0,0.0,0.0,0.0,0.0,0.0,1.0,0.0
02/03/2023,35.0,143.0,1.0,17.0,0.0,0.0,7995.0,1.0,0.0,1.0,1.0,469.0,0.0,0.0,1.0,0.0,0.0,0.0,0.0,0.0,1.0,0.0,0.0,1.0,0.0,0.0,1.0,0.0,0.0,0.0,0.0,0.0,0.0,0.0,0.0,0.0,0.0,0.0,0.0,0.0,0.0,0.0,0.0,1.0,0.0
04/04/2023,27.0,17.0,1.0,16.0,0.0,0.0,5311.0,0.0,0.0,1.0,1.0,597.0,0.0,0.0,2.0,0.0,1.0,0.0,0.0,0.0,1.0,0.0,0.0,1.0,0.0,0.0,1.0,0.0,0.0,0.0,1.0,0.0,0.0,0.0,0.0,0.0,0.0,0.0,0.0,0.0,0.0,0.0,0.0,1.0,0.0
12/04/2023,74.0,176.0,1.0,16.0,0.0,0.0,5921.0,1.0,0.0,1.0,1.0,211.0,0.0,1.0,4.0,1.0,1.0,0.0,2.0,1.0,0.0,0.0,1.0,0.0,0.0,0.0,0.0,1.0,0.0,0.0,0.0,0.0,0.0,0.0,0.0,0.0,0.0,0.0,0.0,0.0,0.0,0.0,0.0,1.0,0.0
11/15/2023,59.0,151.0,1.0,18.0,0.0,0.0,5311.0,0.0,0.0,1.0,1.0,190.0,0.0,1.0,1.0,0.0,0.0,0.0,0.0,0.0,1.0,0.0,1.0,0.0,0.0,0.0,1.0,0.0,0.0,0.0,1.0,0.0,0.0,0.0,0.0,0.0,0.0,0.0,0.0,0.0,0.0,0.0,0.0,1.0,0.0
11/03/2023,55.0,157.0,1.0,18.0,0.0,0.0,5734.0,0.0,1.0,1.0,1.0,202.0,0.0,0.0,1.0,0.0,0.0,0.0,0.0,0.0,1.0,0.0,0.0,1.0,0.0,0.0,1.0,0.0,0.0,0.0,0.0,1.0,0.0,0.0,0.0,1.0,0.0,0.0,0.0,0.0,0.0,0.0,0.0,0.0,0.0
02/20/2023,22.0,155.0,1.0,16.0,0.0,0.0,4111.0,0.0,0.0,1.0,1.0,157.0,0.0,0.0,3.0,1.0,1.0,0.0,0.0,0.0,1.0,0.0,0.0,1.0,0.0,0.0,0.0,0.0,1.0,0.0,1.0,0.0,0.0,0.0,0.0,0.0,0.0,0.0,0.0,0.0,0.0,0.0,0.0,1.0,0.0
08/29/2023,24.0,235.0,1.0,16.0,0.0,0.0,5944.0,0.0,1.0,1.0,1.0,167.0,0.0,0.0,1.0,0.0,0.0,0.0,0.0,0.0,1.0,0.0,1.0,0.0,0.0,0.0,0.0,0.0,1.0,0.0,0.0,1.0,0.0,0.0,0.0,0.0,0.0,0.0,0.0,0.0,0.0,0.0,0.0,1.0,0.0
04/13/2023,59.0,36.0,1.0,18.0,0.0,0.0,5734.0,0.0,1.0,1.0,1.0,393.0,0.0,0.0,5.0,1.0,1.0,0.0,0.0,0.0,1.0,0.0,0.0,1.0,0.0,0.0,1.0,0.0,0.0,0.0,0.0,1.0,0.0,0.0,0.0,0.0,0.0,0.0,0.0,0.0,0.0,0.0,0.0,1.0,0.0
11/27/2023,49.0,94.0,1.0,17.0,0.0,0.0,7299.0,1.0,0.0,1.0,1.0,240.0,0.0,0.0,2.0,0.0,1.0,0.0,0.0,0.0,1.0,0.0,0.0,0.0,0.0,1.0,0.0,0.0,0.0,0.0,0.0,0.0,0.0,0.0,0.0,0.0,0.0,0.0,0.0,0.0,0.0,0.0,0.0,1.0,0.0
09/22/2023,52.0,79.0,1.0,17.0,0.0,0.0,7995.0,1.0,0.0,1.0,1.0,544.0,0.0,0.0,3.0,1.0,1.0,0.0,0.0,0.0,1.0,0.0,0.0,1.0,0.0,0.0,0.0,1.0,0.0,0.0,0.0,0.0,0.0,0.0,0.0,0.0,0.0,0.0,0.0,0.0,0.0,0.0,0.0,1.0,0.0
09/11/2023,62.0,118.0,1.0,16.0,0.0,0.0,5732.0,0.0,1.0,1.0,1.0,337.0,0.0,1.0,1.0,0.0,0.0,1.0,2.0,1.0,0.0,0.0,0.0,0.0,0.0,0.0,0.0,1.0,0.0,0.0,0.0,1.0,0.0,0.0,0.0,0.0,0.0,0.0,0.0,0.0,0.0,0.0,0.0,1.0,0.0
03/09/2023,65.0,30.0,1.0,17.0,0.0,0.0,5921.0,1.0,0.0,1.0,1.0,148.0,0.0,0.0,1.0,0.0,0.0,0.0,0.0,0.0,1.0,0.0,0.0,1.0,0.0,0.0,0.0,1.0,0.0,0.0,0.0,0.0,0.0,0.0,0.0,0.0,0.0,0.0,0.0,0.0,0.0,0.0,1.0,0.0,0.0
12/29/2023,42.0,31.0,1.0,16.0,0.0,0.0,5999.0,1.0,0.0,1.0,1.0,426.0,0.0,0.0,1.0,0.0,0.0,0.0,0.0,0.0,1.0,0.0,1.0,0.0,0.0,0.0,1.0,0.0,0.0,0.0,0.0,0.0,0.0,0.0,0.0,0.0,0.0,0.0,0.0,0.0,0.0,0.0,0.0,1.0,0.0
10/03/2023,74.0,56.0,1.0,16.0,0.0,0.0,7995.0,1.0,0.0,1.0,1.0,645.0,0.0,1.0,1.0,0.0,0.0,0.0,2.0,0.0,1.0,0.0,0.0,0.0,0.0,0.0,0.0,1.0,0.0,0.0,0.0,0.0,0.0,0.0,0.0,0.0,0.0,0.0,0.0,0.0,0.0,0.0,0.0,1.0,0.0
03/10/2023,31.0,10.0,1.0,18.0,0.0,0.0,4121.0,0.0,0.0,1.0,1.0,262.0,0.0,0.0,1.0,0.0,0.0,0.0,0.0,0.0,1.0,0.0,0.0,1.0,0.0,1.0,0.0,0.0,0.0,0.0,1.0,0.0,0.0,0.0,0.0,0.0,0.0,0.0,0.0,0.0,0.0,0.0,0.0,1.0,0.0
06/07/2023,69.0,151.0,1.0,17.0,0.0,0.0,6011.0,1.0,0.0,1.0,1.0,734.0,0.0,1.0,1.0,0.0,0.0,0.0,2.0,0.0,1.0,0.0,0.0,0.0,0.0,0.0,0.0,1.0,0.0,0.0,0.0,0.0,0.0,0.0,0.0,0.0,0.0,0.0,0.0,0.0,0.0,0.0,0.0,1.0,0.0
04/28/2023,25.0,145.0,1.0,18.0,0.0,0.0,6011.0,1.0,0.0,1.0,1.0,347.0,0.0,0.0,1.0,0.0,0.0,0.0,0.0,1.0,0.0,0.0,0.0,1.0,0.0,0.0,0.0,0.0,1.0,0.0,0.0,0.0,0.0,0.0,0.0,0.0,0.0,0.0,0.0,0.0,0.0,0.0,0.0,1.0,0.0
02/10/2023,22.0,141.0,1.0,17.0,0.0,0.0,7299.0,1.0,0.0,1.0,1.0,677.0,0.0,0.0,1.0,0.0,0.0,0.0,0.0,0.0,1.0,0.0,0.0,0.0,0.0,0.0,0.0,0.0,1.0,0.0,0.0,0.0,0.0,0.0,0.0,0.0,0.0,0.0,0.0,0.0,0.0,0.0,0.0,1.0,0.0
03/13/2023,59.0,140.0,1.0,16.0,0.0,0.0,6011.0,1.0,0.0,1.0,1.0,486.0,0.0,0.0,1.0,0.0,0.0,0.0,0.0,0.0,1.0,0.0,0.0,0.0,0.0,0.0,0.0,1.0,0.0,0.0,0.0,0.0,0.0,0.0,0.0,0.0,0.0,0.0,0.0,0.0,0.0,0.0,0.0,1.0,0.0
01/09/2023,78.0,155.0,1.0,17.0,0.0,0.0,5311.0,0.0,0.0,1.0,1.0,525.0,0.0,0.0,1.0,0.0,0.0,0.0,0.0,0.0,1.0,0.0,0.0,1.0,0.0,0.0,0.0,1.0,0.0,0.0,1.0,0.0,0.0,0.0,0.0,0.0,0.0,0.0,0.0,0.0,0.0,0.0,0.0,1.0,0.0
02/23/2023,56.0,104.0,1.0,16.0,0.0,0.0,7995.0,1.0,0.0,1.0,1.0,336.0,0.0,0.0,1.0,0.0,0.0,0.0,2.0,0.0,1.0,0.0,0.0,0.0,0.0,0.0,0.0,1.0,0.0,0.0,0.0,0.0,0.0,0.0,0.0,0.0,0.0,0.0,0.0,0.0,0.0,0.0,0.0,1.0,0.0
11/28/2023,58.0,97.0,1.0,16.0,0.0,0.0,7299.0,1.0,0.0,1.0,1.0,361.0,0.0,1.0,1.0,0.0,0.0,0.0,2.0,1.0,0.0,0.0,1.0,0.0,0.0,0.0,1.0,0.0,0.0,0.0,0.0,0.0,0.0,0.0,0.0,0.0,0.0,0.0,0.0,0.0,0.0,0.0,0.0,1.0,0.0
08/07/2023,78.0,112.0,1.0,16.0,0.0,0.0,4111.0,0.0,0.0,1.0,1.0,648.0,0.0,0.0,4.0,1.0,1.0,0.0,0.0,1.0,0.0,0.0,0.0,0.0,0.0,0.0,0.0,1.0,0.0,0.0,1.0,0.0,0.0,0.0,0.0,0.0,0.0,0.0,0.0,0.0,0.0,0.0,0.0,1.0,0.0
09/22/2023,23.0,31.0,1.0,18.0,0.0,0.0,5732.0,0.0,1.0,1.0,1.0,917.0,0.0,0.0,1.0,0.0,0.0,0.0,0.0,0.0,1.0,0.0,1.0,0.0,0.0,0.0,0.0,0.0,1.0,0.0,0.0,1.0,0.0,0.0,0.0,0.0,0.0,0.0,0.0,0.0,0.0,0.0,0.0,1.0,0.0
09/25/2023,27.0,23.0,1.0,16.0,0.0,0.0,5411.0,0.0,0.0,1.0,1.0,427.0,0.0,1.0,1.0,0.0,0.0,0.0,0.0,0.0,1.0,0.0,1.0,0.0,0.0,0.0,0.0,0.0,1.0,0.0,1.0,0.0,0.0,0.0,0.0,0.0,0.0,0.0,0.0,0.0,0.0,0.0,0.0,1.0,0.0
12/11/2023,44.0,80.0,1.0,16.0,0.0,0.0,5814.0,0.0,0.0,1.0,1.0,261.0,0.0,1.0,1.0,0.0,0.0,0.0,0.0,0.0,1.0,0.0,1.0,0.0,0.0,1.0,0.0,0.0,0.0,0.0,1.0,0.0,0.0,0.0,0.0,0.0,0.0,0.0,0.0,0.0,0.0,0.0,0.0,1.0,0.0
05/15/2023,72.0,86.0,1.0,16.0,0.0,0.0,7995.0,1.0,0.0,1.0,1.0,279.0,0.0,0.0,1.0,0.0,0.0,0.0,0.0,0.0,1.0,0.0,0.0,0.0,0.0,0.0,0.0,1.0,0.0,0.0,0.0,0.0,0.0,0.0,1.0,0.0,0.0,0.0,0.0,0.0,0.0,0.0,0.0,0.0,0.0
05/05/2023,27.0,171.0,1.0,17.0,0.0,0.0,5732.0,0.0,1.0,1.0,1.0,438.0,0.0,0.0,1.0,0.0,0.0,0.0,0.0,0.0,1.0,0.0,1.0,0.0,0.0,0.0,0.0,0.0,1.0,0.0,0.0,1.0,0.0,0.0,0.0,0.0,0.0,0.0,0.0,0.0,0.0,0.0,0.0,1.0,0.0
04/17/2023,38.0,38.0,1.0,16.0,0.0,0.0,4111.0,0.0,0.0,1.0,1.0,258.0,0.0,0.0,1.0,0.0,0.0,0.0,0.0,0.0,1.0,0.0,0.0,1.0,0.0,0.0,1.0,0.0,0.0,0.0,1.0,0.0,0.0,0.0,0.0,0.0,0.0,0.0,0.0,0.0,0.0,0.0,0.0,1.0,0.0
07/06/2023,23.0,124.0,1.0,16.0,0.0,0.0,4829.0,1.0,0.0,1.0,1.0,697.0,0.0,0.0,1.0,0.0,0.0,0.0,0.0,1.0,0.0,0.0,0.0,0.0,0.0,0.0,0.0,0.0,1.0,0.0,0.0,0.0,0.0,0.0,0.0,0.0,0.0,0.0,0.0,0.0,0.0,0.0,0.0,1.0,0.0
06/19/2023,77.0,121.0,1.0,17.0,0.0,0.0,5311.0,0.0,0.0,1.0,1.0,227.0,0.0,1.0,1.0,0.0,0.0,0.0,0.0,0.0,1.0,0.0,1.0,0.0,0.0,0.0,0.0,1.0,0.0,0.0,1.0,0.0,0.0,0.0,0.0,0.0,0.0,0.0,0.0,0.0,0.0,0.0,0.0,1.0,0.0
09/21/2023,52.0,93.0,1.0,16.0,0.0,0.0,5734.0,0.0,1.0,1.0,1.0,1115.0,0.0,0.0,1.0,0.0,0.0,0.0,0.0,0.0,1.0,0.0,0.0,0.0,0.0,1.0,0.0,0.0,0.0,0.0,0.0,1.0,0.0,0.0,0.0,0.0,0.0,0.0,0.0,0.0,0.0,0.0,0.0,1.0,0.0
02/21/2023,59.0,106.0,1.0,16.0,0.0,0.0,7995.0,1.0,0.0,1.0,1.0,266.0,0.0,0.0,1.0,0.0,0.0,0.0,0.0,1.0,0.0,0.0,1.0,0.0,0.0,0.0,0.0,1.0,0.0,0.0,0.0,0.0,0.0,0.0,0.0,0.0,0.0,0.0,0.0,0.0,0.0,0.0,1.0,0.0,0.0
02/13/2023,48.0,155.0,1.0,16.0,0.0,0.0,5734.0,0.0,1.0,1.0,1.0,289.0,0.0,0.0,1.0,0.0,0.0,0.0,0.0,0.0,1.0,0.0,0.0,1.0,0.0,0.0,1.0,0.0,0.0,0.0,0.0,1.0,0.0,0.0,0.0,0.0,0.0,0.0,0.0,0.0,0.0,0.0,0.0,1.0,0.0
03/17/2023,36.0,150.0,1.0,16.0,0.0,0.0,5411.0,0.0,0.0,1.0,1.0,1024.0,0.0,1.0,5.0,1.0,1.0,0.0,2.0,0.0,1.0,0.0,1.0,0.0,0.0,0.0,1.0,0.0,0.0,0.0,1.0,0.0,0.0,0.0,0.0,0.0,0.0,0.0,0.0,0.0,0.0,0.0,0.0,1.0,0.0
08/11/2023,77.0,163.0,1.0,16.0,0.0,0.0,5944.0,0.0,1.0,1.0,1.0,97.0,0.0,0.0,2.0,0.0,1.0,0.0,0.0,1.0,0.0,0.0,0.0,1.0,0.0,0.0,0.0,1.0,0.0,0.0,0.0,1.0,0.0,0.0,0.0,0.0,0.0,0.0,0.0,0.0,0.0,0.0,0.0,1.0,0.0
12/22/2023,70.0,78.0,1.0,17.0,0.0,0.0,5732.0,0.0,1.0,1.0,1.0,469.0,0.0,1.0,1.0,0.0,0.0,0.0,2.0,0.0,1.0,0.0,1.0,0.0,0.0,0.0,0.0,1.0,0.0,0.0,0.0,1.0,0.0,0.0,0.0,0.0,0.0,0.0,0.0,0.0,0.0,0.0,0.0,1.0,0.0
04/17/2023,69.0,59.0,1.0,17.0,0.0,0.0,4829.0,1.0,0.0,1.0,1.0,290.0,0.0,0.0,1.0,0.0,0.0,0.0,0.0,0.0,1.0,0.0,0.0,0.0,0.0,0.0,0.0,1.0,0.0,0.0,0.0,0.0,0.0,0.0,0.0,0.0,0.0,0.0,0.0,0.0,0.0,0.0,0.0,1.0,0.0
04/10/2023,28.0,71.0,1.0,16.0,0.0,0.0,4121.0,0.0,0.0,1.0,1.0,136.0,0.0,0.0,1.0,0.0,0.0,0.0,0.0,0.0,1.0,0.0,0.0,1.0,0.0,0.0,0.0,0.0,1.0,0.0,1.0,0.0,0.0,0.0,0.0,0.0,0.0,0.0,0.0,0.0,0.0,0.0,0.0,1.0,0.0
10/26/2023,26.0,159.0,1.0,16.0,0.0,0.0,5411.0,0.0,0.0,1.0,1.0,249.0,0.0,1.0,1.0,0.0,0.0,0.0,0.0,1.0,0.0,0.0,0.0,0.0,0.0,0.0,0.0,0.0,1.0,0.0,1.0,0.0,0.0,0.0,0.0,0.0,0.0,0.0,0.0,0.0,0.0,0.0,0.0,1.0,0.0
02/20/2023,40.0,124.0,3.0,18.0,0.0,0.0,4111.0,0.0,0.0,1.0,1.0,957.0,0.0,0.0,1.0,0.0,0.0,0.0,0.0,0.0,1.0,0.0,1.0,0.0,0.0,1.0,0.0,0.0,0.0,0.0,1.0,0.0,0.0,0.0,0.0,0.0,0.0,0.0,0.0,0.0,0.0,0.0,0.0,1.0,0.0
01/12/2023,25.0,269.0,1.0,17.0,0.0,0.0,4111.0,0.0,0.0,1.0,1.0,223.0,0.0,0.0,1.0,0.0,0.0,0.0,0.0,0.0,1.0,0.0,1.0,0.0,0.0,0.0,0.0,0.0,1.0,0.0,1.0,0.0,0.0,0.0,0.0,0.0,0.0,0.0,0.0,0.0,0.0,0.0,0.0,1.0,0.0
08/14/2023,34.0,61.0,1.0,17.0,0.0,0.0,5732.0,0.0,1.0,1.0,1.0,193.0,0.0,0.0,2.0,0.0,1.0,0.0,0.0,0.0,1.0,0.0,0.0,0.0,0.0,0.0,1.0,0.0,0.0,0.0,0.0,1.0,0.0,0.0,0.0,0.0,0.0,0.0,0.0,0.0,0.0,0.0,0.0,1.0,0.0
11/28/2023,76.0,37.0,1.0,16.0,0.0,0.0,5311.0,0.0,0.0,1.0,1.0,603.0,0.0,0.0,1.0,0.0,0.0,0.0,0.0,1.0,0.0,0.0,0.0,1.0,0.0,0.0,0.0,1.0,0.0,0.0,1.0,0.0,0.0,0.0,0.0,0.0,0.0,0.0,0.0,0.0,0.0,0.0,0.0,1.0,0.0
01/16/2023,30.0,26.0,1.0,16.0,0.0,0.0,5814.0,0.0,0.0,1.0,1.0,112.0,0.0,0.0,1.0,0.0,0.0,0.0,0.0,0.0,1.0,0.0,0.0,1.0,0.0,0.0,1.0,0.0,0.0,0.0,1.0,0.0,0.0,0.0,0.0,0.0,0.0,0.0,0.0,0.0,0.0,0.0,0.0,1.0,0.0
08/17/2023,37.0,107.0,1.0,16.0,0.0,0.0,5311.0,0.0,0.0,1.0,1.0,95.0,0.0,0.0,4.0,1.0,1.0,0.0,0.0,0.0,1.0,0.0,1.0,0.0,0.0,0.0,1.0,0.0,0.0,0.0,1.0,0.0,0.0,0.0,0.0,0.0,0.0,0.0,0.0,0.0,0.0,0.0,0.0,1.0,0.0
02/13/2023,41.0,128.0,1.0,16.0,0.0,0.0,4121.0,0.0,0.0,1.0,1.0,324.0,0.0,0.0,3.0,1.0,1.0,0.0,0.0,1.0,0.0,0.0,0.0,1.0,0.0,0.0,1.0,0.0,0.0,0.0,1.0,0.0,0.0,0.0,0.0,0.0,0.0,0.0,0.0,0.0,0.0,0.0,0.0,1.0,0.0
12/14/2023,47.0,46.0,1.0,16.0,0.0,0.0,5921.0,1.0,0.0,1.0,1.0,176.0,0.0,1.0,1.0,0.0,0.0,0.0,2.0,1.0,0.0,0.0,1.0,0.0,0.0,0.0,1.0,0.0,0.0,0.0,0.0,0.0,0.0,0.0,0.0,0.0,0.0,0.0,0.0,0.0,0.0,0.0,0.0,1.0,0.0
04/24/2023,37.0,45.0,1.0,17.0,0.0,0.0,5812.0,0.0,0.0,1.0,1.0,458.0,0.0,0.0,1.0,0.0,0.0,0.0,0.0,0.0,1.0,0.0,1.0,0.0,0.0,0.0,1.0,0.0,0.0,0.0,1.0,0.0,0.0,0.0,0.0,1.0,0.0,0.0,0.0,0.0,0.0,0.0,0.0,0.0,0.0
09/11/2023,18.0,179.0,1.0,17.0,0.0,0.0,5732.0,0.0,1.0,1.0,1.0,100.0,0.0,1.0,1.0,0.0,0.0,1.0,2.0,1.0,0.0,0.0,1.0,0.0,0.0,0.0,0.0,0.0,1.0,0.0,0.0,1.0,0.0,0.0,0.0,0.0,0.0,0.0,0.0,0.0,0.0,0.0,0.0,1.0,0.0
06/15/2023,79.0,199.0,1.0,16.0,0.0,0.0,7995.0,1.0,0.0,1.0,1.0,363.0,0.0,1.0,1.0,0.0,0.0,0.0,2.0,0.0,1.0,0.0,0.0,0.0,0.0,0.0,0.0,1.0,0.0,0.0,0.0,0.0,0.0,0.0,0.0,0.0,0.0,0.0,0.0,0.0,0.0,0.0,0.0,1.0,0.0
02/24/2023,27.0,146.0,1.0,16.0,0.0,0.0,4111.0,0.0,0.0,1.0,1.0,333.0,0.0,0.0,1.0,0.0,0.0,0.0,0.0,0.0,1.0,0.0,1.0,0.0,0.0,0.0,1.0,0.0,0.0,0.0,1.0,0.0,0.0,0.0,0.0,0.0,0.0,0.0,0.0,0.0,0.0,0.0,0.0,1.0,0.0
04/19/2023,67.0,10.0,1.0,16.0,0.0,0.0,5734.0,0.0,1.0,1.0,1.0,1195.0,0.0,0.0,1.0,0.0,0.0,0.0,0.0,1.0,0.0,0.0,1.0,0.0,0.0,1.0,0.0,0.0,0.0,0.0,0.0,1.0,0.0,0.0,0.0,0.0,0.0,0.0,0.0,0.0,0.0,0.0,0.0,1.0,0.0
01/11/2023,73.0,81.0,1.0,16.0,0.0,0.0,5411.0,0.0,0.0,1.0,1.0,201.0,0.0,0.0,1.0,0.0,0.0,0.0,0.0,0.0,1.0,0.0,0.0,1.0,0.0,0.0,0.0,1.0,0.0,0.0,1.0,0.0,0.0,0.0,0.0,0.0,0.0,0.0,0.0,0.0,0.0,0.0,0.0,1.0,0.0
04/07/2023,21.0,83.0,1.0,17.0,0.0,0.0,5311.0,0.0,0.0,1.0,1.0,469.0,0.0,0.0,1.0,0.0,0.0,0.0,0.0,0.0,1.0,0.0,0.0,1.0,0.0,0.0,0.0,0.0,1.0,0.0,1.0,0.0,0.0,0.0,0.0,0.0,0.0,0.0,0.0,0.0,0.0,0.0,0.0,1.0,0.0
06/07/2023,48.0,140.0,1.0,18.0,0.0,0.0,5944.0,0.0,1.0,1.0,1.0,360.0,0.0,1.0,1.0,0.0,0.0,0.0,0.0,1.0,0.0,0.0,0.0,1.0,0.0,0.0,1.0,0.0,0.0,0.0,0.0,1.0,0.0,0.0,0.0,0.0,0.0,0.0,0.0,0.0,0.0,0.0,0.0,1.0,0.0
10/23/2023,42.0,93.0,1.0,16.0,0.0,0.0,5311.0,0.0,0.0,1.0,1.0,304.0,0.0,1.0,1.0,0.0,0.0,0.0,0.0,0.0,1.0,0.0,0.0,1.0,0.0,0.0,1.0,0.0,0.0,0.0,1.0,0.0,0.0,0.0,0.0,0.0,0.0,0.0,0.0,0.0,0.0,0.0,0.0,1.0,0.0
04/10/2023,62.0,47.0,5.0,17.0,0.0,0.0,4121.0,0.0,0.0,1.0,1.0,603.0,0.0,0.0,1.0,0.0,0.0,0.0,0.0,1.0,0.0,0.0,1.0,0.0,0.0,0.0,0.0,1.0,0.0,0.0,1.0,0.0,0.0,0.0,0.0,0.0,0.0,0.0,0.0,0.0,0.0,0.0,0.0,1.0,0.0
04/07/2023,52.0,52.0,1.0,17.0,0.0,0.0,5812.0,0.0,0.0,1.0,1.0,540.0,0.0,0.0,1.0,0.0,0.0,1.0,0.0,0.0,1.0,0.0,0.0,1.0,0.0,0.0,0.0,1.0,0.0,0.0,1.0,0.0,0.0,0.0,0.0,0.0,0.0,0.0,0.0,0.0,0.0,0.0,0.0,1.0,0.0
10/16/2023,49.0,45.0,1.0,16.0,0.0,0.0,7299.0,1.0,0.0,0.0,1.0,486.0,0.0,1.0,1.0,0.0,0.0,1.0,2.0,0.0,1.0,0.0,1.0,0.0,0.0,0.0,1.0,0.0,0.0,0.0,0.0,0.0,0.0,0.0,0.0,0.0,0.0,0.0,0.0,0.0,0.0,0.0,0.0,1.0,0.0
07/24/2023,36.0,67.0,1.0,17.0,0.0,0.0,4121.0,0.0,0.0,1.0,1.0,158.0,0.0,1.0,1.0,0.0,0.0,1.0,2.0,0.0,1.0,0.0,0.0,0.0,0.0,1.0,0.0,0.0,0.0,0.0,1.0,0.0,0.0,0.0,0.0,0.0,0.0,0.0,0.0,0.0,0.0,1.0,0.0,0.0,0.0
02/06/2023,24.0,32.0,3.0,17.0,0.0,0.0,5999.0,1.0,0.0,1.0,1.0,375.0,0.0,0.0,1.0,0.0,0.0,0.0,0.0,0.0,1.0,0.0,1.0,0.0,0.0,0.0,0.0,0.0,1.0,0.0,0.0,0.0,0.0,0.0,0.0,0.0,0.0,0.0,0.0,0.0,0.0,0.0,0.0,1.0,0.0
05/31/2023,29.0,209.0,1.0,16.0,0.0,0.0,5814.0,0.0,0.0,1.0,1.0,476.0,0.0,0.0,1.0,0.0,0.0,0.0,0.0,0.0,1.0,0.0,0.0,0.0,0.0,1.0,0.0,0.0,0.0,0.0,1.0,0.0,0.0,0.0,0.0,0.0,0.0,0.0,0.0,0.0,0.0,0.0,0.0,1.0,0.0
06/16/2023,53.0,167.0,1.0,16.0,0.0,0.0,5812.0,0.0,0.0,1.0,1.0,513.0,0.0,0.0,2.0,0.0,1.0,0.0,0.0,0.0,1.0,0.0,1.0,0.0,0.0,1.0,0.0,0.0,0.0,0.0,1.0,0.0,0.0,0.0,0.0,0.0,0.0,0.0,0.0,0.0,1.0,0.0,0.0,0.0,0.0
08/10/2023,57.0,214.0,1.0,18.0,0.0,0.0,4121.0,0.0,0.0,1.0,1.0,353.0,0.0,0.0,1.0,0.0,0.0,0.0,0.0,0.0,1.0,0.0,0.0,0.0,0.0,0.0,0.0,1.0,0.0,0.0,1.0,0.0,0.0,0.0,0.0,0.0,0.0,0.0,0.0,0.0,0.0,0.0,0.0,1.0,0.0
03/22/2023,67.0,64.0,1.0,16.0,0.0,0.0,4829.0,1.0,0.0,1.0,1.0,486.0,0.0,1.0,1.0,0.0,0.0,0.0,2.0,0.0,1.0,0.0,1.0,0.0,0.0,0.0,0.0,1.0,0.0,0.0,0.0,0.0,0.0,0.0,0.0,0.0,0.0,0.0,0.0,0.0,0.0,0.0,0.0,1.0,0.0
07/24/2023,26.0,178.0,1.0,16.0,0.0,0.0,7299.0,1.0,0.0,1.0,1.0,385.0,0.0,1.0,1.0,0.0,0.0,0.0,2.0,1.0,0.0,0.0,1.0,0.0,0.0,0.0,0.0,0.0,1.0,0.0,0.0,0.0,0.0,0.0,0.0,0.0,0.0,0.0,0.0,0.0,0.0,0.0,0.0,1.0,0.0
11/03/2023,36.0,175.0,1.0,16.0,0.0,0.0,4121.0,0.0,0.0,1.0,1.0,609.0,0.0,1.0,1.0,0.0,0.0,0.0,0.0,0.0,1.0,0.0,0.0,0.0,0.0,0.0,1.0,0.0,0.0,0.0,1.0,0.0,0.0,0.0,0.0,0.0,0.0,0.0,0.0,0.0,0.0,0.0,0.0,1.0,0.0
05/02/2023,75.0,39.0,1.0,16.0,0.0,0.0,5944.0,0.0,1.0,1.0,1.0,86.0,0.0,0.0,1.0,0.0,0.0,0.0,0.0,0.0,1.0,0.0,1.0,0.0,0.0,0.0,0.0,1.0,0.0,0.0,0.0,1.0,0.0,0.0,0.0,0.0,0.0,0.0,0.0,0.0,0.0,0.0,0.0,1.0,0.0
12/22/2023,23.0,145.0,1.0,18.0,0.0,0.0,5311.0,0.0,0.0,1.0,1.0,533.0,0.0,1.0,1.0,0.0,0.0,0.0,2.0,0.0,1.0,0.0,0.0,0.0,0.0,0.0,0.0,0.0,1.0,0.0,1.0,0.0,0.0,0.0,1.0,0.0,0.0,0.0,0.0,0.0,0.0,0.0,0.0,0.0,0.0
10/16/2023,59.0,180.0,1.0,17.0,0.0,0.0,4121.0,0.0,0.0,1.0,1.0,880.0,0.0,0.0,1.0,0.0,0.0,0.0,0.0,0.0,1.0,0.0,1.0,0.0,0.0,0.0,0.0,1.0,0.0,0.0,1.0,0.0,0.0,0.0,0.0,0.0,0.0,0.0,0.0,1.0,0.0,0.0,0.0,0.0,0.0
09/04/2023,23.0,55.0,1.0,16.0,0.0,0.0,5999.0,1.0,0.0,1.0,1.0,427.0,0.0,0.0,1.0,0.0,0.0,0.0,0.0,0.0,1.0,0.0,1.0,0.0,0.0,0.0,0.0,0.0,1.0,0.0,0.0,0.0,0.0,0.0,0.0,0.0,0.0,0.0,0.0,0.0,0.0,0.0,0.0,1.0,0.0
11/21/2023,29.0,61.0,1.0,17.0,0.0,0.0,4111.0,0.0,0.0,1.0,1.0,412.0,0.0,0.0,1.0,0.0,0.0,0.0,0.0,0.0,1.0,0.0,1.0,0.0,0.0,0.0,1.0,0.0,0.0,0.0,1.0,0.0,0.0,0.0,0.0,0.0,0.0,0.0,0.0,0.0,0.0,0.0,0.0,1.0,0.0
12/04/2023,23.0,73.0,1.0,18.0,0.0,0.0,5944.0,0.0,1.0,1.0,1.0,354.0,0.0,1.0,2.0,0.0,1.0,0.0,2.0,0.0,1.0,0.0,1.0,0.0,0.0,0.0,0.0,0.0,1.0,0.0,0.0,1.0,0.0,0.0,0.0,0.0,0.0,0.0,0.0,0.0,0.0,0.0,0.0,1.0,0.0
05/24/2023,64.0,143.0,1.0,16.0,0.0,0.0,4121.0,0.0,0.0,1.0,1.0,90.0,0.0,0.0,1.0,0.0,0.0,0.0,0.0,0.0,1.0,0.0,0.0,1.0,0.0,0.0,0.0,1.0,0.0,0.0,1.0,0.0,0.0,0.0,0.0,0.0,0.0,0.0,0.0,0.0,0.0,0.0,0.0,1.0,0.0
11/14/2023,60.0,109.0,1.0,16.0,0.0,0.0,5732.0,0.0,1.0,1.0,1.0,28.0,1.0,1.0,1.0,0.0,0.0,1.0,2.0,0.0,1.0,0.0,0.0,1.0,0.0,1.0,0.0,0.0,0.0,0.0,0.0,1.0,0.0,0.0,0.0,0.0,0.0,0.0,0.0,0.0,0.0,0.0,0.0,1.0,0.0
02/13/2023,69.0,121.0,1.0,16.0,0.0,0.0,4121.0,0.0,0.0,1.0,1.0,667.0,0.0,0.0,1.0,0.0,0.0,1.0,0.0,1.0,0.0,0.0,0.0,1.0,0.0,0.0,0.0,1.0,0.0,0.0,1.0,0.0,0.0,0.0,0.0,0.0,0.0,0.0,0.0,0.0,0.0,0.0,0.0,1.0,0.0
08/14/2023,51.0,97.0,1.0,17.0,0.0,0.0,5734.0,0.0,1.0,1.0,1.0,404.0,0.0,0.0,1.0,0.0,0.0,0.0,0.0,0.0,1.0,0.0,0.0,1.0,0.0,0.0,1.0,0.0,0.0,0.0,0.0,1.0,0.0,0.0,0.0,0.0,0.0,0.0,0.0,0.0,0.0,0.0,0.0,1.0,0.0
10/30/2023,26.0,290.0,1.0,16.0,0.0,0.0,5311.0,0.0,0.0,1.0,1.0,623.0,0.0,1.0,1.0,0.0,0.0,0.0,0.0,0.0,1.0,0.0,1.0,0.0,0.0,0.0,1.0,0.0,0.0,0.0,1.0,0.0,0.0,0.0,0.0,0.0,0.0,0.0,0.0,0.0,0.0,0.0,0.0,1.0,0.0
10/23/2023,57.0,66.0,1.0,16.0,0.0,0.0,5921.0,1.0,0.0,1.0,1.0,265.0,0.0,0.0,4.0,1.0,1.0,0.0,1.0,0.0,1.0,0.0,1.0,0.0,0.0,0.0,1.0,0.0,0.0,0.0,0.0,0.0,0.0,0.0,0.0,0.0,0.0,1.0,0.0,0.0,0.0,0.0,0.0,0.0,0.0
02/03/2023,20.0,91.0,1.0,17.0,0.0,0.0,5999.0,1.0,0.0,1.0,1.0,112.0,0.0,0.0,1.0,0.0,0.0,0.0,0.0,0.0,1.0,0.0,0.0,1.0,0.0,0.0,0.0,0.0,1.0,0.0,0.0,0.0,0.0,0.0,0.0,0.0,0.0,0.0,0.0,0.0,0.0,0.0,0.0,1.0,0.0
01/23/2023,32.0,84.0,1.0,16.0,0.0,0.0,6011.0,1.0,0.0,1.0,1.0,434.0,0.0,0.0,1.0,0.0,0.0,0.0,2.0,0.0,1.0,0.0,0.0,0.0,0.0,1.0,0.0,0.0,0.0,0.0,0.0,0.0,0.0,0.0,0.0,0.0,0.0,0.0,0.0,0.0,0.0,0.0,0.0,1.0,0.0
01/24/2023,42.0,135.0,1.0,16.0,0.0,0.0,5734.0,0.0,1.0,1.0,1.0,409.0,0.0,0.0,1.0,0.0,0.0,1.0,0.0,0.0,1.0,0.0,0.0,1.0,0.0,0.0,1.0,0.0,0.0,0.0,0.0,1.0,0.0,0.0,0.0,0.0,0.0,0.0,0.0,0.0,0.0,0.0,0.0,1.0,0.0
08/07/2023,51.0,207.0,1.0,16.0,0.0,0.0,7995.0,1.0,0.0,1.0,1.0,366.0,0.0,1.0,1.0,0.0,0.0,0.0,2.0,0.0,1.0,0.0,1.0,0.0,0.0,0.0,1.0,0.0,0.0,0.0,0.0,0.0,0.0,0.0,0.0,0.0,0.0,0.0,0.0,0.0,0.0,0.0,0.0,1.0,0.0
10/19/2023,38.0,231.0,1.0,17.0,0.0,0.0,6011.0,1.0,0.0,1.0,1.0,243.0,0.0,0.0,1.0,0.0,0.0,0.0,0.0,0.0,1.0,0.0,1.0,0.0,0.0,1.0,0.0,0.0,0.0,0.0,0.0,0.0,0.0,0.0,0.0,0.0,0.0,0.0,0.0,0.0,0.0,0.0,0.0,1.0,0.0
02/14/2023,51.0,72.0,1.0,16.0,0.0,0.0,7995.0,1.0,0.0,1.0,1.0,603.0,0.0,0.0,1.0,0.0,0.0,0.0,0.0,1.0,0.0,0.0,1.0,0.0,0.0,0.0,0.0,1.0,0.0,0.0,0.0,0.0,0.0,0.0,0.0,0.0,0.0,0.0,0.0,0.0,0.0,0.0,0.0,1.0,0.0
07/31/2023,18.0,146.0,1.0,16.0,0.0,0.0,6011.0,1.0,0.0,1.0,1.0,38.0,1.0,0.0,3.0,1.0,1.0,0.0,0.0,0.0,1.0,0.0,0.0,1.0,0.0,0.0,0.0,0.0,1.0,0.0,0.0,0.0,0.0,0.0,0.0,0.0,0.0,0.0,0.0,0.0,0.0,0.0,0.0,1.0,0.0
09/11/2023,26.0,159.0,1.0,17.0,0.0,0.0,5732.0,0.0,1.0,1.0,1.0,262.0,0.0,0.0,1.0,0.0,0.0,0.0,0.0,0.0,1.0,0.0,1.0,0.0,0.0,0.0,1.0,0.0,0.0,0.0,0.0,1.0,0.0,0.0,0.0,0.0,0.0,0.0,0.0,0.0,0.0,0.0,0.0,1.0,0.0
03/31/2023,24.0,70.0,1.0,17.0,0.0,0.0,5812.0,0.0,0.0,1.0,1.0,295.0,0.0,0.0,1.0,0.0,0.0,0.0,0.0,0.0,1.0,0.0,1.0,0.0,0.0,0.0,0.0,0.0,1.0,0.0,1.0,0.0,0.0,0.0,0.0,0.0,0.0,0.0,0.0,0.0,0.0,0.0,0.0,1.0,0.0
12/11/2023,26.0,30.0,1.0,16.0,0.0,0.0,7995.0,1.0,0.0,1.0,1.0,94.0,0.0,0.0,1.0,0.0,0.0,0.0,0.0,1.0,0.0,0.0,0.0,1.0,0.0,0.0,0.0,0.0,1.0,0.0,0.0,0.0,0.0,0.0,0.0,0.0,0.0,0.0,1.0,0.0,0.0,0.0,0.0,0.0,0.0
10/02/2023,23.0,51.0,1.0,16.0,0.0,0.0,5812.0,0.0,0.0,1.0,1.0,419.0,0.0,0.0,1.0,0.0,0.0,0.0,0.0,0.0,1.0,0.0,1.0,0.0,0.0,0.0,0.0,0.0,1.0,0.0,1.0,0.0,0.0,0.0,0.0,0.0,0.0,0.0,0.0,0.0,0.0,0.0,0.0,1.0,0.0
04/25/2023,27.0,19.0,2.0,17.0,0.0,0.0,6011.0,1.0,0.0,1.0,1.0,235.0,0.0,1.0,1.0,0.0,0.0,0.0,2.0,1.0,0.0,0.0,1.0,0.0,0.0,0.0,0.0,0.0,1.0,0.0,0.0,0.0,0.0,0.0,0.0,0.0,0.0,0.0,0.0,0.0,0.0,0.0,0.0,1.0,0.0
01/30/2023,22.0,185.0,1.0,17.0,0.0,0.0,6011.0,1.0,0.0,1.0,1.0,117.0,0.0,0.0,1.0,0.0,0.0,0.0,0.0,0.0,1.0,0.0,0.0,0.0,0.0,0.0,0.0,0.0,1.0,0.0,0.0,0.0,0.0,0.0,0.0,0.0,0.0,0.0,0.0,0.0,0.0,0.0,0.0,1.0,0.0
08/24/2023,26.0,170.0,1.0,16.0,0.0,0.0,5999.0,1.0,0.0,1.0,1.0,124.0,0.0,0.0,1.0,0.0,0.0,0.0,0.0,0.0,1.0,0.0,0.0,0.0,0.0,0.0,0.0,0.0,1.0,0.0,0.0,0.0,0.0,0.0,0.0,0.0,0.0,0.0,0.0,0.0,0.0,0.0,0.0,1.0,0.0
03/02/2023,52.0,63.0,1.0,16.0,0.0,0.0,5732.0,0.0,1.0,1.0,1.0,114.0,0.0,0.0,1.0,0.0,0.0,0.0,0.0,1.0,0.0,0.0,0.0,1.0,0.0,0.0,0.0,1.0,0.0,0.0,0.0,1.0,0.0,0.0,0.0,0.0,0.0,0.0,0.0,0.0,0.0,0.0,0.0,1.0,0.0
08/24/2023,28.0,48.0,1.0,17.0,0.0,0.0,5734.0,0.0,1.0,1.0,1.0,145.0,0.0,1.0,1.0,0.0,0.0,0.0,0.0,0.0,1.0,0.0,1.0,0.0,0.0,0.0,0.0,0.0,1.0,0.0,0.0,1.0,0.0,0.0,0.0,0.0,0.0,0.0,0.0,0.0,0.0,0.0,0.0,1.0,0.0
05/02/2023,69.0,149.0,1.0,17.0,0.0,0.0,4111.0,0.0,0.0,1.0,1.0,650.0,0.0,0.0,1.0,0.0,0.0,0.0,0.0,1.0,0.0,0.0,1.0,0.0,0.0,0.0,0.0,1.0,0.0,0.0,1.0,0.0,0.0,0.0,0.0,0.0,0.0,0.0,0.0,0.0,0.0,0.0,0.0,1.0,0.0
08/21/2023,47.0,208.0,1.0,18.0,0.0,0.0,5411.0,0.0,0.0,1.0,1.0,513.0,0.0,0.0,3.0,1.0,1.0,0.0,0.0,0.0,1.0,0.0,1.0,0.0,0.0,0.0,1.0,0.0,0.0,0.0,1.0,0.0,0.0,0.0,1.0,0.0,0.0,0.0,0.0,0.0,0.0,0.0,0.0,0.0,0.0
11/13/2023,23.0,34.0,1.0,17.0,0.0,0.0,5999.0,1.0,0.0,1.0,1.0,409.0,0.0,1.0,1.0,0.0,0.0,0.0,2.0,1.0,0.0,0.0,1.0,0.0,0.0,0.0,0.0,0.0,1.0,0.0,0.0,0.0,0.0,0.0,0.0,0.0,0.0,0.0,0.0,0.0,0.0,0.0,0.0,1.0,0.0
03/24/2023,29.0,66.0,1.0,17.0,0.0,0.0,5921.0,1.0,0.0,1.0,1.0,284.0,0.0,0.0,1.0,0.0,0.0,0.0,0.0,0.0,1.0,0.0,0.0,0.0,0.0,0.0,1.0,0.0,0.0,0.0,0.0,0.0,0.0,0.0,0.0,0.0,0.0,0.0,0.0,0.0,0.0,0.0,0.0,1.0,0.0
12/25/2023,66.0,170.0,1.0,17.0,0.0,0.0,7995.0,1.0,0.0,1.0,1.0,451.0,0.0,1.0,1.0,0.0,0.0,0.0,2.0,0.0,1.0,0.0,0.0,0.0,0.0,1.0,0.0,0.0,0.0,0.0,0.0,0.0,0.0,0.0,0.0,0.0,0.0,0.0,0.0,0.0,0.0,0.0,0.0,1.0,0.0
01/02/2023,22.0,138.0,1.0,17.0,0.0,0.0,4121.0,0.0,0.0,1.0,1.0,135.0,0.0,0.0,4.0,1.0,1.0,0.0,0.0,1.0,0.0,0.0,0.0,1.0,0.0,0.0,0.0,0.0,1.0,0.0,1.0,0.0,0.0,0.0,0.0,0.0,0.0,0.0,0.0,0.0,0.0,0.0,0.0,1.0,0.0
07/24/2023,79.0,152.0,1.0,16.0,0.0,0.0,5944.0,0.0,1.0,1.0,1.0,665.0,0.0,0.0,1.0,0.0,0.0,0.0,0.0,0.0,1.0,0.0,1.0,0.0,0.0,0.0,0.0,1.0,0.0,0.0,0.0,1.0,0.0,0.0,0.0,0.0,0.0,0.0,0.0,0.0,0.0,0.0,0.0,1.0,0.0
10/06/2023,49.0,179.0,1.0,18.0,0.0,0.0,5814.0,0.0,0.0,1.0,1.0,603.0,0.0,1.0,1.0,0.0,0.0,0.0,0.0,0.0,1.0,0.0,0.0,1.0,0.0,0.0,1.0,0.0,0.0,0.0,1.0,0.0,0.0,0.0,1.0,0.0,0.0,0.0,0.0,0.0,0.0,0.0,0.0,0.0,0.0
08/03/2023,73.0,160.0,1.0,18.0,0.0,0.0,4111.0,0.0,0.0,1.0,1.0,423.0,0.0,1.0,1.0,0.0,0.0,0.0,0.0,1.0,0.0,0.0,0.0,1.0,0.0,0.0,0.0,1.0,0.0,0.0,1.0,0.0,0.0,0.0,0.0,0.0,1.0,0.0,0.0,0.0,0.0,0.0,0.0,0.0,0.0
01/16/2023,40.0,45.0,1.0,17.0,0.0,0.0,5311.0,0.0,0.0,1.0,1.0,239.0,0.0,0.0,4.0,1.0,1.0,0.0,0.0,0.0,1.0,0.0,0.0,1.0,0.0,0.0,1.0,0.0,0.0,0.0,1.0,0.0,0.0,0.0,0.0,0.0,0.0,0.0,0.0,0.0,0.0,0.0,0.0,1.0,0.0
01/06/2023,35.0,85.0,1.0,17.0,0.0,0.0,5732.0,0.0,1.0,1.0,1.0,233.0,0.0,0.0,5.0,1.0,1.0,0.0,1.0,0.0,1.0,0.0,0.0,1.0,0.0,1.0,0.0,0.0,0.0,0.0,0.0,1.0,0.0,0.0,0.0,0.0,0.0,0.0,0.0,0.0,0.0,0.0,0.0,1.0,0.0
02/16/2023,22.0,23.0,1.0,18.0,0.0,0.0,5734.0,0.0,1.0,1.0,1.0,352.0,0.0,0.0,1.0,0.0,0.0,0.0,0.0,0.0,1.0,0.0,1.0,0.0,0.0,0.0,0.0,0.0,1.0,0.0,0.0,1.0,0.0,0.0,0.0,0.0,0.0,0.0,0.0,0.0,0.0,0.0,0.0,1.0,0.0
11/15/2023,27.0,135.0,1.0,18.0,0.0,0.0,4121.0,0.0,0.0,1.0,1.0,428.0,0.0,0.0,1.0,0.0,0.0,0.0,0.0,1.0,0.0,0.0,0.0,1.0,0.0,0.0,1.0,0.0,0.0,0.0,1.0,0.0,0.0,0.0,0.0,0.0,0.0,0.0,0.0,0.0,0.0,0.0,0.0,1.0,0.0
08/07/2023,50.0,150.0,1.0,16.0,0.0,0.0,4111.0,0.0,0.0,1.0,1.0,284.0,0.0,0.0,1.0,0.0,0.0,0.0,0.0,0.0,1.0,0.0,0.0,0.0,0.0,1.0,0.0,0.0,0.0,0.0,1.0,0.0,0.0,0.0,0.0,0.0,0.0,0.0,0.0,0.0,0.0,0.0,0.0,1.0,0.0
08/07/2023,53.0,25.0,1.0,17.0,0.0,0.0,5732.0,0.0,1.0,1.0,1.0,185.0,0.0,0.0,4.0,1.0,1.0,0.0,1.0,0.0,1.0,0.0,0.0,0.0,0.0,0.0,0.0,1.0,0.0,0.0,0.0,1.0,0.0,0.0,0.0,0.0,1.0,0.0,0.0,0.0,0.0,0.0,0.0,0.0,0.0
04/03/2023,25.0,167.0,1.0,16.0,0.0,0.0,4121.0,0.0,0.0,1.0,1.0,464.0,0.0,0.0,1.0,0.0,0.0,0.0,0.0,0.0,1.0,0.0,0.0,1.0,0.0,0.0,0.0,0.0,1.0,0.0,1.0,0.0,0.0,0.0,0.0,0.0,0.0,0.0,0.0,0.0,0.0,0.0,0.0,1.0,0.0
10/12/2023,57.0,47.0,1.0,16.0,0.0,0.0,4121.0,0.0,0.0,1.0,1.0,550.0,0.0,0.0,1.0,0.0,0.0,0.0,0.0,0.0,1.0,0.0,0.0,0.0,0.0,0.0,1.0,0.0,0.0,0.0,1.0,0.0,0.0,0.0,0.0,0.0,0.0,0.0,0.0,0.0,0.0,0.0,0.0,1.0,0.0
06/26/2023,37.0,278.0,1.0,16.0,0.0,0.0,5944.0,0.0,1.0,1.0,1.0,204.0,0.0,0.0,3.0,1.0,1.0,0.0,1.0,0.0,1.0,0.0,0.0,1.0,0.0,0.0,1.0,0.0,0.0,0.0,0.0,1.0,0.0,0.0,0.0,0.0,0.0,0.0,0.0,0.0,0.0,0.0,0.0,1.0,0.0
11/28/2023,21.0,160.0,1.0,16.0,0.0,0.0,7995.0,1.0,0.0,1.0,1.0,655.0,0.0,0.0,1.0,0.0,0.0,0.0,0.0,0.0,1.0,0.0,0.0,1.0,0.0,0.0,0.0,0.0,1.0,0.0,0.0,0.0,0.0,0.0,0.0,0.0,0.0,0.0,0.0,0.0,0.0,0.0,0.0,1.0,0.0
10/24/2023,80.0,267.0,1.0,16.0,0.0,0.0,5411.0,0.0,0.0,1.0,1.0,462.0,0.0,1.0,5.0,1.0,1.0,0.0,0.0,0.0,1.0,0.0,1.0,0.0,0.0,0.0,0.0,1.0,0.0,0.0,1.0,0.0,0.0,0.0,0.0,0.0,0.0,0.0,0.0,0.0,0.0,0.0,0.0,1.0,0.0
05/04/2023,58.0,240.0,1.0,16.0,0.0,0.0,4829.0,1.0,0.0,0.0,1.0,734.0,0.0,0.0,1.0,0.0,0.0,0.0,0.0,0.0,1.0,0.0,0.0,0.0,0.0,1.0,0.0,0.0,0.0,0.0,0.0,0.0,0.0,0.0,0.0,0.0,0.0,0.0,0.0,0.0,0.0,0.0,0.0,1.0,0.0
11/06/2023,33.0,168.0,1.0,16.0,0.0,0.0,5921.0,1.0,0.0,1.0,1.0,461.0,0.0,1.0,1.0,0.0,0.0,0.0,2.0,0.0,1.0,0.0,0.0,1.0,0.0,1.0,0.0,0.0,0.0,0.0,0.0,0.0,0.0,0.0,0.0,0.0,0.0,0.0,0.0,0.0,0.0,0.0,0.0,1.0,0.0
08/07/2023,70.0,223.0,1.0,16.0,0.0,0.0,5732.0,0.0,1.0,1.0,1.0,482.0,0.0,1.0,1.0,0.0,0.0,0.0,0.0,0.0,1.0,0.0,0.0,0.0,0.0,1.0,0.0,0.0,0.0,0.0,0.0,1.0,0.0,0.0,0.0,0.0,0.0,0.0,0.0,0.0,0.0,0.0,0.0,1.0,0.0
05/02/2023,22.0,142.0,3.0,18.0,0.0,0.0,5944.0,0.0,1.0,1.0,1.0,241.0,0.0,1.0,1.0,0.0,0.0,0.0,0.0,0.0,1.0,0.0,0.0,1.0,0.0,0.0,0.0,0.0,1.0,0.0,0.0,1.0,0.0,0.0,0.0,0.0,0.0,0.0,0.0,0.0,0.0,0.0,0.0,1.0,0.0
03/22/2023,56.0,28.0,1.0,17.0,0.0,0.0,5812.0,0.0,0.0,1.0,1.0,349.0,0.0,0.0,2.0,0.0,1.0,0.0,0.0,0.0,1.0,0.0,0.0,0.0,0.0,0.0,1.0,0.0,0.0,0.0,1.0,0.0,0.0,0.0,0.0,0.0,0.0,0.0,0.0,0.0,0.0,0.0,0.0,1.0,0.0
05/08/2023,25.0,31.0,1.0,16.0,0.0,0.0,5732.0,0.0,1.0,1.0,1.0,449.0,0.0,0.0,4.0,1.0,1.0,0.0,1.0,0.0,1.0,0.0,1.0,0.0,0.0,0.0,0.0,0.0,1.0,0.0,0.0,1.0,0.0,0.0,0.0,0.0,0.0,0.0,0.0,0.0,0.0,0.0,0.0,1.0,0.0
01/02/2023,27.0,56.0,1.0,17.0,0.0,0.0,5411.0,0.0,0.0,1.0,1.0,193.0,0.0,0.0,1.0,0.0,0.0,0.0,0.0,0.0,1.0,0.0,0.0,0.0,0.0,0.0,1.0,0.0,0.0,0.0,1.0,0.0,0.0,0.0,0.0,0.0,0.0,0.0,0.0,0.0,0.0,0.0,0.0,1.0,0.0
02/21/2023,24.0,78.0,1.0,16.0,0.0,0.0,4829.0,1.0,0.0,1.0,1.0,446.0,0.0,0.0,2.0,0.0,1.0,0.0,1.0,0.0,1.0,0.0,0.0,0.0,0.0,0.0,0.0,0.0,1.0,0.0,0.0,0.0,0.0,0.0,0.0,0.0,0.0,0.0,0.0,0.0,0.0,0.0,1.0,0.0,0.0
07/24/2023,62.0,75.0,1.0,17.0,0.0,0.0,4111.0,0.0,0.0,1.0,1.0,338.0,0.0,0.0,1.0,0.0,0.0,0.0,0.0,0.0,1.0,0.0,1.0,0.0,0.0,0.0,0.0,1.0,0.0,0.0,1.0,0.0,0.0,0.0,0.0,0.0,0.0,0.0,0.0,0.0,0.0,0.0,0.0,1.0,0.0
06/23/2023,65.0,23.0,1.0,17.0,0.0,0.0,7299.0,1.0,0.0,1.0,1.0,686.0,0.0,0.0,1.0,0.0,0.0,0.0,2.0,0.0,1.0,0.0,0.0,1.0,0.0,1.0,0.0,0.0,0.0,0.0,0.0,0.0,0.0,0.0,0.0,0.0,0.0,0.0,0.0,0.0,0.0,0.0,0.0,1.0,0.0
09/01/2023,79.0,112.0,1.0,17.0,0.0,0.0,5734.0,0.0,1.0,1.0,1.0,563.0,0.0,0.0,1.0,0.0,0.0,0.0,0.0,0.0,1.0,0.0,0.0,0.0,0.0,0.0,0.0,1.0,0.0,0.0,0.0,1.0,0.0,0.0,0.0,0.0,0.0,0.0,0.0,0.0,0.0,0.0,0.0,1.0,0.0
12/11/2023,76.0,74.0,1.0,16.0,0.0,0.0,7995.0,1.0,0.0,1.0,1.0,882.0,0.0,1.0,1.0,0.0,0.0,0.0,2.0,1.0,0.0,0.0,0.0,1.0,0.0,0.0,0.0,1.0,0.0,0.0,0.0,0.0,0.0,0.0,0.0,0.0,0.0,0.0,0.0,0.0,0.0,0.0,0.0,1.0,0.0
03/13/2023,24.0,47.0,1.0,16.0,0.0,0.0,5311.0,0.0,0.0,1.0,1.0,268.0,0.0,0.0,1.0,0.0,0.0,0.0,0.0,0.0,1.0,0.0,1.0,0.0,0.0,0.0,0.0,0.0,1.0,0.0,1.0,0.0,0.0,0.0,0.0,0.0,0.0,0.0,0.0,0.0,0.0,0.0,0.0,1.0,0.0
06/26/2023,25.0,53.0,1.0,17.0,0.0,0.0,5411.0,0.0,0.0,1.0,1.0,203.0,0.0,1.0,1.0,0.0,0.0,0.0,0.0,0.0,1.0,0.0,0.0,1.0,0.0,0.0,0.0,0.0,1.0,0.0,1.0,0.0,0.0,0.0,0.0,0.0,0.0,0.0,0.0,0.0,0.0,0.0,0.0,1.0,0.0
07/28/2023,66.0,141.0,1.0,16.0,0.0,0.0,5944.0,0.0,1.0,1.0,1.0,331.0,0.0,0.0,1.0,0.0,0.0,0.0,0.0,0.0,1.0,0.0,0.0,0.0,0.0,1.0,0.0,0.0,0.0,0.0,0.0,1.0,0.0,0.0,0.0,0.0,0.0,0.0,0.0,0.0,0.0,0.0,0.0,1.0,0.0
04/12/2023,53.0,188.0,1.0,17.0,0.0,0.0,5411.0,0.0,0.0,1.0,1.0,421.0,0.0,0.0,2.0,0.0,1.0,0.0,0.0,1.0,0.0,0.0,1.0,0.0,0.0,0.0,0.0,1.0,0.0,0.0,1.0,0.0,0.0,0.0,0.0,0.0,0.0,0.0,0.0,0.0,0.0,0.0,0.0,1.0,0.0
02/27/2023,78.0,125.0,1.0,16.0,0.0,0.0,6011.0,1.0,0.0,1.0,1.0,203.0,0.0,0.0,1.0,0.0,0.0,0.0,0.0,1.0,0.0,0.0,1.0,0.0,0.0,0.0,0.0,1.0,0.0,0.0,0.0,0.0,0.0,0.0,0.0,0.0,0.0,0.0,0.0,0.0,0.0,0.0,0.0,1.0,0.0
10/13/2023,58.0,243.0,1.0,16.0,0.0,0.0,7299.0,1.0,0.0,1.0,1.0,440.0,0.0,1.0,1.0,0.0,0.0,0.0,2.0,0.0,1.0,0.0,0.0,0.0,0.0,1.0,0.0,0.0,0.0,0.0,0.0,0.0,0.0,0.0,0.0,0.0,0.0,0.0,0.0,0.0,0.0,0.0,0.0,1.0,0.0
03/27/2023,28.0,98.0,1.0,16.0,0.0,0.0,5732.0,0.0,1.0,1.0,1.0,349.0,0.0,1.0,2.0,0.0,1.0,0.0,0.0,1.0,0.0,0.0,1.0,0.0,0.0,0.0,0.0,0.0,1.0,0.0,0.0,1.0,0.0,0.0,0.0,0.0,0.0,0.0,0.0,0.0,0.0,0.0,0.0,1.0,0.0
02/03/2023,28.0,113.0,1.0,17.0,0.0,0.0,5734.0,0.0,1.0,1.0,1.0,67.0,0.0,0.0,2.0,0.0,1.0,0.0,1.0,0.0,1.0,0.0,0.0,1.0,0.0,0.0,1.0,0.0,0.0,0.0,0.0,1.0,0.0,0.0,0.0,0.0,0.0,0.0,0.0,0.0,0.0,1.0,0.0,0.0,0.0
04/12/2023,31.0,28.0,1.0,17.0,0.0,0.0,7995.0,1.0,0.0,1.0,1.0,90.0,0.0,0.0,4.0,1.0,1.0,0.0,3.0,0.0,1.0,0.0,0.0,1.0,0.0,1.0,0.0,0.0,0.0,0.0,0.0,0.0,0.0,0.0,0.0,0.0,0.0,0.0,0.0,0.0,0.0,0.0,0.0,1.0,0.0
11/30/2023,44.0,100.0,1.0,16.0,0.0,0.0,5734.0,0.0,1.0,1.0,1.0,881.0,0.0,1.0,1.0,0.0,0.0,0.0,0.0,1.0,0.0,0.0,0.0,0.0,0.0,0.0,1.0,0.0,0.0,0.0,0.0,1.0,0.0,0.0,0.0,0.0,0.0,0.0,0.0,0.0,0.0,0.0,0.0,1.0,0.0
09/27/2023,75.0,195.0,1.0,17.0,0.0,0.0,5814.0,0.0,0.0,1.0,1.0,352.0,0.0,0.0,1.0,0.0,0.0,0.0,0.0,1.0,0.0,0.0,0.0,1.0,0.0,0.0,0.0,1.0,0.0,0.0,1.0,0.0,0.0,0.0,0.0,0.0,0.0,0.0,0.0,0.0,0.0,0.0,0.0,1.0,0.0
01/31/2023,34.0,165.0,1.0,18.0,0.0,0.0,5732.0,0.0,1.0,1.0,1.0,95.0,0.0,0.0,1.0,0.0,0.0,0.0,0.0,0.0,1.0,0.0,0.0,0.0,0.0,0.0,1.0,0.0,0.0,0.0,0.0,1.0,0.0,0.0,0.0,0.0,0.0,0.0,1.0,0.0,0.0,0.0,0.0,0.0,0.0
06/23/2023,20.0,172.0,1.0,16.0,0.0,0.0,5732.0,0.0,1.0,1.0,1.0,189.0,0.0,0.0,1.0,0.0,0.0,0.0,0.0,0.0,1.0,0.0,1.0,0.0,0.0,0.0,0.0,0.0,1.0,0.0,0.0,1.0,0.0,0.0,0.0,0.0,0.0,0.0,0.0,0.0,0.0,0.0,0.0,1.0,0.0
10/16/2023,20.0,60.0,3.0,18.0,0.0,0.0,5944.0,0.0,1.0,1.0,1.0,368.0,0.0,0.0,1.0,0.0,0.0,0.0,0.0,0.0,1.0,0.0,0.0,1.0,0.0,0.0,0.0,0.0,1.0,0.0,0.0,1.0,0.0,0.0,0.0,0.0,0.0,0.0,0.0,0.0,0.0,0.0,0.0,1.0,0.0
10/24/2023,52.0,12.0,1.0,16.0,0.0,0.0,4111.0,0.0,0.0,1.0,1.0,309.0,0.0,0.0,1.0,0.0,0.0,0.0,0.0,0.0,1.0,0.0,1.0,0.0,0.0,1.0,0.0,0.0,0.0,0.0,1.0,0.0,0.0,0.0,0.0,0.0,0.0,0.0,0.0,0.0,0.0,0.0,0.0,1.0,0.0
04/14/2023,25.0,101.0,1.0,17.0,0.0,0.0,5411.0,0.0,0.0,1.0,1.0,286.0,0.0,0.0,1.0,0.0,0.0,0.0,0.0,1.0,0.0,0.0,1.0,0.0,0.0,0.0,0.0,0.0,1.0,0.0,1.0,0.0,0.0,0.0,0.0,0.0,0.0,0.0,0.0,0.0,0.0,0.0,0.0,1.0,0.0
11/13/2023,60.0,159.0,1.0,17.0,0.0,0.0,5944.0,0.0,1.0,1.0,1.0,175.0,0.0,0.0,1.0,0.0,0.0,0.0,0.0,1.0,0.0,0.0,1.0,0.0,0.0,0.0,1.0,0.0,0.0,0.0,0.0,1.0,0.0,0.0,0.0,0.0,0.0,0.0,0.0,0.0,0.0,0.0,0.0,1.0,0.0
03/17/2023,45.0,177.0,1.0,16.0,0.0,0.0,5411.0,0.0,0.0,1.0,1.0,546.0,0.0,0.0,1.0,0.0,0.0,0.0,0.0,1.0,0.0,0.0,0.0,1.0,0.0,0.0,1.0,0.0,0.0,0.0,1.0,0.0,0.0,0.0,0.0,0.0,0.0,0.0,0.0,0.0,0.0,0.0,0.0,1.0,0.0
06/22/2023,58.0,107.0,1.0,16.0,0.0,0.0,5734.0,0.0,1.0,1.0,1.0,46.0,1.0,1.0,1.0,0.0,0.0,0.0,0.0,0.0,1.0,0.0,1.0,0.0,0.0,0.0,1.0,0.0,0.0,0.0,0.0,1.0,0.0,0.0,0.0,0.0,0.0,0.0,0.0,0.0,0.0,0.0,0.0,1.0,0.0
06/21/2023,27.0,216.0,1.0,16.0,0.0,0.0,5311.0,0.0,0.0,1.0,1.0,201.0,0.0,1.0,1.0,0.0,0.0,0.0,0.0,0.0,1.0,0.0,0.0,0.0,0.0,0.0,0.0,0.0,1.0,0.0,1.0,0.0,0.0,0.0,0.0,0.0,0.0,0.0,0.0,0.0,0.0,0.0,0.0,1.0,0.0
01/03/2023,53.0,75.0,4.0,16.0,0.0,0.0,5411.0,0.0,0.0,1.0,1.0,109.0,0.0,0.0,2.0,0.0,1.0,0.0,0.0,1.0,0.0,0.0,1.0,0.0,0.0,1.0,0.0,0.0,0.0,0.0,1.0,0.0,0.0,0.0,0.0,0.0,0.0,0.0,0.0,0.0,0.0,0.0,0.0,1.0,0.0
06/29/2023,45.0,105.0,1.0,17.0,0.0,0.0,5921.0,1.0,0.0,1.0,1.0,108.0,0.0,0.0,1.0,0.0,0.0,0.0,0.0,0.0,1.0,0.0,0.0,0.0,0.0,1.0,0.0,0.0,0.0,0.0,0.0,0.0,0.0,0.0,0.0,0.0,0.0,0.0,0.0,0.0,0.0,0.0,0.0,1.0,0.0
10/06/2023,72.0,129.0,1.0,16.0,0.0,0.0,7995.0,1.0,0.0,1.0,1.0,90.0,0.0,0.0,1.0,0.0,0.0,1.0,2.0,1.0,0.0,0.0,0.0,1.0,0.0,0.0,0.0,1.0,0.0,0.0,0.0,0.0,0.0,0.0,0.0,0.0,0.0,0.0,0.0,0.0,0.0,0.0,0.0,1.0,0.0
09/25/2023,78.0,40.0,1.0,17.0,0.0,0.0,5734.0,0.0,1.0,1.0,1.0,337.0,0.0,0.0,4.0,1.0,1.0,0.0,0.0,1.0,0.0,0.0,1.0,0.0,0.0,0.0,0.0,1.0,0.0,0.0,0.0,1.0,0.0,0.0,0.0,0.0,0.0,0.0,0.0,0.0,0.0,0.0,0.0,1.0,0.0
05/04/2023,48.0,83.0,1.0,17.0,0.0,0.0,5311.0,0.0,0.0,1.0,1.0,272.0,0.0,0.0,1.0,0.0,0.0,0.0,0.0,0.0,1.0,0.0,0.0,1.0,0.0,0.0,1.0,0.0,0.0,0.0,1.0,0.0,0.0,0.0,0.0,0.0,0.0,0.0,0.0,0.0,0.0,0.0,0.0,1.0,0.0
04/17/2023,60.0,23.0,1.0,16.0,0.0,0.0,5734.0,0.0,1.0,1.0,1.0,175.0,0.0,0.0,1.0,0.0,0.0,0.0,0.0,0.0,1.0,0.0,0.0,0.0,0.0,0.0,0.0,1.0,0.0,0.0,0.0,1.0,0.0,0.0,0.0,0.0,0.0,0.0,0.0,0.0,0.0,0.0,0.0,1.0,0.0
06/01/2023,34.0,140.0,1.0,16.0,0.0,0.0,5311.0,0.0,0.0,1.0,1.0,197.0,0.0,0.0,1.0,0.0,0.0,0.0,0.0,0.0,1.0,0.0,1.0,0.0,0.0,0.0,1.0,0.0,0.0,0.0,1.0,0.0,0.0,0.0,0.0,0.0,0.0,0.0,0.0,0.0,0.0,0.0,0.0,1.0,0.0
11/21/2023,54.0,54.0,1.0,16.0,0.0,0.0,5999.0,1.0,0.0,1.0,1.0,223.0,0.0,1.0,1.0,0.0,0.0,0.0,2.0,1.0,0.0,0.0,0.0,1.0,0.0,0.0,1.0,0.0,0.0,0.0,0.0,0.0,0.0,0.0,0.0,0.0,0.0,0.0,0.0,0.0,0.0,0.0,0.0,1.0,0.0
04/21/2023,44.0,26.0,1.0,16.0,0.0,0.0,5999.0,1.0,0.0,1.0,1.0,139.0,0.0,0.0,1.0,0.0,0.0,0.0,2.0,0.0,1.0,0.0,0.0,1.0,0.0,1.0,0.0,0.0,0.0,0.0,0.0,0.0,0.0,0.0,0.0,0.0,0.0,0.0,0.0,0.0,0.0,0.0,0.0,1.0,0.0
12/27/2023,21.0,181.0,1.0,17.0,0.0,0.0,7299.0,1.0,0.0,1.0,1.0,227.0,0.0,1.0,1.0,0.0,0.0,0.0,2.0,0.0,1.0,0.0,1.0,0.0,0.0,0.0,0.0,0.0,1.0,0.0,0.0,0.0,0.0,0.0,0.0,0.0,0.0,0.0,0.0,0.0,0.0,0.0,0.0,1.0,0.0
08/28/2023,66.0,120.0,1.0,16.0,0.0,0.0,6011.0,1.0,0.0,1.0,1.0,145.0,0.0,0.0,2.0,0.0,1.0,0.0,0.0,1.0,0.0,0.0,0.0,1.0,0.0,1.0,0.0,0.0,0.0,0.0,0.0,0.0,0.0,0.0,0.0,0.0,0.0,0.0,0.0,0.0,0.0,0.0,0.0,1.0,0.0
12/11/2023,66.0,33.0,1.0,18.0,0.0,0.0,5411.0,0.0,0.0,1.0,1.0,734.0,0.0,1.0,1.0,0.0,0.0,1.0,2.0,0.0,1.0,0.0,0.0,1.0,0.0,0.0,0.0,1.0,0.0,0.0,1.0,0.0,0.0,0.0,0.0,0.0,0.0,0.0,0.0,0.0,0.0,0.0,0.0,1.0,0.0
07/10/2023,50.0,103.0,1.0,17.0,0.0,0.0,4829.0,1.0,0.0,1.0,1.0,867.0,0.0,0.0,2.0,0.0,1.0,0.0,1.0,0.0,1.0,0.0,1.0,0.0,0.0,0.0,1.0,0.0,0.0,0.0,0.0,0.0,0.0,0.0,0.0,0.0,0.0,0.0,0.0,0.0,0.0,0.0,0.0,1.0,0.0
12/12/2023,63.0,77.0,1.0,17.0,0.0,0.0,5311.0,0.0,0.0,1.0,1.0,407.0,0.0,1.0,1.0,0.0,0.0,0.0,0.0,0.0,1.0,0.0,0.0,0.0,0.0,0.0,0.0,1.0,0.0,0.0,1.0,0.0,0.0,0.0,0.0,0.0,0.0,0.0,0.0,0.0,0.0,0.0,1.0,0.0,0.0
08/07/2023,34.0,173.0,1.0,16.0,0.0,0.0,7995.0,1.0,0.0,1.0,1.0,325.0,0.0,0.0,1.0,0.0,0.0,0.0,0.0,0.0,1.0,0.0,0.0,1.0,0.0,1.0,0.0,0.0,0.0,0.0,0.0,0.0,0.0,0.0,0.0,0.0,0.0,1.0,0.0,0.0,0.0,0.0,0.0,0.0,0.0
06/06/2023,46.0,110.0,1.0,17.0,0.0,0.0,5734.0,0.0,1.0,1.0,1.0,325.0,0.0,0.0,1.0,0.0,0.0,0.0,0.0,0.0,1.0,0.0,0.0,0.0,0.0,1.0,0.0,0.0,0.0,0.0,0.0,1.0,0.0,0.0,0.0,0.0,0.0,0.0,0.0,0.0,0.0,0.0,0.0,1.0,0.0
12/19/2023,57.0,119.0,1.0,16.0,0.0,0.0,5734.0,0.0,1.0,1.0,1.0,64.0,0.0,1.0,2.0,0.0,1.0,0.0,2.0,0.0,1.0,0.0,1.0,0.0,0.0,0.0,0.0,1.0,0.0,0.0,0.0,1.0,0.0,0.0,0.0,0.0,0.0,0.0,0.0,0.0,0.0,0.0,0.0,1.0,0.0
06/27/2023,30.0,161.0,1.0,17.0,0.0,0.0,5411.0,0.0,0.0,1.0,1.0,455.0,0.0,0.0,2.0,0.0,1.0,0.0,0.0,0.0,1.0,0.0,0.0,0.0,0.0,1.0,0.0,0.0,0.0,0.0,1.0,0.0,0.0,0.0,0.0,0.0,0.0,0.0,0.0,0.0,0.0,0.0,0.0,1.0,0.0
12/04/2023,43.0,300.0,1.0,16.0,0.0,0.0,5814.0,0.0,0.0,1.0,1.0,199.0,0.0,1.0,1.0,0.0,0.0,0.0,2.0,0.0,1.0,0.0,0.0,1.0,0.0,0.0,1.0,0.0,0.0,0.0,1.0,0.0,0.0,0.0,0.0,0.0,0.0,0.0,0.0,0.0,0.0,0.0,0.0,1.0,0.0
07/03/2023,55.0,275.0,1.0,18.0,0.0,0.0,6011.0,1.0,0.0,1.0,1.0,427.0,0.0,0.0,2.0,0.0,1.0,1.0,2.0,0.0,1.0,0.0,0.0,1.0,0.0,1.0,0.0,0.0,0.0,0.0,0.0,0.0,0.0,0.0,0.0,0.0,0.0,0.0,0.0,0.0,1.0,0.0,0.0,0.0,0.0
11/24/2023,35.0,106.0,1.0,17.0,0.0,0.0,5732.0,0.0,1.0,1.0,1.0,199.0,0.0,0.0,2.0,0.0,1.0,0.0,0.0,0.0,1.0,0.0,0.0,1.0,0.0,1.0,0.0,0.0,0.0,0.0,0.0,1.0,0.0,0.0,0.0,0.0,0.0,0.0,0.0,0.0,0.0,0.0,0.0,1.0,0.0
06/12/2023,25.0,104.0,1.0,17.0,0.0,0.0,5732.0,0.0,1.0,1.0,1.0,113.0,0.0,0.0,2.0,0.0,1.0,0.0,0.0,0.0,1.0,0.0,0.0,0.0,0.0,0.0,0.0,0.0,1.0,0.0,0.0,1.0,0.0,0.0,0.0,0.0,0.0,0.0,0.0,0.0,0.0,0.0,0.0,1.0,0.0
09/04/2023,18.0,168.0,1.0,18.0,0.0,0.0,5732.0,0.0,1.0,1.0,1.0,333.0,0.0,0.0,2.0,0.0,1.0,0.0,0.0,0.0,1.0,0.0,0.0,0.0,0.0,0.0,0.0,0.0,1.0,0.0,0.0,1.0,0.0,0.0,0.0,0.0,0.0,0.0,0.0,0.0,0.0,0.0,0.0,1.0,0.0
05/16/2023,67.0,97.0,1.0,16.0,0.0,0.0,4111.0,0.0,0.0,1.0,1.0,223.0,0.0,1.0,1.0,0.0,0.0,0.0,0.0,0.0,1.0,0.0,0.0,1.0,0.0,1.0,0.0,0.0,0.0,0.0,1.0,0.0,0.0,0.0,0.0,0.0,0.0,0.0,0.0,0.0,0.0,0.0,0.0,1.0,0.0
07/10/2023,19.0,61.0,1.0,16.0,0.0,0.0,4111.0,0.0,0.0,1.0,1.0,199.0,0.0,0.0,4.0,1.0,1.0,0.0,0.0,0.0,1.0,0.0,0.0,1.0,0.0,0.0,0.0,0.0,1.0,0.0,1.0,0.0,0.0,0.0,0.0,0.0,0.0,0.0,0.0,0.0,0.0,0.0,0.0,1.0,0.0
08/14/2023,21.0,88.0,1.0,17.0,0.0,0.0,5999.0,1.0,0.0,1.0,1.0,360.0,0.0,1.0,1.0,0.0,0.0,0.0,2.0,1.0,0.0,0.0,0.0,1.0,0.0,0.0,0.0,0.0,1.0,0.0,0.0,0.0,0.0,0.0,0.0,0.0,0.0,0.0,0.0,0.0,0.0,0.0,0.0,1.0,0.0
06/14/2023,79.0,102.0,1.0,16.0,0.0,0.0,4829.0,1.0,0.0,1.0,1.0,284.0,0.0,1.0,1.0,0.0,0.0,0.0,2.0,0.0,1.0,0.0,0.0,0.0,0.0,0.0,0.0,1.0,0.0,0.0,0.0,0.0,0.0,0.0,0.0,0.0,0.0,0.0,0.0,0.0,0.0,0.0,0.0,1.0,0.0
09/27/2023,27.0,153.0,1.0,16.0,0.0,0.0,5999.0,1.0,0.0,1.0,1.0,609.0,0.0,1.0,1.0,0.0,0.0,0.0,2.0,0.0,1.0,0.0,0.0,1.0,0.0,0.0,0.0,0.0,1.0,0.0,0.0,0.0,0.0,0.0,0.0,0.0,0.0,0.0,0.0,0.0,0.0,0.0,0.0,1.0,0.0
09/28/2023,51.0,42.0,1.0,16.0,0.0,0.0,5734.0,0.0,1.0,1.0,1.0,211.0,0.0,0.0,2.0,0.0,1.0,0.0,0.0,0.0,1.0,0.0,0.0,1.0,0.0,0.0,0.0,1.0,0.0,0.0,0.0,1.0,0.0,0.0,0.0,0.0,0.0,0.0,0.0,0.0,0.0,0.0,0.0,1.0,0.0
12/27/2023,41.0,168.0,1.0,18.0,0.0,0.0,6011.0,1.0,0.0,1.0,1.0,148.0,0.0,1.0,1.0,0.0,0.0,0.0,2.0,0.0,1.0,0.0,1.0,0.0,0.0,1.0,0.0,0.0,0.0,0.0,0.0,0.0,0.0,0.0,0.0,0.0,0.0,0.0,0.0,0.0,0.0,0.0,0.0,1.0,0.0
09/19/2023,47.0,106.0,1.0,16.0,0.0,0.0,5814.0,0.0,0.0,1.0,0.0,338.0,0.0,1.0,1.0,0.0,0.0,0.0,0.0,0.0,1.0,0.0,0.0,0.0,0.0,1.0,0.0,0.0,0.0,0.0,1.0,0.0,0.0,0.0,0.0,0.0,0.0,0.0,0.0,0.0,0.0,0.0,0.0,1.0,0.0
03/16/2023,59.0,53.0,1.0,16.0,0.0,0.0,7995.0,1.0,0.0,1.0,1.0,932.0,0.0,0.0,1.0,0.0,0.0,0.0,0.0,0.0,1.0,0.0,0.0,0.0,0.0,0.0,0.0,1.0,0.0,0.0,0.0,0.0,0.0,0.0,0.0,0.0,0.0,0.0,0.0,0.0,0.0,0.0,0.0,1.0,0.0
02/20/2023,24.0,66.0,1.0,16.0,0.0,0.0,5411.0,0.0,0.0,1.0,1.0,826.0,0.0,0.0,1.0,0.0,0.0,0.0,0.0,0.0,1.0,0.0,1.0,0.0,0.0,0.0,0.0,0.0,1.0,0.0,1.0,0.0,0.0,0.0,0.0,0.0,0.0,0.0,0.0,0.0,0.0,0.0,0.0,1.0,0.0
01/03/2023,60.0,93.0,1.0,17.0,0.0,0.0,5944.0,0.0,1.0,1.0,1.0,177.0,0.0,0.0,1.0,0.0,0.0,0.0,0.0,1.0,0.0,0.0,1.0,0.0,0.0,0.0,1.0,0.0,0.0,0.0,0.0,1.0,0.0,0.0,0.0,0.0,0.0,1.0,0.0,0.0,0.0,0.0,0.0,0.0,0.0
05/25/2023,57.0,72.0,1.0,16.0,0.0,0.0,4829.0,1.0,0.0,1.0,1.0,363.0,0.0,0.0,1.0,0.0,0.0,0.0,2.0,0.0,1.0,0.0,1.0,0.0,0.0,1.0,0.0,0.0,0.0,0.0,0.0,0.0,0.0,0.0,0.0,0.0,0.0,0.0,0.0,0.0,0.0,0.0,0.0,1.0,0.0
08/11/2023,18.0,136.0,1.0,16.0,0.0,0.0,5732.0,0.0,1.0,1.0,1.0,341.0,0.0,0.0,5.0,1.0,1.0,0.0,0.0,1.0,0.0,0.0,1.0,0.0,0.0,0.0,0.0,0.0,1.0,0.0,0.0,1.0,0.0,0.0,0.0,0.0,0.0,0.0,0.0,0.0,0.0,0.0,0.0,1.0,0.0
04/21/2023,34.0,70.0,1.0,17.0,0.0,0.0,4829.0,1.0,0.0,1.0,1.0,932.0,0.0,0.0,1.0,0.0,0.0,0.0,0.0,0.0,1.0,0.0,0.0,0.0,0.0,1.0,0.0,0.0,0.0,0.0,0.0,0.0,0.0,0.0,0.0,0.0,0.0,0.0,0.0,0.0,0.0,0.0,0.0,1.0,0.0
03/20/2023,34.0,106.0,1.0,17.0,0.0,0.0,4829.0,1.0,0.0,1.0,1.0,311.0,0.0,0.0,1.0,0.0,0.0,0.0,0.0,0.0,1.0,0.0,0.0,1.0,0.0,1.0,0.0,0.0,0.0,0.0,0.0,0.0,0.0,0.0,0.0,0.0,0.0,0.0,0.0,0.0,0.0,0.0,0.0,1.0,0.0
03/13/2023,18.0,83.0,1.0,18.0,0.0,0.0,5921.0,1.0,0.0,1.0,1.0,353.0,0.0,0.0,1.0,0.0,0.0,0.0,0.0,0.0,1.0,0.0,0.0,1.0,0.0,0.0,0.0,0.0,1.0,0.0,0.0,0.0,0.0,0.0,0.0,0.0,0.0,0.0,0.0,0.0,0.0,0.0,0.0,1.0,0.0
08/07/2023,59.0,38.0,1.0,16.0,0.0,0.0,5311.0,0.0,0.0,1.0,1.0,189.0,0.0,0.0,1.0,0.0,0.0,0.0,0.0,1.0,0.0,0.0,0.0,1.0,0.0,1.0,0.0,0.0,0.0,0.0,1.0,0.0,0.0,0.0,0.0,0.0,0.0,0.0,0.0,0.0,0.0,0.0,0.0,1.0,0.0
03/30/2023,67.0,175.0,1.0,18.0,0.0,0.0,5944.0,0.0,1.0,1.0,1.0,434.0,0.0,0.0,3.0,1.0,1.0,0.0,0.0,0.0,1.0,0.0,1.0,0.0,0.0,0.0,0.0,1.0,0.0,0.0,0.0,1.0,0.0,0.0,0.0,0.0,0.0,0.0,0.0,0.0,0.0,0.0,0.0,1.0,0.0
03/20/2023,69.0,31.0,1.0,17.0,0.0,0.0,7995.0,1.0,0.0,1.0,1.0,312.0,0.0,0.0,1.0,0.0,0.0,0.0,0.0,0.0,1.0,0.0,0.0,0.0,0.0,0.0,0.0,1.0,0.0,0.0,0.0,0.0,0.0,0.0,0.0,0.0,0.0,0.0,0.0,0.0,0.0,0.0,0.0,1.0,0.0
07/04/2023,31.0,135.0,1.0,16.0,0.0,0.0,5311.0,0.0,0.0,1.0,1.0,760.0,0.0,0.0,1.0,0.0,0.0,0.0,0.0,0.0,1.0,0.0,1.0,0.0,0.0,0.0,1.0,0.0,0.0,0.0,1.0,0.0,0.0,0.0,0.0,0.0,0.0,0.0,0.0,0.0,0.0,0.0,0.0,1.0,0.0
05/11/2023,25.0,160.0,1.0,18.0,0.0,0.0,7995.0,1.0,0.0,1.0,1.0,826.0,0.0,0.0,1.0,0.0,0.0,0.0,0.0,0.0,1.0,0.0,0.0,0.0,0.0,0.0,0.0,0.0,1.0,0.0,0.0,0.0,0.0,0.0,0.0,0.0,0.0,0.0,0.0,0.0,0.0,0.0,0.0,1.0,0.0
09/06/2023,27.0,87.0,1.0,18.0,0.0,0.0,5814.0,0.0,0.0,1.0,1.0,393.0,0.0,1.0,2.0,0.0,1.0,0.0,0.0,0.0,1.0,0.0,0.0,1.0,0.0,0.0,0.0,0.0,1.0,0.0,1.0,0.0,0.0,0.0,0.0,0.0,0.0,0.0,0.0,0.0,0.0,0.0,0.0,1.0,0.0
04/06/2023,64.0,109.0,1.0,16.0,0.0,0.0,5999.0,1.0,0.0,1.0,1.0,360.0,0.0,0.0,1.0,0.0,0.0,0.0,0.0,0.0,1.0,0.0,0.0,0.0,0.0,0.0,0.0,1.0,0.0,0.0,0.0,0.0,0.0,0.0,0.0,0.0,0.0,0.0,0.0,0.0,0.0,0.0,0.0,1.0,0.0
10/23/2023,43.0,137.0,1.0,16.0,0.0,0.0,4111.0,0.0,0.0,1.0,1.0,1216.0,0.0,0.0,1.0,0.0,0.0,0.0,0.0,0.0,1.0,0.0,1.0,0.0,0.0,1.0,0.0,0.0,0.0,0.0,1.0,0.0,0.0,0.0,0.0,0.0,0.0,0.0,0.0,0.0,0.0,1.0,0.0,0.0,0.0
06/20/2023,18.0,68.0,1.0,17.0,0.0,0.0,5944.0,0.0,1.0,1.0,1.0,428.0,0.0,1.0,1.0,0.0,0.0,0.0,0.0,0.0,1.0,0.0,0.0,1.0,0.0,0.0,0.0,0.0,1.0,0.0,0.0,1.0,0.0,0.0,0.0,0.0,0.0,0.0,0.0,0.0,0.0,0.0,0.0,1.0,0.0
11/20/2023,48.0,73.0,1.0,18.0,0.0,0.0,5311.0,0.0,0.0,1.0,1.0,333.0,0.0,1.0,4.0,1.0,1.0,0.0,0.0,0.0,1.0,0.0,1.0,0.0,0.0,0.0,1.0,0.0,0.0,0.0,1.0,0.0,0.0,0.0,0.0,0.0,0.0,0.0,0.0,0.0,0.0,0.0,1.0,0.0,0.0
12/19/2023,79.0,154.0,1.0,16.0,0.0,0.0,5732.0,0.0,1.0,1.0,1.0,540.0,0.0,1.0,4.0,1.0,1.0,0.0,0.0,1.0,0.0,0.0,0.0,1.0,0.0,0.0,0.0,1.0,0.0,0.0,0.0,1.0,0.0,0.0,0.0,0.0,0.0,0.0,0.0,0.0,0.0,0.0,0.0,1.0,0.0
08/08/2023,53.0,23.0,1.0,16.0,0.0,0.0,7995.0,1.0,0.0,1.0,1.0,61.0,0.0,0.0,4.0,1.0,1.0,0.0,0.0,0.0,1.0,0.0,1.0,0.0,0.0,0.0,0.0,1.0,0.0,0.0,0.0,0.0,0.0,0.0,0.0,0.0,0.0,0.0,0.0,0.0,0.0,0.0,0.0,1.0,0.0
05/04/2023,75.0,261.0,1.0,17.0,0.0,0.0,5814.0,0.0,0.0,1.0,1.0,603.0,0.0,0.0,1.0,0.0,0.0,0.0,0.0,0.0,1.0,0.0,0.0,0.0,0.0,0.0,0.0,1.0,0.0,0.0,1.0,0.0,0.0,0.0,0.0,0.0,0.0,0.0,0.0,0.0,0.0,0.0,0.0,1.0,0.0
08/02/2023,28.0,48.0,1.0,16.0,0.0,0.0,4111.0,0.0,0.0,1.0,1.0,548.0,0.0,0.0,1.0,0.0,0.0,0.0,0.0,1.0,0.0,0.0,0.0,0.0,0.0,0.0,0.0,0.0,1.0,0.0,1.0,0.0,0.0,0.0,0.0,0.0,0.0,0.0,0.0,0.0,0.0,0.0,0.0,1.0,0.0
07/04/2023,58.0,13.0,1.0,16.0,0.0,0.0,5411.0,0.0,0.0,1.0,1.0,113.0,0.0,0.0,1.0,0.0,0.0,1.0,0.0,0.0,1.0,0.0,0.0,1.0,0.0,1.0,0.0,0.0,0.0,0.0,1.0,0.0,0.0,0.0,0.0,0.0,0.0,0.0,0.0,0.0,0.0,0.0,0.0,1.0,0.0
01/10/2023,20.0,134.0,1.0,16.0,0.0,0.0,5732.0,0.0,1.0,1.0,1.0,207.0,0.0,0.0,2.0,0.0,1.0,0.0,1.0,0.0,1.0,0.0,0.0,1.0,0.0,0.0,0.0,0.0,1.0,0.0,0.0,1.0,0.0,0.0,0.0,0.0,0.0,0.0,0.0,0.0,0.0,0.0,0.0,1.0,0.0
10/16/2023,20.0,104.0,1.0,17.0,0.0,0.0,5814.0,0.0,0.0,1.0,1.0,449.0,0.0,0.0,1.0,0.0,0.0,0.0,0.0,0.0,1.0,0.0,0.0,0.0,0.0,0.0,0.0,0.0,1.0,0.0,1.0,0.0,0.0,0.0,0.0,0.0,0.0,0.0,0.0,0.0,0.0,0.0,0.0,1.0,0.0
10/18/2023,27.0,42.0,1.0,16.0,0.0,0.0,5999.0,1.0,0.0,1.0,1.0,493.0,0.0,0.0,1.0,0.0,0.0,0.0,0.0,0.0,1.0,0.0,1.0,0.0,0.0,0.0,1.0,0.0,0.0,0.0,0.0,0.0,0.0,0.0,0.0,0.0,0.0,0.0,0.0,0.0,0.0,0.0,0.0,1.0,0.0
04/14/2023,57.0,66.0,1.0,16.0,0.0,0.0,4121.0,0.0,0.0,1.0,1.0,828.0,0.0,0.0,1.0,0.0,0.0,0.0,0.0,0.0,1.0,0.0,0.0,0.0,0.0,0.0,0.0,1.0,0.0,0.0,1.0,0.0,0.0,0.0,1.0,0.0,0.0,0.0,0.0,0.0,0.0,0.0,0.0,0.0,0.0
01/19/2023,39.0,52.0,1.0,17.0,0.0,0.0,5814.0,0.0,0.0,1.0,1.0,144.0,0.0,0.0,1.0,0.0,0.0,0.0,0.0,0.0,1.0,0.0,1.0,0.0,0.0,0.0,1.0,0.0,0.0,0.0,1.0,0.0,0.0,0.0,0.0,0.0,0.0,0.0,0.0,0.0,0.0,0.0,0.0,1.0,0.0
09/12/2023,58.0,277.0,1.0,17.0,0.0,0.0,5921.0,1.0,0.0,1.0,1.0,290.0,0.0,0.0,2.0,0.0,1.0,0.0,3.0,0.0,1.0,0.0,1.0,0.0,0.0,0.0,0.0,1.0,0.0,0.0,0.0,0.0,0.0,0.0,0.0,0.0,0.0,0.0,0.0,0.0,0.0,0.0,0.0,1.0,0.0
01/09/2023,51.0,37.0,1.0,16.0,0.0,0.0,5944.0,0.0,1.0,1.0,1.0,256.0,0.0,0.0,1.0,0.0,0.0,0.0,0.0,0.0,1.0,0.0,0.0,0.0,0.0,1.0,0.0,0.0,0.0,0.0,0.0,1.0,0.0,0.0,0.0,0.0,0.0,0.0,0.0,0.0,0.0,0.0,0.0,1.0,0.0
09/08/2023,78.0,27.0,1.0,18.0,0.0,0.0,5999.0,1.0,0.0,1.0,1.0,222.0,0.0,0.0,1.0,0.0,0.0,0.0,2.0,0.0,1.0,0.0,1.0,0.0,0.0,0.0,0.0,1.0,0.0,0.0,0.0,0.0,0.0,0.0,0.0,0.0,0.0,0.0,0.0,0.0,0.0,0.0,0.0,1.0,0.0
10/27/2023,42.0,300.0,1.0,18.0,0.0,0.0,5814.0,0.0,0.0,1.0,1.0,543.0,0.0,1.0,1.0,0.0,0.0,0.0,0.0,0.0,1.0,0.0,0.0,0.0,0.0,1.0,0.0,0.0,0.0,0.0,1.0,0.0,0.0,0.0,0.0,0.0,0.0,0.0,0.0,0.0,0.0,0.0,0.0,1.0,0.0
05/08/2023,25.0,57.0,1.0,17.0,0.0,0.0,7299.0,1.0,0.0,1.0,1.0,763.0,0.0,0.0,1.0,0.0,0.0,0.0,0.0,0.0,1.0,0.0,0.0,0.0,0.0,0.0,0.0,0.0,1.0,0.0,0.0,0.0,0.0,0.0,0.0,0.0,0.0,1.0,0.0,0.0,0.0,0.0,0.0,0.0,0.0
10/23/2023,60.0,245.0,1.0,17.0,0.0,0.0,5944.0,0.0,1.0,1.0,1.0,426.0,0.0,0.0,4.0,1.0,1.0,0.0,1.0,1.0,0.0,0.0,0.0,0.0,0.0,0.0,1.0,0.0,0.0,0.0,0.0,1.0,0.0,0.0,0.0,0.0,0.0,0.0,0.0,0.0,1.0,0.0,0.0,0.0,0.0
05/15/2023,61.0,91.0,5.0,18.0,0.0,0.0,5999.0,1.0,0.0,1.0,1.0,276.0,0.0,0.0,4.0,1.0,1.0,0.0,1.0,0.0,1.0,0.0,1.0,0.0,0.0,0.0,0.0,1.0,0.0,0.0,0.0,0.0,0.0,0.0,0.0,0.0,0.0,0.0,0.0,0.0,0.0,0.0,1.0,0.0,0.0
10/10/2023,51.0,146.0,1.0,17.0,0.0,0.0,5411.0,0.0,0.0,1.0,1.0,253.0,0.0,1.0,1.0,0.0,0.0,0.0,0.0,0.0,1.0,0.0,0.0,0.0,0.0,0.0,1.0,0.0,0.0,0.0,1.0,0.0,0.0,0.0,0.0,0.0,0.0,0.0,0.0,0.0,0.0,0.0,0.0,1.0,0.0
01/02/2023,39.0,34.0,1.0,17.0,0.0,0.0,5944.0,0.0,1.0,1.0,1.0,284.0,0.0,0.0,1.0,0.0,0.0,0.0,0.0,0.0,1.0,0.0,0.0,1.0,0.0,0.0,1.0,0.0,0.0,0.0,0.0,1.0,0.0,0.0,0.0,0.0,0.0,0.0,0.0,0.0,0.0,0.0,0.0,1.0,0.0
02/27/2023,22.0,116.0,1.0,16.0,0.0,0.0,4829.0,1.0,0.0,1.0,1.0,241.0,0.0,0.0,3.0,1.0,1.0,0.0,0.0,0.0,1.0,0.0,0.0,1.0,0.0,0.0,0.0,0.0,1.0,0.0,0.0,0.0,0.0,0.0,0.0,0.0,0.0,0.0,0.0,0.0,0.0,0.0,0.0,1.0,0.0
06/01/2023,55.0,37.0,1.0,18.0,0.0,0.0,5921.0,1.0,0.0,1.0,1.0,356.0,0.0,1.0,1.0,0.0,0.0,1.0,2.0,0.0,1.0,0.0,0.0,0.0,0.0,1.0,0.0,0.0,0.0,0.0,0.0,0.0,0.0,0.0,1.0,0.0,0.0,0.0,0.0,0.0,0.0,0.0,0.0,0.0,0.0
06/27/2023,22.0,56.0,1.0,16.0,0.0,0.0,5732.0,0.0,1.0,1.0,1.0,178.0,0.0,0.0,1.0,0.0,0.0,0.0,0.0,0.0,1.0,0.0,0.0,0.0,0.0,0.0,0.0,0.0,1.0,0.0,0.0,1.0,0.0,0.0,0.0,0.0,0.0,0.0,0.0,0.0,0.0,0.0,0.0,1.0,0.0
09/26/2023,51.0,159.0,1.0,16.0,0.0,0.0,5411.0,0.0,0.0,1.0,1.0,647.0,0.0,1.0,1.0,0.0,0.0,0.0,0.0,1.0,0.0,0.0,1.0,0.0,0.0,1.0,0.0,0.0,0.0,0.0,1.0,0.0,0.0,0.0,0.0,0.0,0.0,0.0,0.0,0.0,0.0,0.0,0.0,1.0,0.0
02/22/2023,61.0,162.0,5.0,17.0,0.0,0.0,5999.0,1.0,0.0,1.0,1.0,698.0,0.0,0.0,1.0,0.0,0.0,0.0,0.0,0.0,1.0,0.0,1.0,0.0,0.0,0.0,0.0,1.0,0.0,0.0,0.0,0.0,0.0,0.0,0.0,0.0,0.0,0.0,0.0,0.0,0.0,0.0,0.0,1.0,0.0
01/01/2024,54.0,68.0,1.0,16.0,0.0,0.0,5311.0,0.0,0.0,1.0,1.0,137.0,0.0,1.0,1.0,0.0,0.0,0.0,0.0,1.0,0.0,0.0,0.0,1.0,0.0,0.0,1.0,0.0,0.0,0.0,1.0,0.0,0.0,0.0,0.0,0.0,0.0,0.0,0.0,0.0,0.0,0.0,0.0,1.0,0.0
10/17/2023,43.0,109.0,1.0,16.0,0.0,0.0,7299.0,1.0,0.0,1.0,1.0,330.0,0.0,0.0,1.0,0.0,0.0,0.0,0.0,1.0,0.0,0.0,0.0,1.0,0.0,1.0,0.0,0.0,0.0,0.0,0.0,0.0,0.0,0.0,0.0,0.0,0.0,0.0,0.0,0.0,0.0,0.0,0.0,1.0,0.0
03/21/2023,67.0,56.0,1.0,16.0,0.0,0.0,5734.0,0.0,1.0,1.0,1.0,514.0,0.0,0.0,1.0,0.0,0.0,0.0,0.0,1.0,0.0,0.0,1.0,0.0,0.0,0.0,0.0,1.0,0.0,0.0,0.0,1.0,0.0,0.0,0.0,0.0,0.0,0.0,0.0,0.0,0.0,0.0,0.0,1.0,0.0
12/11/2023,28.0,35.0,1.0,17.0,0.0,0.0,5732.0,0.0,1.0,1.0,1.0,196.0,0.0,1.0,1.0,0.0,0.0,0.0,0.0,0.0,1.0,0.0,0.0,0.0,0.0,0.0,0.0,0.0,1.0,0.0,0.0,1.0,0.0,0.0,0.0,0.0,0.0,0.0,0.0,0.0,0.0,0.0,0.0,1.0,0.0
01/06/2023,22.0,100.0,1.0,17.0,0.0,0.0,4111.0,0.0,0.0,1.0,1.0,770.0,0.0,0.0,1.0,0.0,0.0,0.0,0.0,0.0,1.0,0.0,0.0,0.0,0.0,0.0,0.0,0.0,1.0,0.0,1.0,0.0,0.0,0.0,0.0,0.0,0.0,0.0,0.0,0.0,0.0,0.0,0.0,1.0,0.0
06/19/2023,27.0,142.0,1.0,17.0,0.0,0.0,7995.0,1.0,0.0,1.0,1.0,614.0,0.0,0.0,1.0,0.0,0.0,0.0,0.0,0.0,1.0,0.0,0.0,1.0,0.0,0.0,0.0,0.0,1.0,0.0,0.0,0.0,0.0,0.0,0.0,0.0,0.0,0.0,0.0,0.0,0.0,0.0,0.0,1.0,0.0
04/20/2023,21.0,153.0,1.0,18.0,0.0,0.0,5999.0,1.0,0.0,1.0,1.0,117.0,0.0,1.0,3.0,1.0,1.0,0.0,2.0,0.0,1.0,0.0,1.0,0.0,0.0,0.0,0.0,0.0,1.0,0.0,0.0,0.0,0.0,0.0,0.0,0.0,0.0,0.0,0.0,0.0,0.0,0.0,0.0,1.0,0.0
01/05/2023,69.0,69.0,1.0,18.0,0.0,0.0,5311.0,0.0,0.0,1.0,1.0,64.0,0.0,0.0,3.0,1.0,1.0,0.0,0.0,0.0,1.0,0.0,0.0,1.0,0.0,1.0,0.0,0.0,0.0,0.0,1.0,0.0,0.0,0.0,0.0,0.0,0.0,0.0,0.0,0.0,0.0,0.0,0.0,1.0,0.0
09/12/2023,63.0,31.0,1.0,17.0,0.0,0.0,4121.0,0.0,0.0,1.0,1.0,160.0,0.0,0.0,5.0,1.0,1.0,0.0,0.0,0.0,1.0,0.0,0.0,1.0,0.0,0.0,0.0,1.0,0.0,0.0,1.0,0.0,0.0,0.0,0.0,0.0,0.0,0.0,0.0,0.0,0.0,0.0,0.0,1.0,0.0
01/16/2023,46.0,58.0,1.0,17.0,0.0,0.0,5734.0,0.0,1.0,1.0,1.0,271.0,0.0,0.0,1.0,0.0,0.0,0.0,0.0,0.0,1.0,0.0,0.0,0.0,0.0,0.0,1.0,0.0,0.0,0.0,0.0,1.0,0.0,0.0,0.0,0.0,0.0,0.0,0.0,0.0,0.0,0.0,1.0,0.0,0.0
01/12/2023,64.0,52.0,1.0,17.0,0.0,0.0,5411.0,0.0,0.0,1.0,1.0,119.0,0.0,0.0,1.0,0.0,0.0,0.0,0.0,0.0,1.0,0.0,0.0,0.0,0.0,0.0,0.0,1.0,0.0,0.0,1.0,0.0,0.0,0.0,0.0,0.0,0.0,0.0,0.0,0.0,0.0,0.0,0.0,1.0,0.0
07/10/2023,64.0,131.0,1.0,17.0,0.0,0.0,5812.0,0.0,0.0,1.0,1.0,378.0,0.0,1.0,3.0,1.0,1.0,0.0,0.0,0.0,1.0,0.0,0.0,0.0,0.0,0.0,0.0,1.0,0.0,0.0,1.0,0.0,0.0,0.0,0.0,0.0,0.0,0.0,1.0,0.0,0.0,0.0,0.0,0.0,0.0
08/03/2023,57.0,269.0,1.0,17.0,0.0,0.0,5734.0,0.0,1.0,1.0,1.0,1858.0,0.0,1.0,1.0,0.0,0.0,0.0,0.0,0.0,1.0,0.0,0.0,1.0,0.0,0.0,0.0,1.0,0.0,0.0,0.0,1.0,0.0,0.0,0.0,0.0,0.0,0.0,0.0,0.0,0.0,0.0,0.0,1.0,0.0
06/19/2023,55.0,143.0,1.0,18.0,0.0,0.0,5411.0,0.0,0.0,1.0,1.0,454.0,0.0,0.0,1.0,0.0,0.0,0.0,0.0,0.0,1.0,0.0,0.0,0.0,0.0,0.0,0.0,1.0,0.0,0.0,1.0,0.0,0.0,0.0,0.0,0.0,0.0,0.0,0.0,0.0,0.0,0.0,0.0,1.0,0.0
11/16/2023,33.0,162.0,4.0,17.0,0.0,0.0,6011.0,1.0,0.0,1.0,1.0,1080.0,0.0,1.0,1.0,0.0,0.0,0.0,2.0,0.0,1.0,0.0,0.0,1.0,0.0,1.0,0.0,0.0,0.0,0.0,0.0,0.0,0.0,0.0,0.0,0.0,0.0,0.0,0.0,0.0,0.0,0.0,0.0,1.0,0.0
07/27/2023,61.0,171.0,1.0,16.0,0.0,0.0,4121.0,0.0,0.0,1.0,1.0,335.0,0.0,1.0,1.0,0.0,0.0,0.0,0.0,0.0,1.0,0.0,0.0,1.0,0.0,0.0,0.0,1.0,0.0,0.0,1.0,0.0,0.0,0.0,0.0,0.0,0.0,0.0,0.0,0.0,0.0,0.0,0.0,1.0,0.0
04/03/2023,45.0,87.0,1.0,16.0,0.0,0.0,5732.0,0.0,1.0,1.0,1.0,95.0,0.0,0.0,1.0,0.0,0.0,0.0,0.0,1.0,0.0,0.0,0.0,0.0,0.0,1.0,0.0,0.0,0.0,0.0,0.0,1.0,0.0,0.0,0.0,0.0,0.0,0.0,0.0,0.0,0.0,0.0,0.0,1.0,0.0
01/09/2023,38.0,157.0,1.0,17.0,0.0,0.0,5311.0,0.0,0.0,1.0,1.0,184.0,0.0,0.0,1.0,0.0,0.0,0.0,0.0,0.0,1.0,0.0,0.0,1.0,0.0,1.0,0.0,0.0,0.0,0.0,1.0,0.0,0.0,0.0,0.0,0.0,0.0,0.0,0.0,0.0,0.0,0.0,0.0,1.0,0.0
02/17/2023,50.0,94.0,1.0,16.0,0.0,0.0,4111.0,0.0,0.0,1.0,1.0,190.0,0.0,0.0,1.0,0.0,0.0,0.0,0.0,0.0,1.0,0.0,1.0,0.0,0.0,1.0,0.0,0.0,0.0,0.0,1.0,0.0,0.0,0.0,0.0,0.0,0.0,0.0,0.0,0.0,0.0,0.0,0.0,1.0,0.0
08/25/2023,74.0,76.0,1.0,17.0,0.0,0.0,4111.0,0.0,0.0,1.0,1.0,872.0,0.0,1.0,2.0,0.0,1.0,0.0,0.0,0.0,1.0,0.0,0.0,0.0,0.0,0.0,0.0,1.0,0.0,0.0,1.0,0.0,0.0,0.0,0.0,0.0,0.0,0.0,0.0,0.0,0.0,0.0,0.0,1.0,0.0
08/03/2023,28.0,231.0,1.0,17.0,0.0,0.0,7299.0,1.0,0.0,1.0,1.0,276.0,0.0,1.0,1.0,0.0,0.0,1.0,3.0,0.0,1.0,0.0,0.0,1.0,0.0,0.0,0.0,0.0,1.0,0.0,0.0,0.0,0.0,0.0,0.0,0.0,0.0,0.0,0.0,0.0,0.0,0.0,0.0,1.0,0.0
03/27/2023,41.0,175.0,1.0,16.0,0.0,0.0,5812.0,0.0,0.0,1.0,1.0,258.0,0.0,0.0,1.0,0.0,0.0,1.0,0.0,1.0,0.0,0.0,0.0,1.0,0.0,0.0,1.0,0.0,0.0,0.0,1.0,0.0,0.0,0.0,0.0,0.0,0.0,0.0,0.0,0.0,0.0,0.0,0.0,1.0,0.0
01/23/2023,39.0,10.0,1.0,16.0,0.0,0.0,5734.0,0.0,1.0,1.0,1.0,227.0,0.0,0.0,1.0,0.0,0.0,0.0,0.0,1.0,0.0,0.0,1.0,0.0,0.0,0.0,1.0,0.0,0.0,0.0,0.0,1.0,0.0,0.0,0.0,0.0,0.0,0.0,0.0,0.0,0.0,0.0,0.0,1.0,0.0
04/11/2023,40.0,117.0,1.0,16.0,0.0,0.0,5944.0,0.0,1.0,1.0,1.0,299.0,0.0,0.0,1.0,0.0,0.0,0.0,0.0,0.0,1.0,0.0,0.0,0.0,0.0,1.0,0.0,0.0,0.0,0.0,0.0,1.0,0.0,0.0,0.0,0.0,0.0,0.0,0.0,0.0,0.0,0.0,0.0,1.0,0.0
09/04/2023,57.0,118.0,1.0,18.0,0.0,0.0,7995.0,1.0,0.0,1.0,1.0,235.0,0.0,1.0,2.0,0.0,1.0,0.0,2.0,0.0,1.0,0.0,0.0,1.0,0.0,0.0,1.0,0.0,0.0,0.0,0.0,0.0,0.0,0.0,0.0,0.0,0.0,0.0,0.0,0.0,0.0,0.0,0.0,1.0,0.0
10/17/2023,37.0,33.0,1.0,16.0,0.0,0.0,5999.0,1.0,0.0,1.0,1.0,763.0,0.0,1.0,1.0,0.0,0.0,0.0,2.0,0.0,1.0,0.0,0.0,0.0,0.0,0.0,1.0,0.0,0.0,0.0,0.0,0.0,0.0,0.0,0.0,0.0,0.0,0.0,0.0,0.0,0.0,0.0,0.0,1.0,0.0
11/24/2023,73.0,31.0,1.0,17.0,0.0,0.0,5999.0,1.0,0.0,1.0,1.0,160.0,0.0,0.0,1.0,0.0,0.0,0.0,0.0,1.0,0.0,0.0,0.0,1.0,0.0,0.0,0.0,1.0,0.0,0.0,0.0,0.0,0.0,0.0,0.0,0.0,0.0,0.0,0.0,0.0,0.0,0.0,0.0,1.0,0.0
07/18/2023,22.0,49.0,1.0,16.0,0.0,0.0,5734.0,0.0,1.0,1.0,1.0,330.0,0.0,0.0,1.0,0.0,0.0,0.0,0.0,0.0,1.0,0.0,1.0,0.0,0.0,0.0,0.0,0.0,1.0,0.0,0.0,1.0,0.0,0.0,0.0,0.0,0.0,0.0,0.0,0.0,0.0,0.0,0.0,1.0,0.0
11/20/2023,26.0,284.0,1.0,17.0,0.0,0.0,4111.0,0.0,0.0,1.0,1.0,665.0,0.0,0.0,1.0,0.0,0.0,0.0,0.0,0.0,1.0,0.0,0.0,0.0,0.0,0.0,1.0,0.0,0.0,0.0,1.0,0.0,0.0,0.0,0.0,0.0,0.0,0.0,0.0,0.0,0.0,0.0,0.0,1.0,0.0
09/29/2023,78.0,93.0,1.0,18.0,0.0,0.0,4121.0,0.0,0.0,1.0,1.0,454.0,0.0,0.0,1.0,0.0,0.0,0.0,0.0,0.0,1.0,0.0,0.0,0.0,0.0,0.0,0.0,1.0,0.0,0.0,1.0,0.0,0.0,0.0,0.0,0.0,0.0,0.0,0.0,0.0,0.0,0.0,0.0,1.0,0.0
04/24/2023,70.0,163.0,1.0,17.0,0.0,0.0,5999.0,1.0,0.0,1.0,1.0,433.0,0.0,0.0,1.0,0.0,0.0,0.0,0.0,0.0,1.0,0.0,0.0,1.0,0.0,0.0,0.0,1.0,0.0,0.0,0.0,0.0,0.0,0.0,0.0,0.0,0.0,0.0,0.0,0.0,0.0,0.0,0.0,1.0,0.0
05/02/2023,64.0,244.0,1.0,17.0,0.0,0.0,5311.0,0.0,0.0,1.0,1.0,100.0,0.0,0.0,1.0,0.0,0.0,0.0,0.0,0.0,1.0,0.0,0.0,0.0,0.0,1.0,0.0,0.0,0.0,0.0,1.0,0.0,0.0,0.0,0.0,0.0,0.0,0.0,0.0,0.0,0.0,0.0,0.0,1.0,0.0
06/15/2023,18.0,27.0,4.0,18.0,0.0,0.0,7995.0,1.0,0.0,1.0,1.0,540.0,0.0,1.0,2.0,0.0,1.0,0.0,2.0,0.0,1.0,0.0,1.0,0.0,0.0,0.0,0.0,0.0,1.0,0.0,0.0,0.0,0.0,0.0,0.0,0.0,0.0,0.0,0.0,0.0,0.0,0.0,0.0,1.0,0.0
06/05/2023,62.0,147.0,1.0,17.0,0.0,0.0,5999.0,1.0,0.0,1.0,1.0,184.0,0.0,0.0,1.0,0.0,0.0,0.0,0.0,1.0,0.0,0.0,1.0,0.0,0.0,1.0,0.0,0.0,0.0,0.0,0.0,0.0,0.0,0.0,0.0,0.0,0.0,0.0,0.0,0.0,0.0,0.0,0.0,1.0,0.0
06/12/2023,26.0,63.0,1.0,16.0,0.0,0.0,5411.0,0.0,0.0,1.0,1.0,195.0,0.0,1.0,1.0,0.0,0.0,0.0,0.0,0.0,1.0,0.0,0.0,0.0,0.0,0.0,0.0,0.0,1.0,0.0,1.0,0.0,0.0,0.0,0.0,0.0,0.0,0.0,0.0,0.0,0.0,0.0,0.0,1.0,0.0
08/14/2023,37.0,79.0,1.0,18.0,0.0,0.0,5999.0,1.0,0.0,1.0,1.0,424.0,0.0,1.0,1.0,0.0,0.0,0.0,2.0,0.0,1.0,0.0,1.0,0.0,0.0,0.0,1.0,0.0,0.0,0.0,0.0,0.0,0.0,0.0,0.0,0.0,0.0,0.0,0.0,0.0,0.0,0.0,0.0,1.0,0.0
05/26/2023,33.0,77.0,1.0,17.0,0.0,0.0,5732.0,0.0,1.0,1.0,1.0,372.0,0.0,1.0,1.0,0.0,0.0,0.0,0.0,0.0,1.0,0.0,1.0,0.0,0.0,0.0,1.0,0.0,0.0,0.0,0.0,1.0,0.0,0.0,0.0,0.0,0.0,0.0,0.0,0.0,0.0,0.0,0.0,1.0,0.0
11/23/2023,61.0,54.0,1.0,17.0,0.0,0.0,7995.0,1.0,0.0,1.0,1.0,87.0,0.0,0.0,1.0,0.0,0.0,0.0,0.0,0.0,1.0,0.0,0.0,0.0,0.0,1.0,0.0,0.0,0.0,0.0,0.0,0.0,0.0,0.0,0.0,0.0,0.0,0.0,0.0,0.0,0.0,0.0,0.0,1.0,0.0
03/09/2023,28.0,29.0,1.0,16.0,0.0,0.0,5814.0,0.0,0.0,1.0,1.0,129.0,0.0,0.0,2.0,0.0,1.0,0.0,0.0,0.0,1.0,0.0,1.0,0.0,0.0,0.0,0.0,0.0,1.0,0.0,1.0,0.0,0.0,0.0,0.0,0.0,0.0,0.0,0.0,0.0,0.0,0.0,0.0,1.0,0.0
09/12/2023,23.0,130.0,4.0,16.0,0.0,0.0,6011.0,1.0,0.0,1.0,1.0,193.0,0.0,1.0,2.0,0.0,1.0,0.0,2.0,0.0,1.0,0.0,0.0,1.0,0.0,0.0,0.0,0.0,1.0,0.0,0.0,0.0,0.0,0.0,0.0,0.0,0.0,0.0,0.0,1.0,0.0,0.0,0.0,0.0,0.0
02/14/2023,26.0,144.0,1.0,16.0,0.0,0.0,7995.0,1.0,0.0,1.0,1.0,375.0,0.0,0.0,1.0,0.0,0.0,0.0,2.0,0.0,1.0,0.0,0.0,0.0,0.0,0.0,0.0,0.0,1.0,0.0,0.0,0.0,0.0,0.0,0.0,0.0,0.0,0.0,0.0,0.0,0.0,0.0,0.0,1.0,0.0
02/13/2023,48.0,136.0,1.0,16.0,0.0,0.0,5812.0,0.0,0.0,1.0,1.0,404.0,0.0,0.0,1.0,0.0,0.0,0.0,0.0,0.0,1.0,0.0,0.0,0.0,0.0,0.0,1.0,0.0,0.0,0.0,1.0,0.0,0.0,0.0,0.0,0.0,0.0,0.0,0.0,0.0,0.0,0.0,0.0,1.0,0.0
11/20/2023,51.0,145.0,1.0,16.0,0.0,0.0,4111.0,0.0,0.0,1.0,1.0,124.0,0.0,1.0,4.0,1.0,1.0,0.0,0.0,0.0,1.0,0.0,0.0,0.0,0.0,0.0,0.0,1.0,0.0,0.0,1.0,0.0,0.0,0.0,0.0,0.0,0.0,0.0,0.0,0.0,0.0,0.0,0.0,1.0,0.0
01/01/2024,33.0,28.0,1.0,16.0,0.0,0.0,5814.0,0.0,0.0,1.0,1.0,90.0,0.0,1.0,1.0,0.0,0.0,0.0,0.0,1.0,0.0,0.0,0.0,0.0,0.0,0.0,1.0,0.0,0.0,0.0,1.0,0.0,0.0,0.0,0.0,0.0,0.0,0.0,0.0,0.0,0.0,0.0,0.0,1.0,0.0
06/29/2023,24.0,79.0,1.0,17.0,0.0,0.0,5944.0,0.0,1.0,1.0,1.0,254.0,0.0,1.0,1.0,0.0,0.0,0.0,0.0,0.0,1.0,0.0,0.0,1.0,0.0,0.0,0.0,0.0,1.0,0.0,0.0,1.0,0.0,0.0,0.0,0.0,0.0,0.0,0.0,0.0,0.0,0.0,0.0,1.0,0.0
10/23/2023,46.0,35.0,1.0,18.0,0.0,0.0,7995.0,1.0,0.0,1.0,1.0,61.0,0.0,0.0,1.0,0.0,0.0,0.0,0.0,1.0,0.0,0.0,1.0,0.0,0.0,0.0,1.0,0.0,0.0,0.0,0.0,0.0,0.0,0.0,0.0,0.0,0.0,0.0,0.0,0.0,0.0,0.0,0.0,1.0,0.0
11/30/2023,46.0,51.0,1.0,16.0,0.0,0.0,5732.0,0.0,1.0,1.0,1.0,342.0,0.0,1.0,1.0,0.0,0.0,0.0,0.0,0.0,1.0,0.0,0.0,1.0,0.0,0.0,1.0,0.0,0.0,0.0,0.0,1.0,0.0,0.0,0.0,0.0,0.0,0.0,0.0,1.0,0.0,0.0,0.0,0.0,0.0
02/24/2023,53.0,87.0,1.0,18.0,0.0,0.0,5814.0,0.0,0.0,1.0,1.0,546.0,0.0,0.0,1.0,0.0,0.0,0.0,0.0,1.0,0.0,0.0,0.0,0.0,0.0,1.0,0.0,0.0,0.0,0.0,1.0,0.0,0.0,0.0,0.0,0.0,0.0,0.0,0.0,0.0,0.0,0.0,0.0,1.0,0.0
02/17/2023,63.0,36.0,1.0,16.0,0.0,0.0,7995.0,1.0,0.0,1.0,1.0,331.0,0.0,0.0,4.0,1.0,1.0,0.0,1.0,0.0,1.0,0.0,0.0,1.0,0.0,0.0,0.0,1.0,0.0,0.0,0.0,0.0,0.0,0.0,0.0,0.0,0.0,1.0,0.0,0.0,0.0,0.0,0.0,0.0,0.0
09/25/2023,69.0,166.0,1.0,16.0,0.0,0.0,5311.0,0.0,0.0,1.0,1.0,289.0,0.0,1.0,1.0,0.0,0.0,0.0,0.0,1.0,0.0,0.0,1.0,0.0,0.0,0.0,0.0,1.0,0.0,0.0,1.0,0.0,0.0,0.0,0.0,0.0,0.0,0.0,0.0,0.0,0.0,0.0,1.0,0.0,0.0
02/27/2023,23.0,85.0,1.0,16.0,0.0,0.0,5921.0,1.0,0.0,1.0,1.0,266.0,0.0,0.0,3.0,1.0,1.0,0.0,1.0,0.0,1.0,0.0,0.0,0.0,0.0,0.0,0.0,0.0,1.0,0.0,0.0,0.0,0.0,0.0,0.0,0.0,0.0,1.0,0.0,0.0,0.0,0.0,0.0,0.0,0.0
01/01/2024,67.0,26.0,1.0,17.0,0.0,0.0,5944.0,0.0,1.0,1.0,1.0,285.0,0.0,0.0,3.0,1.0,1.0,0.0,0.0,0.0,1.0,0.0,0.0,1.0,0.0,0.0,0.0,1.0,0.0,0.0,0.0,1.0,0.0,0.0,0.0,0.0,0.0,0.0,0.0,0.0,0.0,0.0,0.0,1.0,0.0
09/26/2023,69.0,88.0,1.0,16.0,0.0,0.0,5311.0,0.0,0.0,1.0,1.0,43.0,1.0,0.0,1.0,0.0,0.0,0.0,0.0,0.0,1.0,0.0,0.0,0.0,0.0,1.0,0.0,0.0,0.0,0.0,1.0,0.0,0.0,0.0,0.0,0.0,0.0,0.0,0.0,0.0,0.0,0.0,0.0,1.0,0.0
02/22/2023,22.0,252.0,1.0,16.0,0.0,0.0,5311.0,0.0,0.0,1.0,1.0,189.0,0.0,0.0,1.0,0.0,0.0,0.0,0.0,1.0,0.0,0.0,0.0,0.0,0.0,0.0,0.0,0.0,1.0,0.0,1.0,0.0,0.0,0.0,0.0,0.0,0.0,0.0,0.0,0.0,0.0,0.0,0.0,1.0,0.0
05/01/2023,79.0,124.0,1.0,16.0,0.0,0.0,5732.0,0.0,1.0,1.0,1.0,361.0,0.0,0.0,1.0,0.0,0.0,0.0,0.0,0.0,1.0,0.0,0.0,1.0,0.0,0.0,0.0,1.0,0.0,0.0,0.0,1.0,0.0,0.0,0.0,0.0,0.0,0.0,0.0,0.0,0.0,0.0,0.0,1.0,0.0
02/20/2023,36.0,117.0,1.0,17.0,0.0,0.0,7299.0,1.0,0.0,1.0,1.0,1520.0,0.0,0.0,1.0,0.0,0.0,0.0,0.0,0.0,1.0,0.0,1.0,0.0,0.0,1.0,0.0,0.0,0.0,0.0,0.0,0.0,0.0,0.0,0.0,0.0,0.0,0.0,0.0,0.0,0.0,0.0,0.0,1.0,0.0
07/04/2023,79.0,109.0,1.0,17.0,0.0,0.0,5311.0,0.0,0.0,1.0,1.0,254.0,0.0,1.0,1.0,0.0,0.0,0.0,0.0,0.0,1.0,0.0,1.0,0.0,0.0,0.0,0.0,1.0,0.0,0.0,1.0,0.0,0.0,0.0,0.0,0.0,0.0,0.0,0.0,0.0,0.0,0.0,0.0,1.0,0.0
03/20/2023,60.0,173.0,1.0,17.0,0.0,0.0,7995.0,1.0,0.0,1.0,1.0,120.0,0.0,0.0,1.0,0.0,0.0,0.0,2.0,0.0,1.0,0.0,1.0,0.0,0.0,0.0,0.0,1.0,0.0,0.0,0.0,0.0,0.0,0.0,0.0,0.0,0.0,0.0,0.0,0.0,0.0,0.0,0.0,1.0,0.0
03/22/2023,52.0,45.0,1.0,16.0,0.0,0.0,5734.0,0.0,1.0,1.0,1.0,603.0,0.0,0.0,1.0,0.0,0.0,0.0,0.0,0.0,1.0,0.0,1.0,0.0,0.0,1.0,0.0,0.0,0.0,0.0,0.0,1.0,0.0,0.0,0.0,0.0,0.0,0.0,0.0,0.0,0.0,1.0,0.0,0.0,0.0
01/24/2023,29.0,50.0,1.0,16.0,0.0,0.0,4829.0,1.0,0.0,1.0,1.0,338.0,0.0,0.0,1.0,0.0,0.0,0.0,0.0,0.0,1.0,0.0,0.0,1.0,0.0,0.0,1.0,0.0,0.0,0.0,0.0,0.0,0.0,0.0,0.0,0.0,0.0,0.0,0.0,0.0,0.0,0.0,0.0,1.0,0.0
03/31/2023,40.0,132.0,1.0,16.0,0.0,0.0,4111.0,0.0,0.0,1.0,1.0,647.0,0.0,0.0,1.0,0.0,0.0,0.0,0.0,0.0,1.0,0.0,0.0,0.0,0.0,0.0,1.0,0.0,0.0,0.0,1.0,0.0,0.0,0.0,0.0,0.0,0.0,0.0,0.0,1.0,0.0,0.0,0.0,0.0,0.0
01/11/2023,28.0,85.0,5.0,16.0,0.0,0.0,5734.0,0.0,1.0,1.0,1.0,275.0,0.0,0.0,3.0,1.0,1.0,0.0,1.0,0.0,1.0,0.0,0.0,0.0,0.0,0.0,1.0,0.0,0.0,0.0,0.0,1.0,0.0,0.0,0.0,0.0,0.0,0.0,0.0,0.0,0.0,0.0,0.0,1.0,0.0
04/25/2023,66.0,146.0,1.0,17.0,0.0,0.0,5311.0,0.0,0.0,1.0,1.0,272.0,0.0,0.0,4.0,1.0,1.0,0.0,0.0,0.0,1.0,0.0,0.0,1.0,0.0,0.0,0.0,1.0,0.0,0.0,1.0,0.0,0.0,0.0,0.0,0.0,0.0,0.0,0.0,0.0,0.0,0.0,0.0,1.0,0.0
04/10/2023,29.0,61.0,1.0,18.0,0.0,0.0,5944.0,0.0,1.0,1.0,1.0,1387.0,0.0,0.0,1.0,0.0,0.0,0.0,0.0,0.0,1.0,0.0,0.0,1.0,0.0,0.0,1.0,0.0,0.0,0.0,0.0,1.0,0.0,0.0,0.0,0.0,0.0,0.0,0.0,1.0,0.0,0.0,0.0,0.0,0.0
10/05/2023,20.0,288.0,1.0,16.0,0.0,0.0,5732.0,0.0,1.0,1.0,1.0,476.0,0.0,0.0,2.0,0.0,1.0,0.0,0.0,1.0,0.0,0.0,0.0,1.0,0.0,0.0,0.0,0.0,1.0,0.0,0.0,1.0,0.0,0.0,0.0,0.0,0.0,0.0,0.0,0.0,0.0,0.0,0.0,1.0,0.0
12/15/2023,23.0,127.0,1.0,17.0,0.0,0.0,7299.0,1.0,0.0,1.0,1.0,353.0,0.0,0.0,1.0,0.0,0.0,0.0,0.0,0.0,1.0,0.0,1.0,0.0,0.0,0.0,0.0,0.0,1.0,0.0,0.0,0.0,0.0,0.0,0.0,0.0,0.0,0.0,0.0,0.0,0.0,0.0,0.0,1.0,0.0
05/31/2023,62.0,99.0,1.0,16.0,0.0,0.0,4111.0,0.0,0.0,1.0,1.0,614.0,0.0,0.0,1.0,0.0,0.0,0.0,0.0,0.0,1.0,0.0,0.0,1.0,0.0,1.0,0.0,0.0,0.0,0.0,1.0,0.0,0.0,0.0,0.0,0.0,0.0,0.0,0.0,0.0,0.0,0.0,0.0,1.0,0.0
08/30/2023,51.0,179.0,1.0,17.0,0.0,0.0,4111.0,0.0,0.0,1.0,1.0,521.0,0.0,1.0,4.0,1.0,1.0,0.0,0.0,0.0,1.0,0.0,1.0,0.0,0.0,1.0,0.0,0.0,0.0,0.0,1.0,0.0,0.0,0.0,0.0,0.0,0.0,0.0,0.0,0.0,0.0,0.0,0.0,1.0,0.0
11/02/2023,43.0,159.0,1.0,16.0,0.0,0.0,4111.0,0.0,0.0,1.0,1.0,253.0,0.0,1.0,1.0,0.0,0.0,0.0,2.0,0.0,1.0,0.0,0.0,0.0,0.0,1.0,0.0,0.0,0.0,0.0,1.0,0.0,0.0,0.0,0.0,0.0,0.0,0.0,0.0,0.0,0.0,1.0,0.0,0.0,0.0
06/19/2023,26.0,53.0,1.0,16.0,0.0,0.0,5734.0,0.0,1.0,1.0,1.0,324.0,0.0,0.0,1.0,0.0,0.0,0.0,0.0,0.0,1.0,0.0,1.0,0.0,0.0,0.0,0.0,0.0,1.0,0.0,0.0,1.0,0.0,0.0,0.0,0.0,0.0,0.0,0.0,0.0,0.0,0.0,0.0,1.0,0.0
05/03/2023,64.0,93.0,1.0,17.0,0.0,0.0,5734.0,0.0,1.0,1.0,1.0,171.0,0.0,0.0,1.0,0.0,0.0,0.0,0.0,0.0,1.0,0.0,0.0,0.0,0.0,1.0,0.0,0.0,0.0,0.0,0.0,1.0,0.0,0.0,0.0,0.0,0.0,0.0,0.0,0.0,0.0,0.0,0.0,1.0,0.0
02/27/2023,61.0,63.0,1.0,16.0,0.0,0.0,7995.0,1.0,0.0,1.0,1.0,156.0,0.0,0.0,2.0,0.0,1.0,0.0,1.0,0.0,1.0,0.0,0.0,1.0,0.0,0.0,0.0,1.0,0.0,0.0,0.0,0.0,0.0,0.0,0.0,0.0,0.0,0.0,0.0,0.0,0.0,0.0,0.0,1.0,0.0
05/22/2023,25.0,287.0,1.0,16.0,0.0,0.0,4121.0,0.0,0.0,1.0,1.0,196.0,0.0,1.0,1.0,0.0,0.0,0.0,0.0,1.0,0.0,0.0,1.0,0.0,0.0,0.0,0.0,0.0,1.0,0.0,1.0,0.0,0.0,0.0,0.0,0.0,0.0,0.0,0.0,0.0,0.0,0.0,0.0,1.0,0.0
08/11/2023,31.0,10.0,1.0,17.0,0.0,0.0,4829.0,1.0,0.0,1.0,1.0,272.0,0.0,0.0,1.0,0.0,0.0,0.0,0.0,1.0,0.0,0.0,0.0,1.0,0.0,1.0,0.0,0.0,0.0,0.0,0.0,0.0,0.0,0.0,0.0,0.0,0.0,0.0,0.0,0.0,0.0,0.0,0.0,1.0,0.0
06/05/2023,35.0,125.0,1.0,16.0,0.0,0.0,4111.0,0.0,0.0,1.0,1.0,446.0,0.0,0.0,1.0,0.0,0.0,0.0,0.0,1.0,0.0,0.0,0.0,1.0,0.0,0.0,1.0,0.0,0.0,0.0,1.0,0.0,0.0,0.0,0.0,0.0,0.0,0.0,0.0,0.0,0.0,0.0,0.0,1.0,0.0
08/31/2023,43.0,247.0,1.0,16.0,0.0,0.0,4829.0,1.0,0.0,1.0,1.0,248.0,0.0,0.0,1.0,0.0,0.0,0.0,0.0,0.0,1.0,0.0,1.0,0.0,0.0,0.0,1.0,0.0,0.0,0.0,0.0,0.0,0.0,0.0,0.0,0.0,0.0,0.0,0.0,0.0,0.0,0.0,0.0,1.0,0.0
01/09/2023,73.0,183.0,1.0,16.0,0.0,0.0,5311.0,0.0,0.0,1.0,1.0,462.0,0.0,0.0,1.0,0.0,0.0,0.0,0.0,1.0,0.0,0.0,1.0,0.0,0.0,0.0,0.0,1.0,0.0,0.0,1.0,0.0,0.0,0.0,0.0,0.0,0.0,0.0,0.0,0.0,0.0,0.0,0.0,1.0,0.0
08/23/2023,30.0,45.0,1.0,16.0,0.0,0.0,5732.0,0.0,1.0,1.0,1.0,525.0,0.0,0.0,1.0,0.0,0.0,1.0,2.0,1.0,0.0,0.0,0.0,1.0,0.0,1.0,0.0,0.0,0.0,0.0,0.0,1.0,0.0,0.0,0.0,0.0,0.0,0.0,0.0,0.0,0.0,0.0,0.0,1.0,0.0
01/24/2023,64.0,159.0,1.0,17.0,0.0,0.0,4111.0,0.0,0.0,1.0,1.0,526.0,0.0,0.0,1.0,0.0,0.0,0.0,0.0,0.0,1.0,0.0,1.0,0.0,0.0,1.0,0.0,0.0,0.0,0.0,1.0,0.0,0.0,0.0,0.0,0.0,0.0,0.0,0.0,0.0,0.0,0.0,0.0,1.0,0.0
03/31/2023,45.0,144.0,1.0,17.0,0.0,0.0,7299.0,1.0,0.0,1.0,1.0,265.0,0.0,1.0,1.0,0.0,0.0,0.0,2.0,0.0,1.0,0.0,0.0,0.0,0.0,0.0,1.0,0.0,0.0,0.0,0.0,0.0,0.0,0.0,0.0,0.0,0.0,0.0,0.0,0.0,0.0,0.0,0.0,1.0,0.0
05/10/2023,55.0,132.0,1.0,17.0,0.0,0.0,5734.0,0.0,1.0,1.0,1.0,628.0,0.0,0.0,1.0,0.0,0.0,0.0,0.0,0.0,1.0,0.0,0.0,0.0,0.0,1.0,0.0,0.0,0.0,0.0,0.0,1.0,0.0,0.0,0.0,0.0,0.0,0.0,0.0,0.0,0.0,0.0,0.0,1.0,0.0
03/27/2023,45.0,114.0,1.0,18.0,0.0,0.0,7299.0,1.0,0.0,1.0,1.0,303.0,0.0,0.0,1.0,0.0,0.0,0.0,0.0,0.0,1.0,0.0,1.0,0.0,0.0,1.0,0.0,0.0,0.0,0.0,0.0,0.0,0.0,0.0,0.0,0.0,0.0,0.0,0.0,0.0,0.0,0.0,0.0,1.0,0.0
03/28/2023,43.0,236.0,1.0,16.0,0.0,0.0,5411.0,0.0,0.0,1.0,1.0,475.0,0.0,0.0,1.0,0.0,0.0,0.0,0.0,0.0,1.0,0.0,0.0,0.0,0.0,0.0,1.0,0.0,0.0,0.0,1.0,0.0,0.0,0.0,0.0,0.0,0.0,0.0,0.0,0.0,0.0,0.0,0.0,1.0,0.0
10/24/2023,62.0,32.0,1.0,17.0,0.0,0.0,4829.0,1.0,0.0,1.0,1.0,395.0,0.0,0.0,1.0,0.0,0.0,0.0,0.0,0.0,1.0,0.0,0.0,1.0,0.0,0.0,0.0,1.0,0.0,0.0,0.0,0.0,0.0,0.0,0.0,0.0,0.0,0.0,0.0,0.0,0.0,0.0,0.0,1.0,0.0
05/09/2023,56.0,101.0,1.0,17.0,0.0,0.0,4829.0,1.0,0.0,1.0,1.0,235.0,0.0,1.0,1.0,0.0,0.0,0.0,2.0,0.0,1.0,0.0,0.0,0.0,0.0,0.0,0.0,1.0,0.0,0.0,0.0,0.0,0.0,0.0,0.0,0.0,0.0,0.0,0.0,0.0,0.0,0.0,0.0,1.0,0.0
01/11/2023,29.0,75.0,1.0,17.0,0.0,0.0,7299.0,1.0,0.0,1.0,1.0,324.0,0.0,0.0,1.0,0.0,0.0,0.0,0.0,0.0,1.0,0.0,1.0,0.0,0.0,0.0,1.0,0.0,0.0,0.0,0.0,0.0,0.0,0.0,0.0,0.0,0.0,0.0,0.0,0.0,0.0,0.0,0.0,1.0,0.0
10/17/2023,61.0,230.0,3.0,17.0,0.0,0.0,5311.0,0.0,0.0,1.0,1.0,304.0,0.0,1.0,1.0,0.0,0.0,0.0,0.0,1.0,0.0,0.0,0.0,1.0,0.0,0.0,0.0,1.0,0.0,0.0,1.0,0.0,0.0,0.0,0.0,0.0,0.0,0.0,0.0,0.0,0.0,0.0,0.0,1.0,0.0
01/20/2023,44.0,108.0,1.0,16.0,0.0,0.0,7995.0,1.0,0.0,1.0,1.0,1024.0,0.0,0.0,1.0,0.0,0.0,0.0,0.0,0.0,1.0,0.0,0.0,1.0,0.0,1.0,0.0,0.0,0.0,0.0,0.0,0.0,0.0,0.0,0.0,0.0,0.0,0.0,0.0,0.0,0.0,0.0,0.0,1.0,0.0
04/03/2023,43.0,285.0,1.0,18.0,0.0,0.0,5411.0,0.0,0.0,1.0,1.0,265.0,0.0,0.0,1.0,0.0,0.0,0.0,0.0,0.0,1.0,0.0,0.0,0.0,0.0,0.0,1.0,0.0,0.0,0.0,1.0,0.0,0.0,0.0,0.0,0.0,0.0,0.0,0.0,0.0,0.0,0.0,0.0,1.0,0.0
01/10/2023,22.0,69.0,1.0,16.0,0.0,0.0,5812.0,0.0,0.0,1.0,1.0,32.0,1.0,0.0,1.0,0.0,0.0,0.0,0.0,0.0,1.0,0.0,1.0,0.0,0.0,0.0,0.0,0.0,1.0,0.0,1.0,0.0,0.0,0.0,0.0,0.0,0.0,0.0,0.0,0.0,0.0,0.0,0.0,1.0,0.0
03/14/2023,30.0,128.0,5.0,16.0,0.0,0.0,5734.0,0.0,1.0,1.0,1.0,777.0,0.0,0.0,1.0,0.0,0.0,0.0,0.0,0.0,1.0,0.0,0.0,0.0,0.0,1.0,0.0,0.0,0.0,0.0,0.0,1.0,0.0,0.0,0.0,0.0,0.0,0.0,0.0,0.0,0.0,0.0,0.0,1.0,0.0
07/10/2023,58.0,198.0,2.0,16.0,0.0,0.0,5734.0,0.0,1.0,1.0,1.0,205.0,0.0,0.0,1.0,0.0,0.0,0.0,0.0,1.0,0.0,0.0,1.0,0.0,0.0,1.0,0.0,0.0,0.0,0.0,0.0,1.0,0.0,0.0,0.0,0.0,0.0,0.0,0.0,0.0,0.0,0.0,0.0,1.0,0.0
08/29/2023,26.0,33.0,1.0,16.0,0.0,0.0,5311.0,0.0,0.0,1.0,1.0,219.0,0.0,0.0,3.0,1.0,1.0,0.0,0.0,1.0,0.0,0.0,0.0,1.0,0.0,0.0,0.0,0.0,1.0,0.0,1.0,0.0,0.0,0.0,0.0,0.0,0.0,0.0,0.0,1.0,0.0,0.0,0.0,0.0,0.0
08/07/2023,48.0,194.0,1.0,16.0,0.0,0.0,5411.0,0.0,0.0,1.0,1.0,191.0,0.0,0.0,1.0,0.0,0.0,0.0,0.0,0.0,1.0,0.0,1.0,0.0,0.0,0.0,1.0,0.0,0.0,0.0,1.0,0.0,0.0,0.0,0.0,0.0,0.0,0.0,0.0,0.0,0.0,0.0,0.0,1.0,0.0
04/10/2023,51.0,48.0,1.0,16.0,0.0,0.0,4121.0,0.0,0.0,1.0,1.0,234.0,0.0,0.0,2.0,0.0,1.0,0.0,0.0,0.0,1.0,0.0,0.0,0.0,0.0,0.0,0.0,1.0,0.0,0.0,1.0,0.0,0.0,0.0,0.0,0.0,0.0,0.0,0.0,0.0,0.0,0.0,0.0,1.0,0.0
07/07/2023,21.0,69.0,1.0,17.0,0.0,0.0,5734.0,0.0,1.0,1.0,1.0,346.0,0.0,0.0,3.0,1.0,1.0,1.0,1.0,0.0,1.0,0.0,0.0,1.0,0.0,0.0,0.0,0.0,1.0,0.0,0.0,1.0,0.0,0.0,0.0,0.0,0.0,0.0,0.0,0.0,0.0,0.0,0.0,1.0,0.0
12/20/2023,39.0,43.0,1.0,16.0,0.0,0.0,5732.0,0.0,1.0,1.0,1.0,333.0,0.0,0.0,1.0,0.0,0.0,0.0,0.0,0.0,1.0,0.0,1.0,0.0,0.0,0.0,1.0,0.0,0.0,0.0,0.0,1.0,0.0,0.0,0.0,0.0,0.0,0.0,0.0,0.0,0.0,0.0,0.0,1.0,0.0
03/06/2023,27.0,93.0,1.0,16.0,0.0,0.0,4829.0,1.0,0.0,1.0,1.0,276.0,0.0,0.0,4.0,1.0,1.0,0.0,1.0,0.0,1.0,0.0,1.0,0.0,0.0,0.0,0.0,0.0,1.0,0.0,0.0,0.0,0.0,0.0,0.0,0.0,0.0,0.0,0.0,0.0,0.0,0.0,0.0,1.0,0.0
09/13/2023,20.0,154.0,1.0,18.0,0.0,0.0,4111.0,0.0,0.0,1.0,1.0,328.0,0.0,0.0,3.0,1.0,1.0,0.0,0.0,0.0,1.0,0.0,1.0,0.0,0.0,0.0,0.0,0.0,1.0,0.0,1.0,0.0,0.0,0.0,0.0,0.0,0.0,0.0,0.0,0.0,0.0,0.0,0.0,1.0,0.0
01/19/2023,21.0,169.0,1.0,16.0,0.0,0.0,5732.0,0.0,1.0,1.0,1.0,363.0,0.0,0.0,1.0,0.0,0.0,0.0,0.0,0.0,1.0,0.0,0.0,1.0,0.0,0.0,0.0,0.0,1.0,0.0,0.0,1.0,0.0,0.0,0.0,0.0,0.0,0.0,0.0,0.0,0.0,0.0,0.0,1.0,0.0
02/09/2023,60.0,16.0,1.0,16.0,0.0,0.0,7299.0,1.0,0.0,1.0,1.0,96.0,0.0,0.0,1.0,0.0,0.0,0.0,0.0,1.0,0.0,0.0,0.0,1.0,0.0,0.0,1.0,0.0,0.0,0.0,0.0,0.0,0.0,0.0,0.0,0.0,0.0,0.0,0.0,0.0,0.0,0.0,0.0,1.0,0.0
07/25/2023,54.0,55.0,1.0,18.0,0.0,0.0,4111.0,0.0,0.0,1.0,1.0,284.0,0.0,0.0,1.0,0.0,0.0,0.0,0.0,0.0,1.0,0.0,1.0,0.0,0.0,0.0,0.0,1.0,0.0,0.0,1.0,0.0,0.0,0.0,0.0,0.0,0.0,0.0,0.0,0.0,0.0,0.0,0.0,1.0,0.0
02/22/2023,45.0,48.0,1.0,17.0,0.0,0.0,5734.0,0.0,1.0,1.0,1.0,482.0,0.0,0.0,1.0,0.0,0.0,0.0,0.0,0.0,1.0,0.0,0.0,1.0,0.0,0.0,1.0,0.0,0.0,0.0,0.0,1.0,0.0,0.0,0.0,0.0,0.0,0.0,0.0,0.0,0.0,0.0,0.0,1.0,0.0
08/21/2023,69.0,165.0,1.0,16.0,0.0,0.0,5734.0,0.0,1.0,1.0,1.0,248.0,0.0,1.0,1.0,0.0,0.0,0.0,0.0,0.0,1.0,0.0,1.0,0.0,0.0,0.0,0.0,1.0,0.0,0.0,0.0,1.0,0.0,0.0,0.0,0.0,0.0,0.0,0.0,0.0,0.0,0.0,0.0,1.0,0.0
03/14/2023,52.0,59.0,1.0,16.0,0.0,0.0,5734.0,0.0,1.0,0.0,1.0,117.0,0.0,0.0,1.0,0.0,0.0,0.0,0.0,1.0,0.0,0.0,0.0,1.0,0.0,0.0,1.0,0.0,0.0,0.0,0.0,1.0,0.0,0.0,0.0,0.0,0.0,0.0,0.0,0.0,0.0,0.0,0.0,1.0,0.0
03/31/2023,53.0,29.0,1.0,18.0,0.0,0.0,5732.0,0.0,1.0,1.0,1.0,333.0,0.0,0.0,3.0,1.0,1.0,0.0,0.0,0.0,1.0,0.0,1.0,0.0,0.0,0.0,1.0,0.0,0.0,0.0,0.0,1.0,0.0,0.0,0.0,0.0,0.0,0.0,0.0,0.0,0.0,0.0,0.0,1.0,0.0
06/14/2023,22.0,44.0,1.0,16.0,0.0,0.0,7299.0,1.0,0.0,1.0,1.0,353.0,0.0,0.0,1.0,0.0,0.0,0.0,0.0,1.0,0.0,0.0,1.0,0.0,0.0,0.0,0.0,0.0,1.0,0.0,0.0,0.0,0.0,0.0,0.0,0.0,0.0,0.0,0.0,0.0,0.0,0.0,0.0,1.0,0.0
05/11/2023,68.0,91.0,1.0,16.0,0.0,0.0,4829.0,1.0,0.0,1.0,1.0,401.0,0.0,1.0,1.0,0.0,0.0,1.0,3.0,0.0,1.0,0.0,0.0,1.0,0.0,0.0,0.0,1.0,0.0,0.0,0.0,0.0,0.0,0.0,0.0,1.0,0.0,0.0,0.0,0.0,0.0,0.0,0.0,0.0,0.0
08/28/2023,25.0,112.0,1.0,18.0,0.0,0.0,6011.0,1.0,0.0,1.0,1.0,371.0,0.0,1.0,1.0,0.0,0.0,0.0,2.0,0.0,1.0,0.0,0.0,0.0,0.0,0.0,0.0,0.0,1.0,0.0,0.0,0.0,0.0,0.0,0.0,0.0,0.0,0.0,0.0,0.0,0.0,0.0,0.0,1.0,0.0
07/18/2023,67.0,164.0,1.0,16.0,0.0,0.0,5734.0,0.0,1.0,1.0,1.0,145.0,0.0,1.0,1.0,0.0,0.0,0.0,0.0,0.0,1.0,0.0,0.0,0.0,0.0,1.0,0.0,0.0,0.0,0.0,0.0,1.0,0.0,0.0,0.0,0.0,0.0,0.0,0.0,0.0,0.0,0.0,0.0,1.0,0.0
06/09/2023,63.0,166.0,1.0,18.0,0.0,0.0,5732.0,0.0,1.0,1.0,1.0,379.0,0.0,1.0,3.0,1.0,1.0,0.0,0.0,0.0,1.0,0.0,1.0,0.0,0.0,0.0,0.0,1.0,0.0,0.0,0.0,1.0,0.0,0.0,0.0,0.0,0.0,0.0,0.0,0.0,0.0,0.0,0.0,1.0,0.0
02/08/2023,57.0,135.0,1.0,16.0,0.0,0.0,5814.0,0.0,0.0,1.0,1.0,198.0,0.0,0.0,1.0,0.0,0.0,0.0,0.0,0.0,1.0,0.0,0.0,0.0,0.0,0.0,0.0,1.0,0.0,0.0,1.0,0.0,0.0,0.0,0.0,0.0,0.0,0.0,0.0,0.0,0.0,0.0,0.0,1.0,0.0
09/28/2023,41.0,292.0,1.0,16.0,0.0,0.0,5921.0,1.0,0.0,1.0,1.0,202.0,0.0,0.0,1.0,0.0,0.0,0.0,0.0,0.0,1.0,0.0,1.0,0.0,0.0,1.0,0.0,0.0,0.0,0.0,0.0,0.0,0.0,0.0,0.0,0.0,0.0,0.0,0.0,0.0,0.0,0.0,0.0,1.0,0.0
06/29/2023,24.0,170.0,1.0,16.0,0.0,0.0,4111.0,0.0,0.0,1.0,1.0,461.0,0.0,0.0,1.0,0.0,0.0,0.0,0.0,0.0,1.0,0.0,0.0,1.0,0.0,0.0,0.0,0.0,1.0,0.0,1.0,0.0,0.0,0.0,0.0,0.0,0.0,0.0,0.0,0.0,0.0,0.0,0.0,1.0,0.0
05/02/2023,49.0,148.0,4.0,17.0,0.0,0.0,5411.0,0.0,0.0,1.0,1.0,80.0,0.0,0.0,1.0,0.0,0.0,0.0,0.0,0.0,1.0,0.0,0.0,0.0,0.0,0.0,1.0,0.0,0.0,0.0,1.0,0.0,0.0,0.0,0.0,0.0,0.0,0.0,0.0,0.0,0.0,0.0,0.0,1.0,0.0
10/06/2023,46.0,152.0,1.0,18.0,0.0,0.0,5814.0,0.0,0.0,1.0,1.0,1080.0,0.0,1.0,1.0,0.0,0.0,0.0,2.0,0.0,1.0,0.0,0.0,0.0,0.0,0.0,1.0,0.0,0.0,0.0,1.0,0.0,0.0,0.0,0.0,0.0,0.0,0.0,0.0,0.0,0.0,0.0,0.0,1.0,0.0
08/07/2023,39.0,176.0,4.0,16.0,0.0,0.0,5311.0,0.0,0.0,1.0,1.0,201.0,0.0,1.0,1.0,0.0,0.0,0.0,0.0,1.0,0.0,0.0,0.0,1.0,0.0,0.0,1.0,0.0,0.0,0.0,1.0,0.0,0.0,0.0,0.0,0.0,0.0,0.0,0.0,0.0,0.0,0.0,0.0,1.0,0.0
04/21/2023,77.0,143.0,1.0,17.0,0.0,0.0,5921.0,1.0,0.0,1.0,1.0,526.0,0.0,0.0,1.0,0.0,0.0,0.0,0.0,1.0,0.0,0.0,1.0,0.0,0.0,0.0,0.0,1.0,0.0,0.0,0.0,0.0,0.0,0.0,0.0,0.0,0.0,0.0,0.0,0.0,0.0,0.0,0.0,1.0,0.0
04/06/2023,26.0,217.0,1.0,18.0,0.0,0.0,5999.0,1.0,0.0,1.0,1.0,623.0,0.0,0.0,1.0,0.0,0.0,1.0,2.0,0.0,1.0,0.0,0.0,1.0,0.0,0.0,0.0,0.0,1.0,0.0,0.0,0.0,0.0,0.0,1.0,0.0,0.0,0.0,0.0,0.0,0.0,0.0,0.0,0.0,0.0
11/10/2023,68.0,127.0,1.0,16.0,0.0,0.0,7299.0,1.0,0.0,1.0,1.0,540.0,0.0,1.0,3.0,1.0,1.0,0.0,2.0,0.0,1.0,0.0,0.0,1.0,0.0,1.0,0.0,0.0,0.0,0.0,0.0,0.0,0.0,0.0,0.0,0.0,0.0,0.0,0.0,0.0,0.0,0.0,0.0,1.0,0.0
10/16/2023,20.0,139.0,1.0,16.0,0.0,0.0,5411.0,0.0,0.0,1.0,1.0,108.0,0.0,1.0,1.0,0.0,0.0,0.0,2.0,0.0,1.0,0.0,0.0,1.0,0.0,0.0,0.0,0.0,1.0,0.0,1.0,0.0,0.0,0.0,0.0,0.0,0.0,0.0,0.0,0.0,0.0,0.0,0.0,1.0,0.0
11/07/2023,22.0,68.0,1.0,16.0,0.0,0.0,7995.0,1.0,0.0,1.0,1.0,572.0,0.0,0.0,1.0,0.0,0.0,0.0,0.0,1.0,0.0,0.0,0.0,1.0,0.0,0.0,0.0,0.0,1.0,0.0,0.0,0.0,0.0,0.0,0.0,0.0,0.0,0.0,0.0,0.0,0.0,0.0,0.0,1.0,0.0
06/08/2023,63.0,167.0,1.0,16.0,0.0,0.0,5814.0,0.0,0.0,1.0,1.0,145.0,0.0,0.0,1.0,0.0,0.0,0.0,0.0,0.0,1.0,0.0,0.0,0.0,0.0,0.0,0.0,1.0,0.0,0.0,1.0,0.0,0.0,0.0,0.0,0.0,0.0,0.0,0.0,0.0,0.0,0.0,0.0,1.0,0.0
09/25/2023,50.0,50.0,1.0,16.0,0.0,0.0,5734.0,0.0,1.0,1.0,1.0,227.0,0.0,0.0,1.0,0.0,0.0,1.0,0.0,0.0,1.0,0.0,0.0,0.0,0.0,0.0,1.0,0.0,0.0,0.0,0.0,1.0,0.0,0.0,0.0,0.0,0.0,0.0,0.0,0.0,0.0,0.0,0.0,1.0,0.0
05/22/2023,48.0,159.0,1.0,17.0,0.0,0.0,7299.0,1.0,0.0,1.0,1.0,602.0,0.0,0.0,1.0,0.0,0.0,0.0,0.0,1.0,0.0,0.0,0.0,1.0,0.0,0.0,1.0,0.0,0.0,0.0,0.0,0.0,0.0,0.0,0.0,0.0,0.0,0.0,0.0,0.0,0.0,0.0,0.0,1.0,0.0
12/29/2023,75.0,73.0,1.0,17.0,0.0,0.0,5411.0,0.0,0.0,1.0,1.0,212.0,0.0,0.0,1.0,0.0,0.0,0.0,0.0,0.0,1.0,0.0,1.0,0.0,0.0,0.0,0.0,1.0,0.0,0.0,1.0,0.0,0.0,0.0,0.0,0.0,0.0,0.0,0.0,0.0,0.0,0.0,0.0,1.0,0.0
08/11/2023,59.0,200.0,1.0,17.0,0.0,0.0,7995.0,1.0,0.0,1.0,1.0,347.0,0.0,1.0,1.0,0.0,0.0,0.0,2.0,0.0,1.0,0.0,1.0,0.0,0.0,0.0,1.0,0.0,0.0,0.0,0.0,0.0,0.0,0.0,0.0,0.0,0.0,0.0,0.0,0.0,0.0,0.0,0.0,1.0,0.0
03/27/2023,36.0,109.0,1.0,17.0,0.0,0.0,5732.0,0.0,1.0,1.0,1.0,303.0,0.0,0.0,5.0,1.0,1.0,0.0,1.0,0.0,1.0,0.0,1.0,0.0,0.0,1.0,0.0,0.0,0.0,0.0,0.0,1.0,0.0,0.0,0.0,0.0,0.0,0.0,0.0,0.0,0.0,0.0,0.0,1.0,0.0
05/01/2023,68.0,139.0,1.0,16.0,0.0,0.0,5311.0,0.0,0.0,1.0,1.0,1065.0,0.0,0.0,1.0,0.0,0.0,0.0,0.0,0.0,1.0,0.0,0.0,1.0,0.0,1.0,0.0,0.0,0.0,0.0,1.0,0.0,0.0,0.0,0.0,0.0,0.0,0.0,0.0,0.0,0.0,0.0,0.0,1.0,0.0
08/21/2023,51.0,72.0,1.0,18.0,0.0,0.0,5812.0,0.0,0.0,1.0,1.0,395.0,0.0,1.0,1.0,0.0,0.0,0.0,0.0,0.0,1.0,0.0,1.0,0.0,0.0,0.0,1.0,0.0,0.0,0.0,1.0,0.0,0.0,0.0,0.0,0.0,0.0,0.0,0.0,0.0,0.0,0.0,0.0,1.0,0.0
03/02/2023,45.0,155.0,1.0,16.0,0.0,0.0,4121.0,0.0,0.0,1.0,1.0,625.0,0.0,0.0,1.0,0.0,0.0,0.0,0.0,0.0,1.0,0.0,1.0,0.0,0.0,0.0,1.0,0.0,0.0,0.0,1.0,0.0,0.0,0.0,0.0,0.0,0.0,0.0,0.0,0.0,0.0,0.0,0.0,1.0,0.0
10/20/2023,64.0,69.0,1.0,17.0,0.0,0.0,5411.0,0.0,0.0,1.0,1.0,708.0,0.0,0.0,1.0,0.0,0.0,0.0,0.0,0.0,1.0,0.0,1.0,0.0,0.0,1.0,0.0,0.0,0.0,0.0,1.0,0.0,0.0,0.0,0.0,0.0,0.0,0.0,0.0,0.0,0.0,0.0,0.0,1.0,0.0
05/10/2023,79.0,119.0,1.0,17.0,0.0,0.0,5999.0,1.0,0.0,1.0,1.0,253.0,0.0,0.0,1.0,0.0,0.0,0.0,0.0,0.0,1.0,0.0,1.0,0.0,0.0,0.0,0.0,1.0,0.0,0.0,0.0,0.0,0.0,0.0,0.0,0.0,0.0,0.0,0.0,0.0,0.0,0.0,0.0,1.0,0.0
05/09/2023,40.0,46.0,1.0,16.0,0.0,0.0,5734.0,0.0,1.0,1.0,1.0,1024.0,0.0,1.0,1.0,0.0,0.0,0.0,0.0,0.0,1.0,0.0,0.0,0.0,0.0,1.0,0.0,0.0,0.0,0.0,0.0,1.0,0.0,0.0,0.0,0.0,0.0,0.0,0.0,0.0,0.0,0.0,0.0,1.0,0.0
11/06/2023,35.0,29.0,1.0,16.0,0.0,0.0,5734.0,0.0,1.0,1.0,1.0,258.0,0.0,0.0,1.0,0.0,0.0,0.0,0.0,0.0,1.0,0.0,0.0,1.0,0.0,0.0,1.0,0.0,0.0,0.0,0.0,1.0,0.0,0.0,0.0,0.0,0.0,0.0,0.0,0.0,0.0,0.0,0.0,1.0,0.0
06/26/2023,58.0,268.0,1.0,16.0,0.0,0.0,5734.0,0.0,1.0,1.0,1.0,303.0,0.0,1.0,5.0,1.0,1.0,0.0,1.0,0.0,1.0,0.0,1.0,0.0,0.0,0.0,0.0,1.0,0.0,0.0,0.0,1.0,0.0,0.0,0.0,0.0,0.0,0.0,0.0,1.0,0.0,0.0,0.0,0.0,0.0
04/06/2023,60.0,139.0,1.0,16.0,0.0,0.0,4829.0,1.0,0.0,1.0,1.0,335.0,0.0,0.0,1.0,0.0,0.0,0.0,0.0,0.0,1.0,0.0,0.0,0.0,0.0,0.0,1.0,0.0,0.0,0.0,0.0,0.0,0.0,0.0,0.0,0.0,0.0,0.0,0.0,0.0,0.0,0.0,0.0,1.0,0.0
12/27/2023,29.0,141.0,1.0,16.0,0.0,0.0,5734.0,0.0,1.0,1.0,1.0,475.0,0.0,1.0,1.0,0.0,0.0,0.0,0.0,0.0,1.0,0.0,0.0,1.0,0.0,1.0,0.0,0.0,0.0,0.0,0.0,1.0,0.0,0.0,0.0,0.0,0.0,0.0,0.0,0.0,0.0,0.0,0.0,1.0,0.0
06/05/2023,64.0,135.0,1.0,17.0,0.0,0.0,5411.0,0.0,0.0,1.0,1.0,333.0,0.0,1.0,1.0,0.0,0.0,0.0,0.0,1.0,0.0,0.0,1.0,0.0,0.0,1.0,0.0,0.0,0.0,0.0,1.0,0.0,0.0,0.0,0.0,0.0,0.0,0.0,0.0,0.0,0.0,0.0,0.0,1.0,0.0
12/20/2023,54.0,174.0,5.0,16.0,0.0,0.0,7995.0,1.0,0.0,1.0,1.0,544.0,0.0,0.0,1.0,0.0,0.0,0.0,2.0,1.0,0.0,0.0,0.0,0.0,0.0,0.0,1.0,0.0,0.0,0.0,0.0,0.0,0.0,0.0,0.0,0.0,1.0,0.0,0.0,0.0,0.0,0.0,0.0,0.0,0.0
09/26/2023,19.0,173.0,1.0,16.0,0.0,0.0,5411.0,0.0,0.0,1.0,1.0,547.0,0.0,0.0,3.0,1.0,1.0,0.0,0.0,0.0,1.0,0.0,0.0,1.0,0.0,0.0,0.0,0.0,1.0,0.0,1.0,0.0,0.0,0.0,0.0,0.0,0.0,0.0,0.0,0.0,0.0,0.0,0.0,1.0,0.0
11/29/2023,21.0,62.0,1.0,18.0,0.0,0.0,7995.0,1.0,0.0,1.0,1.0,419.0,0.0,1.0,1.0,0.0,0.0,0.0,2.0,0.0,1.0,0.0,0.0,0.0,0.0,0.0,0.0,0.0,1.0,0.0,0.0,0.0,0.0,0.0,0.0,0.0,0.0,0.0,0.0,0.0,0.0,0.0,0.0,1.0,0.0
12/04/2023,62.0,166.0,5.0,16.0,0.0,0.0,5814.0,0.0,0.0,1.0,1.0,135.0,0.0,1.0,4.0,1.0,1.0,0.0,0.0,0.0,1.0,0.0,0.0,0.0,0.0,0.0,0.0,1.0,0.0,0.0,1.0,0.0,0.0,0.0,0.0,0.0,0.0,0.0,0.0,0.0,0.0,0.0,0.0,1.0,0.0
11/06/2023,61.0,82.0,1.0,16.0,0.0,0.0,5732.0,0.0,1.0,1.0,1.0,312.0,0.0,0.0,5.0,1.0,1.0,0.0,0.0,0.0,1.0,0.0,0.0,0.0,0.0,0.0,0.0,1.0,0.0,0.0,0.0,1.0,0.0,0.0,0.0,0.0,0.0,0.0,0.0,0.0,0.0,0.0,0.0,1.0,0.0
01/09/2023,20.0,15.0,1.0,17.0,0.0,0.0,5944.0,0.0,1.0,1.0,1.0,325.0,0.0,0.0,1.0,0.0,0.0,0.0,0.0,0.0,1.0,0.0,0.0,0.0,0.0,0.0,0.0,0.0,1.0,0.0,0.0,1.0,0.0,0.0,1.0,0.0,0.0,0.0,0.0,0.0,0.0,0.0,0.0,0.0,0.0
10/09/2023,71.0,217.0,1.0,18.0,0.0,0.0,4829.0,1.0,0.0,1.0,1.0,355.0,0.0,0.0,1.0,0.0,0.0,0.0,0.0,1.0,0.0,0.0,0.0,1.0,0.0,0.0,0.0,1.0,0.0,0.0,0.0,0.0,0.0,0.0,0.0,0.0,0.0,0.0,0.0,0.0,0.0,0.0,0.0,1.0,0.0
11/30/2023,79.0,157.0,1.0,18.0,0.0,0.0,4111.0,0.0,0.0,1.0,1.0,874.0,0.0,1.0,1.0,0.0,0.0,0.0,0.0,0.0,1.0,0.0,0.0,1.0,0.0,0.0,0.0,1.0,0.0,0.0,1.0,0.0,0.0,0.0,0.0,0.0,0.0,0.0,0.0,0.0,0.0,0.0,0.0,1.0,0.0
10/19/2023,52.0,164.0,1.0,18.0,0.0,0.0,7995.0,1.0,0.0,1.0,1.0,141.0,0.0,0.0,5.0,1.0,1.0,0.0,1.0,0.0,1.0,0.0,1.0,0.0,0.0,1.0,0.0,0.0,0.0,0.0,0.0,0.0,0.0,0.0,0.0,0.0,0.0,0.0,0.0,0.0,0.0,0.0,0.0,1.0,0.0
10/16/2023,59.0,105.0,1.0,17.0,0.0,0.0,5812.0,0.0,0.0,1.0,1.0,102.0,0.0,1.0,1.0,0.0,0.0,0.0,0.0,0.0,1.0,0.0,0.0,0.0,0.0,1.0,0.0,0.0,0.0,0.0,1.0,0.0,0.0,0.0,0.0,0.0,0.0,0.0,0.0,0.0,0.0,0.0,0.0,1.0,0.0
11/24/2023,51.0,172.0,1.0,16.0,0.0,0.0,6011.0,1.0,0.0,1.0,1.0,167.0,0.0,0.0,1.0,0.0,0.0,0.0,0.0,0.0,1.0,0.0,0.0,0.0,0.0,1.0,0.0,0.0,0.0,0.0,0.0,0.0,0.0,0.0,0.0,0.0,0.0,0.0,0.0,0.0,0.0,0.0,0.0,1.0,0.0
12/25/2023,68.0,158.0,1.0,17.0,0.0,0.0,5311.0,0.0,0.0,1.0,1.0,351.0,0.0,0.0,1.0,0.0,0.0,0.0,0.0,0.0,1.0,0.0,0.0,0.0,0.0,1.0,0.0,0.0,0.0,0.0,1.0,0.0,0.0,0.0,0.0,0.0,0.0,0.0,0.0,0.0,0.0,0.0,0.0,1.0,0.0
06/19/2023,60.0,172.0,1.0,16.0,0.0,0.0,4111.0,0.0,0.0,1.0,1.0,201.0,0.0,1.0,1.0,0.0,0.0,0.0,0.0,0.0,1.0,0.0,0.0,0.0,0.0,0.0,1.0,0.0,0.0,0.0,1.0,0.0,0.0,0.0,0.0,0.0,0.0,0.0,0.0,0.0,0.0,0.0,0.0,1.0,0.0
05/22/2023,26.0,146.0,1.0,18.0,0.0,0.0,4121.0,0.0,0.0,1.0,1.0,469.0,0.0,0.0,1.0,0.0,0.0,1.0,0.0,1.0,0.0,0.0,0.0,1.0,0.0,0.0,1.0,0.0,0.0,0.0,1.0,0.0,0.0,1.0,0.0,0.0,0.0,0.0,0.0,0.0,0.0,0.0,0.0,0.0,0.0
10/27/2023,50.0,96.0,1.0,17.0,0.0,0.0,4111.0,0.0,0.0,1.0,1.0,1480.0,0.0,1.0,1.0,0.0,0.0,0.0,0.0,1.0,0.0,0.0,0.0,1.0,0.0,0.0,1.0,0.0,0.0,0.0,1.0,0.0,0.0,0.0,0.0,0.0,0.0,0.0,0.0,0.0,0.0,0.0,0.0,1.0,0.0
07/06/2023,36.0,68.0,1.0,18.0,0.0,0.0,5411.0,0.0,0.0,1.0,1.0,325.0,0.0,0.0,1.0,0.0,0.0,0.0,0.0,0.0,1.0,0.0,0.0,1.0,0.0,0.0,1.0,0.0,0.0,0.0,1.0,0.0,0.0,0.0,0.0,0.0,0.0,0.0,0.0,0.0,0.0,0.0,0.0,1.0,0.0
12/18/2023,59.0,293.0,1.0,16.0,0.0,0.0,5734.0,0.0,1.0,1.0,1.0,808.0,0.0,0.0,1.0,0.0,0.0,0.0,0.0,1.0,0.0,0.0,0.0,1.0,0.0,0.0,0.0,1.0,0.0,0.0,0.0,1.0,0.0,0.0,0.0,0.0,0.0,0.0,0.0,0.0,0.0,0.0,0.0,1.0,0.0
07/26/2023,34.0,50.0,1.0,16.0,0.0,0.0,4121.0,0.0,0.0,1.0,1.0,514.0,0.0,1.0,1.0,0.0,0.0,0.0,0.0,0.0,1.0,0.0,0.0,0.0,0.0,0.0,1.0,0.0,0.0,0.0,1.0,0.0,0.0,0.0,0.0,0.0,0.0,0.0,0.0,0.0,0.0,0.0,1.0,0.0,0.0
06/26/2023,41.0,273.0,1.0,16.0,0.0,0.0,4121.0,0.0,0.0,1.0,1.0,223.0,0.0,1.0,1.0,0.0,0.0,0.0,0.0,0.0,1.0,0.0,0.0,0.0,0.0,1.0,0.0,0.0,0.0,0.0,1.0,0.0,0.0,0.0,0.0,0.0,0.0,0.0,0.0,0.0,0.0,0.0,0.0,1.0,0.0
05/24/2023,51.0,189.0,1.0,16.0,0.0,0.0,7995.0,1.0,0.0,1.0,1.0,872.0,0.0,1.0,1.0,0.0,0.0,0.0,2.0,0.0,1.0,0.0,0.0,0.0,0.0,0.0,0.0,1.0,0.0,0.0,0.0,0.0,0.0,0.0,0.0,0.0,0.0,0.0,0.0,0.0,0.0,0.0,0.0,1.0,0.0
06/07/2023,57.0,152.0,1.0,16.0,0.0,0.0,7995.0,1.0,0.0,1.0,1.0,427.0,0.0,0.0,1.0,0.0,0.0,0.0,0.0,0.0,1.0,0.0,0.0,0.0,0.0,0.0,0.0,1.0,0.0,0.0,0.0,0.0,0.0,0.0,0.0,0.0,0.0,0.0,0.0,0.0,0.0,0.0,0.0,1.0,0.0
06/27/2023,25.0,14.0,1.0,16.0,0.0,0.0,5921.0,1.0,0.0,1.0,1.0,663.0,0.0,1.0,1.0,0.0,0.0,0.0,2.0,0.0,1.0,0.0,1.0,0.0,0.0,0.0,0.0,0.0,1.0,0.0,0.0,0.0,0.0,0.0,0.0,0.0,0.0,0.0,0.0,0.0,0.0,0.0,0.0,1.0,0.0
11/27/2023,47.0,129.0,3.0,16.0,0.0,0.0,4121.0,0.0,0.0,1.0,1.0,468.0,0.0,1.0,1.0,0.0,0.0,0.0,0.0,0.0,1.0,0.0,0.0,0.0,0.0,0.0,1.0,0.0,0.0,0.0,1.0,0.0,0.0,0.0,0.0,0.0,0.0,0.0,0.0,0.0,0.0,0.0,0.0,1.0,0.0
11/20/2023,71.0,226.0,1.0,16.0,0.0,0.0,5812.0,0.0,0.0,1.0,1.0,874.0,0.0,1.0,1.0,0.0,0.0,0.0,0.0,0.0,1.0,0.0,0.0,1.0,0.0,0.0,0.0,1.0,0.0,0.0,1.0,0.0,0.0,0.0,0.0,0.0,0.0,0.0,0.0,0.0,0.0,0.0,0.0,1.0,0.0
05/23/2023,51.0,201.0,1.0,16.0,0.0,0.0,5999.0,1.0,0.0,1.0,1.0,160.0,0.0,0.0,1.0,0.0,0.0,0.0,0.0,1.0,0.0,0.0,0.0,1.0,0.0,1.0,0.0,0.0,0.0,0.0,0.0,0.0,0.0,0.0,0.0,0.0,0.0,0.0,0.0,0.0,0.0,0.0,0.0,1.0,0.0
10/23/2023,42.0,176.0,1.0,16.0,0.0,0.0,7299.0,1.0,0.0,1.0,1.0,623.0,0.0,1.0,3.0,1.0,1.0,0.0,2.0,0.0,1.0,0.0,0.0,0.0,0.0,1.0,0.0,0.0,0.0,0.0,0.0,0.0,0.0,0.0,0.0,0.0,0.0,0.0,0.0,0.0,0.0,0.0,0.0,1.0,0.0
04/14/2023,21.0,166.0,1.0,17.0,0.0,0.0,5814.0,0.0,0.0,1.0,1.0,597.0,0.0,0.0,1.0,0.0,0.0,0.0,0.0,0.0,1.0,0.0,0.0,0.0,0.0,0.0,0.0,0.0,1.0,0.0,1.0,0.0,0.0,0.0,0.0,0.0,0.0,0.0,0.0,0.0,0.0,0.0,0.0,1.0,0.0
10/04/2023,28.0,48.0,1.0,16.0,0.0,0.0,5411.0,0.0,0.0,1.0,1.0,114.0,0.0,0.0,1.0,0.0,0.0,0.0,0.0,0.0,1.0,0.0,0.0,1.0,0.0,0.0,0.0,0.0,1.0,0.0,1.0,0.0,0.0,0.0,0.0,0.0,0.0,0.0,0.0,0.0,0.0,1.0,0.0,0.0,0.0
08/03/2023,22.0,31.0,1.0,16.0,0.0,0.0,5411.0,0.0,0.0,1.0,1.0,276.0,0.0,1.0,1.0,0.0,0.0,0.0,0.0,0.0,1.0,0.0,1.0,0.0,0.0,0.0,0.0,0.0,1.0,0.0,1.0,0.0,0.0,0.0,0.0,0.0,0.0,0.0,0.0,0.0,0.0,0.0,0.0,1.0,0.0
12/25/2023,51.0,94.0,1.0,18.0,0.0,0.0,5411.0,0.0,0.0,1.0,1.0,129.0,0.0,0.0,1.0,0.0,0.0,0.0,0.0,0.0,1.0,0.0,1.0,0.0,0.0,0.0,0.0,1.0,0.0,0.0,1.0,0.0,0.0,0.0,0.0,0.0,0.0,0.0,0.0,0.0,0.0,0.0,1.0,0.0,0.0
05/22/2023,19.0,164.0,1.0,16.0,0.0,0.0,5734.0,0.0,1.0,1.0,1.0,523.0,0.0,0.0,1.0,0.0,0.0,0.0,0.0,0.0,1.0,0.0,0.0,0.0,0.0,0.0,0.0,0.0,1.0,0.0,0.0,1.0,0.0,0.0,0.0,0.0,0.0,0.0,0.0,0.0,0.0,0.0,0.0,1.0,0.0
04/17/2023,68.0,174.0,1.0,18.0,0.0,0.0,5411.0,0.0,0.0,1.0,1.0,285.0,0.0,1.0,1.0,0.0,0.0,0.0,0.0,0.0,1.0,0.0,0.0,1.0,0.0,0.0,0.0,1.0,0.0,0.0,1.0,0.0,0.0,0.0,0.0,1.0,0.0,0.0,0.0,0.0,0.0,0.0,0.0,0.0,0.0
09/18/2023,32.0,158.0,1.0,16.0,0.0,0.0,5814.0,0.0,0.0,1.0,1.0,149.0,0.0,0.0,1.0,0.0,0.0,0.0,0.0,0.0,1.0,0.0,1.0,0.0,0.0,1.0,0.0,0.0,0.0,0.0,1.0,0.0,0.0,0.0,0.0,0.0,0.0,0.0,0.0,0.0,0.0,0.0,0.0,1.0,0.0
09/04/2023,41.0,137.0,1.0,16.0,0.0,0.0,5814.0,0.0,0.0,1.0,0.0,371.0,0.0,1.0,1.0,0.0,0.0,0.0,0.0,1.0,0.0,0.0,0.0,1.0,0.0,0.0,1.0,0.0,0.0,0.0,1.0,0.0,0.0,0.0,0.0,0.0,0.0,0.0,0.0,0.0,0.0,0.0,0.0,1.0,0.0
07/10/2023,32.0,36.0,1.0,16.0,0.0,0.0,5999.0,1.0,0.0,1.0,1.0,102.0,0.0,1.0,3.0,1.0,1.0,0.0,2.0,0.0,1.0,0.0,0.0,1.0,0.0,1.0,0.0,0.0,0.0,0.0,0.0,0.0,0.0,0.0,0.0,0.0,0.0,0.0,0.0,0.0,0.0,0.0,0.0,1.0,0.0
09/18/2023,65.0,207.0,1.0,16.0,0.0,0.0,5311.0,0.0,0.0,1.0,1.0,262.0,0.0,0.0,1.0,0.0,0.0,0.0,0.0,0.0,1.0,0.0,0.0,1.0,0.0,0.0,0.0,1.0,0.0,0.0,1.0,0.0,0.0,0.0,0.0,0.0,0.0,0.0,0.0,0.0,0.0,0.0,0.0,1.0,0.0
01/23/2023,20.0,35.0,1.0,16.0,0.0,0.0,7995.0,1.0,0.0,1.0,1.0,525.0,0.0,0.0,1.0,0.0,0.0,0.0,0.0,0.0,1.0,0.0,1.0,0.0,0.0,0.0,0.0,0.0,1.0,0.0,0.0,0.0,0.0,0.0,0.0,0.0,0.0,0.0,0.0,0.0,0.0,0.0,0.0,1.0,0.0
08/28/2023,53.0,86.0,1.0,17.0,0.0,0.0,5411.0,0.0,0.0,1.0,1.0,197.0,0.0,1.0,1.0,0.0,0.0,0.0,0.0,0.0,1.0,0.0,0.0,0.0,0.0,0.0,1.0,0.0,0.0,0.0,1.0,0.0,0.0,0.0,0.0,0.0,0.0,0.0,0.0,0.0,0.0,0.0,0.0,1.0,0.0
02/06/2023,25.0,22.0,1.0,18.0,0.0,0.0,4121.0,0.0,0.0,1.0,1.0,195.0,0.0,0.0,1.0,0.0,0.0,0.0,0.0,0.0,1.0,0.0,1.0,0.0,0.0,0.0,0.0,0.0,1.0,0.0,1.0,0.0,0.0,0.0,0.0,0.0,0.0,0.0,0.0,0.0,0.0,0.0,0.0,1.0,0.0
03/28/2023,54.0,172.0,1.0,17.0,0.0,0.0,5732.0,0.0,1.0,1.0,1.0,333.0,0.0,0.0,1.0,0.0,0.0,1.0,0.0,1.0,0.0,0.0,0.0,1.0,0.0,0.0,0.0,1.0,0.0,0.0,0.0,1.0,0.0,0.0,0.0,0.0,0.0,0.0,0.0,0.0,0.0,0.0,0.0,1.0,0.0
08/22/2023,79.0,36.0,1.0,18.0,0.0,0.0,5732.0,0.0,1.0,1.0,1.0,368.0,0.0,0.0,1.0,0.0,0.0,0.0,0.0,1.0,0.0,0.0,1.0,0.0,0.0,0.0,0.0,1.0,0.0,0.0,0.0,1.0,0.0,0.0,0.0,0.0,0.0,0.0,0.0,0.0,0.0,0.0,0.0,1.0,0.0
10/09/2023,27.0,122.0,1.0,18.0,0.0,0.0,5734.0,0.0,1.0,1.0,1.0,202.0,0.0,1.0,2.0,0.0,1.0,0.0,0.0,0.0,1.0,0.0,0.0,0.0,0.0,0.0,0.0,0.0,1.0,0.0,0.0,1.0,0.0,0.0,0.0,0.0,0.0,0.0,0.0,0.0,0.0,0.0,0.0,1.0,0.0
07/18/2023,53.0,144.0,1.0,17.0,0.0,0.0,5732.0,0.0,1.0,1.0,1.0,90.0,0.0,0.0,1.0,0.0,0.0,0.0,0.0,0.0,1.0,0.0,0.0,1.0,0.0,0.0,1.0,0.0,0.0,0.0,0.0,1.0,0.0,0.0,0.0,0.0,0.0,0.0,0.0,0.0,0.0,0.0,1.0,0.0,0.0
10/25/2023,23.0,14.0,1.0,16.0,0.0,0.0,5732.0,0.0,1.0,1.0,1.0,407.0,0.0,1.0,1.0,0.0,0.0,0.0,0.0,1.0,0.0,0.0,0.0,1.0,0.0,0.0,0.0,0.0,1.0,0.0,0.0,1.0,0.0,0.0,0.0,0.0,0.0,0.0,0.0,0.0,0.0,0.0,0.0,1.0,0.0
07/06/2023,22.0,65.0,1.0,17.0,0.0,0.0,5944.0,0.0,1.0,1.0,1.0,464.0,0.0,0.0,1.0,0.0,0.0,1.0,2.0,0.0,1.0,0.0,0.0,1.0,0.0,0.0,0.0,0.0,1.0,0.0,0.0,1.0,0.0,1.0,0.0,0.0,0.0,0.0,0.0,0.0,0.0,0.0,0.0,0.0,0.0
05/01/2023,27.0,44.0,1.0,17.0,0.0,0.0,5734.0,0.0,1.0,1.0,1.0,103.0,0.0,0.0,4.0,1.0,1.0,0.0,0.0,0.0,1.0,0.0,1.0,0.0,0.0,0.0,1.0,0.0,0.0,0.0,0.0,1.0,0.0,0.0,0.0,0.0,0.0,0.0,0.0,0.0,0.0,0.0,0.0,1.0,0.0
01/30/2023,21.0,159.0,2.0,17.0,0.0,0.0,7299.0,1.0,0.0,1.0,1.0,199.0,0.0,0.0,1.0,0.0,0.0,0.0,0.0,0.0,1.0,0.0,0.0,0.0,0.0,0.0,0.0,0.0,1.0,0.0,0.0,0.0,0.0,0.0,1.0,0.0,0.0,0.0,0.0,0.0,0.0,0.0,0.0,0.0,0.0
11/02/2023,19.0,136.0,2.0,16.0,0.0,0.0,6011.0,1.0,0.0,1.0,1.0,32.0,1.0,1.0,2.0,0.0,1.0,0.0,2.0,0.0,1.0,0.0,0.0,0.0,0.0,0.0,0.0,0.0,1.0,0.0,0.0,0.0,0.0,0.0,0.0,0.0,0.0,0.0,0.0,0.0,0.0,0.0,0.0,1.0,0.0
01/09/2023,51.0,158.0,1.0,16.0,0.0,0.0,4111.0,0.0,0.0,1.0,1.0,284.0,0.0,0.0,3.0,1.0,1.0,0.0,0.0,0.0,1.0,0.0,0.0,0.0,0.0,0.0,1.0,0.0,0.0,0.0,1.0,0.0,0.0,0.0,1.0,0.0,0.0,0.0,0.0,0.0,0.0,0.0,0.0,0.0,0.0
07/27/2023,49.0,178.0,1.0,17.0,0.0,0.0,5732.0,0.0,1.0,1.0,1.0,475.0,0.0,0.0,1.0,0.0,0.0,0.0,0.0,0.0,1.0,0.0,0.0,0.0,0.0,0.0,1.0,0.0,0.0,0.0,0.0,1.0,0.0,0.0,0.0,0.0,0.0,0.0,0.0,0.0,0.0,0.0,0.0,1.0,0.0
02/15/2023,64.0,68.0,1.0,16.0,0.0,0.0,5944.0,0.0,1.0,1.0,1.0,201.0,0.0,0.0,1.0,0.0,0.0,0.0,0.0,0.0,1.0,0.0,0.0,1.0,0.0,0.0,0.0,1.0,0.0,0.0,0.0,1.0,0.0,0.0,0.0,0.0,0.0,0.0,0.0,0.0,0.0,0.0,0.0,1.0,0.0
01/12/2023,25.0,289.0,1.0,17.0,0.0,0.0,4121.0,0.0,0.0,1.0,1.0,145.0,0.0,0.0,1.0,0.0,0.0,0.0,0.0,1.0,0.0,0.0,0.0,1.0,0.0,0.0,0.0,0.0,1.0,0.0,1.0,0.0,0.0,0.0,0.0,0.0,0.0,0.0,0.0,0.0,0.0,0.0,0.0,1.0,0.0
05/15/2023,35.0,56.0,1.0,18.0,0.0,0.0,5734.0,0.0,1.0,1.0,1.0,917.0,0.0,1.0,1.0,0.0,0.0,0.0,0.0,0.0,1.0,0.0,1.0,0.0,0.0,0.0,1.0,0.0,0.0,0.0,0.0,1.0,0.0,0.0,0.0,0.0,0.0,0.0,0.0,0.0,0.0,0.0,0.0,1.0,0.0
10/23/2023,21.0,282.0,1.0,17.0,0.0,0.0,4111.0,0.0,0.0,1.0,1.0,1125.0,0.0,1.0,5.0,1.0,1.0,0.0,0.0,0.0,1.0,0.0,0.0,0.0,0.0,0.0,0.0,0.0,1.0,0.0,1.0,0.0,0.0,0.0,0.0,0.0,0.0,0.0,0.0,0.0,0.0,0.0,0.0,1.0,0.0
05/15/2023,42.0,162.0,1.0,18.0,0.0,0.0,4121.0,0.0,0.0,1.0,1.0,504.0,0.0,0.0,1.0,0.0,0.0,0.0,0.0,0.0,1.0,0.0,0.0,0.0,0.0,0.0,1.0,0.0,0.0,0.0,1.0,0.0,0.0,0.0,0.0,0.0,0.0,0.0,0.0,0.0,0.0,0.0,0.0,1.0,0.0
04/11/2023,43.0,159.0,1.0,17.0,0.0,0.0,5732.0,0.0,1.0,1.0,1.0,641.0,0.0,0.0,1.0,0.0,0.0,0.0,0.0,0.0,1.0,0.0,1.0,0.0,0.0,1.0,0.0,0.0,0.0,0.0,0.0,1.0,0.0,0.0,0.0,0.0,0.0,0.0,0.0,0.0,0.0,0.0,0.0,1.0,0.0
11/20/2023,46.0,61.0,1.0,16.0,0.0,0.0,7995.0,1.0,0.0,1.0,1.0,113.0,0.0,1.0,1.0,0.0,0.0,0.0,2.0,0.0,1.0,0.0,0.0,0.0,0.0,1.0,0.0,0.0,0.0,0.0,0.0,0.0,0.0,0.0,0.0,0.0,0.0,0.0,0.0,0.0,0.0,0.0,0.0,1.0,0.0
09/08/2023,64.0,272.0,1.0,16.0,0.0,0.0,7995.0,1.0,0.0,1.0,1.0,196.0,0.0,1.0,1.0,0.0,0.0,0.0,2.0,0.0,1.0,0.0,0.0,0.0,0.0,0.0,0.0,1.0,0.0,0.0,0.0,0.0,0.0,0.0,0.0,0.0,0.0,0.0,0.0,0.0,0.0,0.0,0.0,1.0,0.0
03/13/2023,32.0,132.0,1.0,18.0,0.0,0.0,5411.0,0.0,0.0,1.0,1.0,87.0,0.0,0.0,2.0,0.0,1.0,0.0,0.0,1.0,0.0,0.0,0.0,1.0,0.0,1.0,0.0,0.0,0.0,0.0,1.0,0.0,0.0,0.0,0.0,0.0,0.0,0.0,0.0,0.0,0.0,0.0,0.0,1.0,0.0
01/18/2023,71.0,258.0,1.0,16.0,0.0,0.0,4121.0,0.0,0.0,1.0,1.0,59.0,1.0,0.0,1.0,0.0,0.0,0.0,0.0,0.0,1.0,0.0,1.0,0.0,0.0,0.0,0.0,1.0,0.0,0.0,1.0,0.0,0.0,0.0,0.0,0.0,0.0,0.0,0.0,0.0,0.0,0.0,0.0,1.0,0.0
05/05/2023,21.0,148.0,1.0,16.0,0.0,0.0,4111.0,0.0,0.0,1.0,1.0,304.0,0.0,1.0,1.0,0.0,0.0,0.0,0.0,1.0,0.0,0.0,1.0,0.0,0.0,0.0,0.0,0.0,1.0,0.0,1.0,0.0,0.0,0.0,0.0,0.0,0.0,0.0,0.0,0.0,0.0,0.0,0.0,1.0,0.0
02/27/2023,53.0,144.0,1.0,16.0,0.0,0.0,4111.0,0.0,0.0,1.0,1.0,354.0,0.0,0.0,2.0,0.0,1.0,0.0,0.0,0.0,1.0,0.0,0.0,0.0,0.0,0.0,1.0,0.0,0.0,0.0,1.0,0.0,0.0,0.0,0.0,0.0,0.0,0.0,0.0,0.0,0.0,0.0,0.0,1.0,0.0
01/02/2023,66.0,147.0,1.0,16.0,0.0,0.0,5411.0,0.0,0.0,1.0,1.0,513.0,0.0,0.0,1.0,0.0,0.0,0.0,0.0,0.0,1.0,0.0,1.0,0.0,0.0,1.0,0.0,0.0,0.0,0.0,1.0,0.0,0.0,0.0,0.0,0.0,0.0,0.0,0.0,0.0,0.0,0.0,0.0,1.0,0.0
12/11/2023,45.0,279.0,1.0,16.0,0.0,0.0,5311.0,0.0,0.0,1.0,1.0,1195.0,0.0,0.0,1.0,0.0,0.0,0.0,0.0,1.0,0.0,0.0,1.0,0.0,0.0,0.0,1.0,0.0,0.0,0.0,1.0,0.0,0.0,0.0,0.0,0.0,0.0,0.0,0.0,0.0,0.0,0.0,0.0,1.0,0.0
07/25/2023,77.0,93.0,1.0,18.0,0.0,0.0,5311.0,0.0,0.0,1.0,1.0,444.0,0.0,1.0,1.0,0.0,0.0,0.0,2.0,1.0,0.0,0.0,1.0,0.0,0.0,0.0,0.0,1.0,0.0,0.0,1.0,0.0,0.0,0.0,0.0,0.0,0.0,0.0,0.0,0.0,0.0,0.0,0.0,1.0,0.0
08/17/2023,27.0,86.0,1.0,18.0,0.0,0.0,5734.0,0.0,1.0,1.0,1.0,410.0,0.0,1.0,3.0,1.0,1.0,0.0,0.0,0.0,1.0,0.0,0.0,1.0,0.0,0.0,0.0,0.0,1.0,0.0,0.0,1.0,0.0,0.0,0.0,0.0,0.0,0.0,0.0,0.0,0.0,0.0,0.0,1.0,0.0
01/30/2023,80.0,57.0,1.0,17.0,0.0,0.0,5814.0,0.0,0.0,1.0,1.0,115.0,0.0,0.0,1.0,0.0,0.0,0.0,0.0,0.0,1.0,0.0,0.0,0.0,0.0,0.0,0.0,1.0,0.0,0.0,1.0,0.0,0.0,0.0,0.0,0.0,0.0,0.0,0.0,0.0,0.0,0.0,0.0,1.0,0.0
11/17/2023,72.0,160.0,1.0,16.0,0.0,0.0,5944.0,0.0,1.0,1.0,1.0,760.0,0.0,0.0,1.0,0.0,0.0,0.0,0.0,0.0,1.0,0.0,0.0,1.0,0.0,0.0,0.0,1.0,0.0,0.0,0.0,1.0,0.0,0.0,0.0,0.0,0.0,0.0,0.0,0.0,0.0,0.0,0.0,1.0,0.0
03/03/2023,57.0,149.0,1.0,18.0,0.0,0.0,5732.0,0.0,1.0,1.0,1.0,254.0,0.0,1.0,1.0,0.0,0.0,0.0,0.0,1.0,0.0,0.0,0.0,1.0,0.0,1.0,0.0,0.0,0.0,0.0,0.0,1.0,0.0,0.0,0.0,0.0,0.0,0.0,0.0,0.0,0.0,0.0,0.0,1.0,0.0
08/21/2023,21.0,143.0,1.0,16.0,0.0,0.0,5944.0,0.0,1.0,1.0,1.0,726.0,0.0,1.0,1.0,0.0,0.0,0.0,0.0,0.0,1.0,0.0,0.0,0.0,0.0,0.0,0.0,0.0,1.0,0.0,0.0,1.0,0.0,0.0,0.0,0.0,0.0,0.0,0.0,0.0,0.0,0.0,0.0,1.0,0.0
02/06/2023,30.0,162.0,1.0,17.0,0.0,0.0,7995.0,1.0,0.0,1.0,1.0,47.0,1.0,0.0,2.0,0.0,1.0,0.0,0.0,0.0,1.0,0.0,0.0,0.0,0.0,0.0,1.0,0.0,0.0,0.0,0.0,0.0,0.0,0.0,0.0,0.0,0.0,0.0,0.0,0.0,0.0,0.0,0.0,1.0,0.0
12/08/2023,19.0,176.0,1.0,16.0,0.0,0.0,5732.0,0.0,1.0,1.0,1.0,712.0,0.0,1.0,1.0,0.0,0.0,0.0,0.0,0.0,1.0,0.0,0.0,0.0,0.0,0.0,0.0,0.0,1.0,0.0,0.0,1.0,0.0,0.0,0.0,0.0,0.0,0.0,0.0,0.0,0.0,0.0,0.0,1.0,0.0
05/29/2023,37.0,209.0,1.0,17.0,0.0,0.0,5921.0,1.0,0.0,1.0,1.0,121.0,0.0,0.0,1.0,0.0,0.0,0.0,0.0,0.0,1.0,0.0,0.0,0.0,0.0,0.0,1.0,0.0,0.0,0.0,0.0,0.0,0.0,0.0,0.0,0.0,0.0,0.0,0.0,0.0,0.0,0.0,0.0,1.0,0.0
02/28/2023,79.0,202.0,1.0,17.0,0.0,0.0,4121.0,0.0,0.0,1.0,1.0,272.0,0.0,0.0,1.0,0.0,0.0,1.0,0.0,0.0,1.0,0.0,0.0,1.0,0.0,0.0,0.0,1.0,0.0,0.0,1.0,0.0,0.0,0.0,0.0,0.0,0.0,0.0,0.0,0.0,0.0,0.0,0.0,1.0,0.0
06/05/2023,54.0,132.0,1.0,16.0,0.0,0.0,4121.0,0.0,0.0,1.0,1.0,407.0,0.0,0.0,1.0,0.0,0.0,0.0,0.0,0.0,1.0,0.0,0.0,1.0,0.0,0.0,1.0,0.0,0.0,0.0,1.0,0.0,0.0,0.0,0.0,0.0,0.0,0.0,0.0,0.0,0.0,0.0,0.0,1.0,0.0
03/10/2023,54.0,26.0,1.0,16.0,0.0,0.0,5734.0,0.0,1.0,1.0,1.0,361.0,0.0,0.0,1.0,0.0,0.0,0.0,0.0,1.0,0.0,0.0,0.0,0.0,0.0,0.0,0.0,1.0,0.0,0.0,0.0,1.0,0.0,0.0,0.0,0.0,0.0,1.0,0.0,0.0,0.0,0.0,0.0,0.0,0.0
03/27/2023,30.0,118.0,1.0,16.0,0.0,0.0,5999.0,1.0,0.0,1.0,1.0,275.0,0.0,0.0,1.0,0.0,0.0,0.0,0.0,0.0,1.0,0.0,0.0,0.0,0.0,1.0,0.0,0.0,0.0,0.0,0.0,0.0,0.0,0.0,0.0,0.0,0.0,0.0,0.0,0.0,0.0,0.0,0.0,1.0,0.0
11/27/2023,44.0,153.0,1.0,16.0,0.0,0.0,4121.0,0.0,0.0,1.0,1.0,330.0,0.0,0.0,4.0,1.0,1.0,0.0,0.0,0.0,1.0,0.0,0.0,1.0,0.0,0.0,1.0,0.0,0.0,0.0,1.0,0.0,0.0,0.0,0.0,0.0,0.0,0.0,0.0,0.0,0.0,0.0,0.0,1.0,0.0
09/06/2023,78.0,121.0,1.0,16.0,0.0,0.0,5311.0,0.0,0.0,1.0,1.0,337.0,0.0,0.0,2.0,0.0,1.0,0.0,0.0,0.0,1.0,0.0,0.0,0.0,0.0,0.0,0.0,1.0,0.0,0.0,1.0,0.0,0.0,0.0,0.0,0.0,0.0,0.0,0.0,0.0,0.0,0.0,0.0,1.0,0.0
02/24/2023,65.0,158.0,1.0,16.0,0.0,0.0,6011.0,1.0,0.0,1.0,1.0,648.0,0.0,0.0,1.0,0.0,0.0,0.0,0.0,0.0,1.0,0.0,0.0,0.0,0.0,1.0,0.0,0.0,0.0,0.0,0.0,0.0,0.0,0.0,0.0,0.0,0.0,0.0,0.0,0.0,0.0,0.0,0.0,1.0,0.0
07/13/2023,40.0,136.0,1.0,17.0,0.0,0.0,4829.0,1.0,0.0,1.0,1.0,614.0,0.0,1.0,1.0,0.0,0.0,0.0,2.0,1.0,0.0,0.0,0.0,0.0,0.0,0.0,1.0,0.0,0.0,0.0,0.0,0.0,0.0,0.0,1.0,0.0,0.0,0.0,0.0,0.0,0.0,0.0,0.0,0.0,0.0
12/19/2023,22.0,159.0,1.0,16.0,0.0,0.0,4829.0,1.0,0.0,1.0,1.0,403.0,0.0,0.0,2.0,0.0,1.0,0.0,0.0,0.0,1.0,0.0,1.0,0.0,0.0,0.0,0.0,0.0,1.0,0.0,0.0,0.0,0.0,0.0,0.0,0.0,0.0,0.0,0.0,0.0,0.0,0.0,0.0,1.0,0.0
03/20/2023,63.0,92.0,1.0,16.0,0.0,0.0,5732.0,0.0,1.0,1.0,1.0,259.0,0.0,0.0,1.0,0.0,0.0,0.0,0.0,1.0,0.0,0.0,1.0,0.0,0.0,0.0,0.0,1.0,0.0,0.0,0.0,1.0,0.0,0.0,0.0,0.0,0.0,0.0,0.0,0.0,0.0,0.0,0.0,1.0,0.0
05/01/2023,44.0,51.0,1.0,17.0,0.0,0.0,5732.0,0.0,1.0,1.0,0.0,236.0,0.0,0.0,3.0,1.0,1.0,0.0,0.0,0.0,1.0,0.0,0.0,1.0,0.0,1.0,0.0,0.0,0.0,0.0,0.0,1.0,0.0,0.0,0.0,0.0,0.0,0.0,0.0,0.0,0.0,0.0,0.0,1.0,0.0
04/10/2023,52.0,127.0,1.0,17.0,0.0,0.0,5944.0,0.0,1.0,1.0,1.0,319.0,0.0,0.0,1.0,0.0,0.0,0.0,0.0,0.0,1.0,0.0,0.0,0.0,0.0,0.0,1.0,0.0,0.0,0.0,0.0,1.0,0.0,0.0,0.0,0.0,0.0,0.0,0.0,0.0,0.0,0.0,0.0,1.0,0.0
10/03/2023,38.0,269.0,1.0,17.0,0.0,0.0,4121.0,0.0,0.0,1.0,1.0,427.0,0.0,1.0,3.0,1.0,1.0,0.0,0.0,0.0,1.0,0.0,1.0,0.0,0.0,1.0,0.0,0.0,0.0,0.0,1.0,0.0,0.0,0.0,0.0,0.0,0.0,0.0,0.0,0.0,0.0,0.0,0.0,1.0,0.0
10/09/2023,55.0,126.0,1.0,18.0,0.0,0.0,5814.0,0.0,0.0,1.0,1.0,395.0,0.0,0.0,1.0,0.0,0.0,0.0,0.0,0.0,1.0,0.0,1.0,0.0,0.0,0.0,1.0,0.0,0.0,0.0,1.0,0.0,0.0,0.0,0.0,0.0,0.0,0.0,0.0,0.0,0.0,0.0,0.0,1.0,0.0
11/07/2023,48.0,85.0,1.0,16.0,0.0,0.0,5311.0,0.0,0.0,1.0,1.0,144.0,0.0,0.0,1.0,0.0,0.0,0.0,0.0,0.0,1.0,0.0,0.0,0.0,0.0,1.0,0.0,0.0,0.0,0.0,1.0,0.0,0.0,0.0,0.0,0.0,0.0,0.0,0.0,0.0,0.0,0.0,0.0,1.0,0.0
08/14/2023,72.0,105.0,1.0,17.0,0.0,0.0,5732.0,0.0,1.0,1.0,1.0,333.0,0.0,0.0,1.0,0.0,0.0,0.0,0.0,0.0,1.0,0.0,1.0,0.0,0.0,0.0,0.0,1.0,0.0,0.0,0.0,1.0,0.0,0.0,0.0,0.0,0.0,0.0,0.0,0.0,0.0,0.0,0.0,1.0,0.0
10/19/2023,23.0,74.0,1.0,16.0,0.0,0.0,5814.0,0.0,0.0,1.0,1.0,335.0,0.0,0.0,1.0,0.0,0.0,0.0,0.0,0.0,1.0,0.0,0.0,1.0,0.0,0.0,0.0,0.0,1.0,0.0,1.0,0.0,0.0,0.0,0.0,0.0,0.0,0.0,0.0,0.0,0.0,0.0,0.0,1.0,0.0
05/10/2023,21.0,74.0,1.0,16.0,0.0,0.0,5921.0,1.0,0.0,1.0,1.0,361.0,0.0,0.0,1.0,0.0,0.0,0.0,0.0,0.0,1.0,0.0,0.0,0.0,0.0,0.0,0.0,0.0,1.0,0.0,0.0,0.0,0.0,0.0,0.0,0.0,0.0,0.0,0.0,0.0,0.0,0.0,0.0,1.0,0.0
04/19/2023,27.0,144.0,1.0,16.0,0.0,0.0,5734.0,0.0,1.0,1.0,1.0,446.0,0.0,0.0,2.0,0.0,1.0,0.0,0.0,0.0,1.0,0.0,0.0,0.0,0.0,0.0,0.0,0.0,1.0,0.0,0.0,1.0,0.0,0.0,0.0,0.0,0.0,0.0,0.0,0.0,0.0,0.0,0.0,1.0,0.0
06/01/2023,64.0,38.0,1.0,16.0,0.0,0.0,5734.0,0.0,1.0,1.0,1.0,203.0,0.0,0.0,1.0,0.0,0.0,0.0,0.0,0.0,1.0,0.0,0.0,1.0,0.0,0.0,0.0,1.0,0.0,0.0,0.0,1.0,0.0,0.0,0.0,0.0,0.0,0.0,0.0,0.0,0.0,0.0,0.0,1.0,0.0
01/01/2024,41.0,168.0,1.0,18.0,0.0,0.0,5734.0,0.0,1.0,1.0,1.0,368.0,0.0,1.0,1.0,0.0,0.0,0.0,0.0,0.0,1.0,0.0,0.0,1.0,0.0,1.0,0.0,0.0,0.0,0.0,0.0,1.0,0.0,0.0,0.0,0.0,0.0,0.0,0.0,0.0,0.0,0.0,0.0,1.0,0.0
03/07/2023,53.0,109.0,1.0,16.0,0.0,0.0,5734.0,0.0,1.0,1.0,1.0,234.0,0.0,0.0,1.0,0.0,0.0,0.0,0.0,0.0,1.0,0.0,1.0,0.0,0.0,0.0,0.0,1.0,0.0,0.0,0.0,1.0,0.0,0.0,0.0,0.0,0.0,0.0,0.0,0.0,0.0,0.0,0.0,1.0,0.0
02/13/2023,37.0,281.0,1.0,18.0,0.0,0.0,7995.0,1.0,0.0,1.0,1.0,338.0,0.0,0.0,1.0,0.0,0.0,0.0,0.0,0.0,1.0,0.0,0.0,1.0,0.0,1.0,0.0,0.0,0.0,0.0,0.0,0.0,0.0,0.0,0.0,0.0,0.0,0.0,0.0,0.0,0.0,0.0,0.0,1.0,0.0
03/20/2023,20.0,68.0,1.0,16.0,0.0,0.0,5732.0,0.0,1.0,1.0,1.0,421.0,0.0,0.0,1.0,0.0,0.0,0.0,0.0,1.0,0.0,0.0,1.0,0.0,0.0,0.0,0.0,0.0,1.0,0.0,0.0,1.0,0.0,0.0,0.0,0.0,0.0,0.0,0.0,0.0,0.0,0.0,0.0,1.0,0.0
05/22/2023,65.0,149.0,1.0,17.0,0.0,0.0,6011.0,1.0,0.0,1.0,1.0,157.0,0.0,0.0,1.0,0.0,0.0,0.0,0.0,1.0,0.0,0.0,1.0,0.0,0.0,0.0,0.0,1.0,0.0,0.0,0.0,0.0,0.0,0.0,0.0,0.0,0.0,0.0,0.0,0.0,0.0,0.0,0.0,1.0,0.0
10/09/2023,47.0,52.0,1.0,17.0,0.0,0.0,5999.0,1.0,0.0,1.0,1.0,602.0,0.0,1.0,1.0,0.0,0.0,0.0,2.0,0.0,1.0,0.0,0.0,1.0,0.0,0.0,1.0,0.0,0.0,0.0,0.0,0.0,0.0,0.0,0.0,0.0,0.0,0.0,0.0,0.0,0.0,0.0,0.0,1.0,0.0
05/31/2023,29.0,55.0,1.0,16.0,0.0,0.0,5411.0,0.0,0.0,1.0,1.0,412.0,0.0,0.0,1.0,0.0,0.0,0.0,0.0,0.0,1.0,0.0,1.0,0.0,0.0,1.0,0.0,0.0,0.0,0.0,1.0,0.0,0.0,0.0,0.0,0.0,0.0,0.0,0.0,0.0,0.0,0.0,0.0,1.0,0.0
09/01/2023,77.0,99.0,1.0,16.0,0.0,0.0,7995.0,1.0,0.0,1.0,1.0,882.0,0.0,1.0,1.0,0.0,0.0,0.0,2.0,1.0,0.0,0.0,1.0,0.0,0.0,0.0,0.0,1.0,0.0,0.0,0.0,0.0,0.0,0.0,0.0,0.0,1.0,0.0,0.0,0.0,0.0,0.0,0.0,0.0,0.0
08/17/2023,59.0,132.0,1.0,16.0,0.0,0.0,5311.0,0.0,0.0,1.0,1.0,674.0,0.0,0.0,1.0,0.0,0.0,0.0,0.0,1.0,0.0,0.0,0.0,1.0,0.0,1.0,0.0,0.0,0.0,0.0,1.0,0.0,0.0,0.0,0.0,0.0,0.0,0.0,0.0,0.0,0.0,0.0,0.0,1.0,0.0
08/11/2023,53.0,109.0,1.0,18.0,0.0,0.0,4111.0,0.0,0.0,1.0,1.0,221.0,0.0,0.0,1.0,0.0,0.0,0.0,0.0,1.0,0.0,0.0,1.0,0.0,0.0,1.0,0.0,0.0,0.0,0.0,1.0,0.0,0.0,0.0,0.0,0.0,0.0,0.0,0.0,0.0,0.0,0.0,0.0,1.0,0.0
12/04/2023,20.0,84.0,1.0,16.0,0.0,0.0,5411.0,0.0,0.0,1.0,1.0,446.0,0.0,1.0,1.0,0.0,0.0,0.0,2.0,1.0,0.0,0.0,1.0,0.0,0.0,0.0,0.0,0.0,1.0,0.0,1.0,0.0,0.0,0.0,0.0,0.0,0.0,0.0,0.0,0.0,0.0,0.0,0.0,1.0,0.0
06/26/2023,56.0,24.0,1.0,16.0,0.0,0.0,7995.0,1.0,0.0,1.0,1.0,201.0,0.0,0.0,1.0,0.0,0.0,0.0,0.0,0.0,1.0,0.0,0.0,0.0,0.0,0.0,0.0,1.0,0.0,0.0,0.0,0.0,0.0,0.0,0.0,0.0,0.0,0.0,0.0,0.0,0.0,0.0,0.0,1.0,0.0
05/09/2023,68.0,150.0,1.0,16.0,0.0,0.0,7299.0,1.0,0.0,1.0,1.0,325.0,0.0,0.0,1.0,0.0,0.0,0.0,0.0,0.0,1.0,0.0,1.0,0.0,0.0,1.0,0.0,0.0,0.0,0.0,0.0,0.0,0.0,0.0,0.0,0.0,0.0,0.0,0.0,0.0,0.0,0.0,0.0,1.0,0.0
12/12/2023,32.0,33.0,1.0,16.0,0.0,0.0,5999.0,1.0,0.0,1.0,1.0,1195.0,0.0,1.0,1.0,0.0,0.0,0.0,2.0,0.0,1.0,0.0,0.0,0.0,0.0,1.0,0.0,0.0,0.0,0.0,0.0,0.0,0.0,0.0,0.0,0.0,0.0,0.0,0.0,0.0,0.0,0.0,0.0,1.0,0.0
02/28/2023,71.0,38.0,1.0,16.0,0.0,0.0,4121.0,0.0,0.0,1.0,1.0,823.0,0.0,0.0,1.0,0.0,0.0,0.0,0.0,0.0,1.0,0.0,1.0,0.0,0.0,0.0,0.0,1.0,0.0,0.0,1.0,0.0,0.0,0.0,0.0,0.0,0.0,0.0,0.0,0.0,0.0,0.0,0.0,1.0,0.0
10/09/2023,53.0,177.0,1.0,17.0,0.0,0.0,7299.0,1.0,0.0,1.0,0.0,364.0,0.0,0.0,1.0,0.0,0.0,0.0,0.0,1.0,0.0,0.0,0.0,1.0,0.0,1.0,0.0,0.0,0.0,0.0,0.0,0.0,0.0,0.0,0.0,0.0,0.0,0.0,0.0,0.0,0.0,0.0,0.0,1.0,0.0
10/16/2023,70.0,115.0,1.0,18.0,0.0,0.0,4121.0,0.0,0.0,1.0,1.0,299.0,0.0,1.0,1.0,0.0,0.0,0.0,0.0,0.0,1.0,0.0,0.0,0.0,0.0,0.0,0.0,1.0,0.0,0.0,1.0,0.0,0.0,0.0,0.0,0.0,0.0,0.0,0.0,0.0,0.0,0.0,0.0,1.0,0.0
07/03/2023,18.0,294.0,1.0,17.0,0.0,0.0,7299.0,1.0,0.0,1.0,1.0,94.0,0.0,0.0,1.0,0.0,0.0,0.0,0.0,0.0,1.0,0.0,0.0,0.0,0.0,0.0,0.0,0.0,1.0,0.0,0.0,0.0,0.0,0.0,0.0,0.0,0.0,0.0,0.0,0.0,0.0,0.0,0.0,1.0,0.0
10/02/2023,53.0,55.0,4.0,16.0,0.0,0.0,5732.0,0.0,1.0,1.0,1.0,317.0,0.0,0.0,1.0,0.0,0.0,0.0,0.0,0.0,1.0,0.0,0.0,0.0,0.0,0.0,1.0,0.0,0.0,0.0,0.0,1.0,0.0,0.0,0.0,0.0,0.0,0.0,0.0,0.0,0.0,0.0,0.0,1.0,0.0
05/19/2023,23.0,172.0,1.0,17.0,0.0,0.0,5732.0,0.0,1.0,1.0,1.0,283.0,0.0,1.0,4.0,1.0,1.0,0.0,1.0,0.0,1.0,0.0,0.0,0.0,0.0,0.0,0.0,0.0,1.0,0.0,0.0,1.0,0.0,0.0,0.0,0.0,0.0,0.0,0.0,1.0,0.0,0.0,0.0,0.0,0.0
12/25/2023,46.0,276.0,1.0,16.0,0.0,0.0,5944.0,0.0,1.0,1.0,1.0,379.0,0.0,1.0,2.0,0.0,1.0,0.0,0.0,0.0,1.0,0.0,0.0,1.0,0.0,1.0,0.0,0.0,0.0,0.0,0.0,1.0,0.0,0.0,0.0,0.0,0.0,0.0,0.0,0.0,0.0,0.0,0.0,1.0,0.0
02/06/2023,44.0,274.0,2.0,17.0,0.0,0.0,7995.0,1.0,0.0,1.0,1.0,510.0,0.0,0.0,1.0,0.0,0.0,0.0,0.0,0.0,1.0,0.0,0.0,0.0,0.0,0.0,1.0,0.0,0.0,0.0,0.0,0.0,0.0,0.0,0.0,0.0,0.0,0.0,0.0,0.0,0.0,0.0,0.0,1.0,0.0
11/27/2023,76.0,168.0,1.0,16.0,0.0,0.0,5411.0,0.0,0.0,1.0,1.0,471.0,0.0,0.0,1.0,0.0,0.0,0.0,0.0,1.0,0.0,0.0,1.0,0.0,0.0,0.0,0.0,1.0,0.0,0.0,1.0,0.0,0.0,0.0,1.0,0.0,0.0,0.0,0.0,0.0,0.0,0.0,0.0,0.0,0.0
04/03/2023,69.0,134.0,1.0,16.0,0.0,0.0,5734.0,0.0,1.0,1.0,1.0,563.0,0.0,0.0,1.0,0.0,0.0,0.0,0.0,0.0,1.0,0.0,0.0,0.0,0.0,0.0,0.0,1.0,0.0,0.0,0.0,1.0,0.0,0.0,0.0,0.0,0.0,0.0,0.0,0.0,0.0,0.0,0.0,1.0,0.0
09/27/2023,68.0,147.0,1.0,16.0,0.0,0.0,5734.0,0.0,1.0,1.0,1.0,360.0,0.0,1.0,1.0,0.0,0.0,0.0,0.0,0.0,1.0,0.0,0.0,1.0,0.0,1.0,0.0,0.0,0.0,0.0,0.0,1.0,0.0,0.0,0.0,0.0,0.0,0.0,0.0,0.0,0.0,0.0,0.0,1.0,0.0
09/06/2023,59.0,215.0,1.0,16.0,0.0,0.0,5999.0,1.0,0.0,1.0,1.0,872.0,0.0,1.0,1.0,0.0,0.0,0.0,2.0,0.0,1.0,0.0,0.0,0.0,0.0,1.0,0.0,0.0,0.0,0.0,0.0,0.0,0.0,0.0,0.0,0.0,0.0,0.0,0.0,0.0,0.0,0.0,0.0,1.0,0.0
07/19/2023,41.0,123.0,1.0,17.0,0.0,0.0,4111.0,0.0,0.0,1.0,1.0,132.0,0.0,1.0,1.0,0.0,0.0,0.0,2.0,0.0,1.0,0.0,0.0,1.0,0.0,1.0,0.0,0.0,0.0,0.0,1.0,0.0,0.0,0.0,0.0,0.0,0.0,0.0,0.0,0.0,0.0,0.0,0.0,1.0,0.0
01/17/2023,30.0,169.0,1.0,16.0,0.0,0.0,5732.0,0.0,1.0,1.0,1.0,363.0,0.0,0.0,1.0,0.0,0.0,0.0,0.0,0.0,1.0,0.0,0.0,0.0,0.0,0.0,1.0,0.0,0.0,0.0,0.0,1.0,0.0,0.0,0.0,0.0,0.0,0.0,0.0,0.0,0.0,0.0,0.0,1.0,0.0
10/23/2023,36.0,100.0,1.0,16.0,0.0,0.0,4121.0,0.0,0.0,1.0,1.0,32.0,1.0,0.0,1.0,0.0,0.0,0.0,0.0,0.0,1.0,0.0,0.0,1.0,0.0,0.0,1.0,0.0,0.0,0.0,1.0,0.0,0.0,0.0,0.0,0.0,0.0,0.0,0.0,0.0,0.0,0.0,0.0,1.0,0.0
02/13/2023,18.0,134.0,1.0,16.0,0.0,0.0,5734.0,0.0,1.0,1.0,1.0,301.0,0.0,0.0,1.0,0.0,0.0,0.0,0.0,0.0,1.0,0.0,0.0,1.0,0.0,0.0,0.0,0.0,1.0,0.0,0.0,1.0,0.0,0.0,0.0,0.0,0.0,0.0,0.0,0.0,0.0,0.0,0.0,1.0,0.0
06/08/2023,25.0,102.0,1.0,16.0,0.0,0.0,5944.0,0.0,1.0,1.0,1.0,261.0,0.0,0.0,1.0,0.0,0.0,0.0,0.0,0.0,1.0,0.0,0.0,1.0,0.0,0.0,0.0,0.0,1.0,0.0,0.0,1.0,0.0,0.0,0.0,0.0,0.0,0.0,0.0,0.0,0.0,0.0,0.0,1.0,0.0
12/12/2023,75.0,127.0,1.0,16.0,0.0,0.0,4829.0,1.0,0.0,1.0,1.0,325.0,0.0,0.0,3.0,1.0,1.0,0.0,0.0,0.0,1.0,0.0,1.0,0.0,0.0,0.0,0.0,1.0,0.0,0.0,0.0,0.0,0.0,0.0,0.0,0.0,0.0,0.0,0.0,0.0,0.0,0.0,0.0,1.0,0.0
02/20/2023,18.0,176.0,1.0,16.0,0.0,0.0,4111.0,0.0,0.0,1.0,1.0,285.0,0.0,0.0,1.0,0.0,0.0,0.0,0.0,0.0,1.0,0.0,1.0,0.0,0.0,0.0,0.0,0.0,1.0,0.0,1.0,0.0,0.0,0.0,0.0,0.0,0.0,0.0,0.0,0.0,0.0,0.0,0.0,1.0,0.0
03/06/2023,34.0,36.0,1.0,17.0,0.0,0.0,5732.0,0.0,1.0,1.0,1.0,546.0,0.0,0.0,2.0,0.0,1.0,0.0,0.0,0.0,1.0,0.0,0.0,0.0,0.0,0.0,1.0,0.0,0.0,0.0,0.0,1.0,0.0,0.0,0.0,0.0,0.0,0.0,0.0,0.0,0.0,0.0,0.0,1.0,0.0
11/27/2023,25.0,132.0,1.0,16.0,0.0,0.0,5812.0,0.0,0.0,1.0,1.0,826.0,0.0,1.0,1.0,0.0,0.0,0.0,0.0,0.0,1.0,0.0,1.0,0.0,0.0,0.0,0.0,0.0,1.0,0.0,1.0,0.0,0.0,0.0,0.0,0.0,0.0,0.0,0.0,0.0,0.0,1.0,0.0,0.0,0.0
04/04/2023,36.0,55.0,1.0,16.0,0.0,0.0,4111.0,0.0,0.0,1.0,1.0,207.0,0.0,0.0,1.0,0.0,0.0,0.0,0.0,1.0,0.0,0.0,0.0,1.0,0.0,1.0,0.0,0.0,0.0,0.0,1.0,0.0,0.0,0.0,0.0,0.0,0.0,0.0,0.0,0.0,0.0,0.0,0.0,1.0,0.0
08/21/2023,35.0,111.0,1.0,18.0,0.0,0.0,5812.0,0.0,0.0,1.0,1.0,119.0,0.0,1.0,1.0,0.0,0.0,0.0,0.0,0.0,1.0,0.0,1.0,0.0,0.0,1.0,0.0,0.0,0.0,0.0,1.0,0.0,0.0,0.0,0.0,0.0,0.0,0.0,0.0,0.0,0.0,0.0,0.0,1.0,0.0
07/10/2023,79.0,165.0,1.0,17.0,0.0,0.0,7995.0,1.0,0.0,1.0,1.0,32.0,1.0,1.0,1.0,0.0,0.0,0.0,3.0,0.0,1.0,0.0,1.0,0.0,0.0,0.0,0.0,1.0,0.0,0.0,0.0,0.0,0.0,0.0,0.0,0.0,0.0,0.0,0.0,0.0,0.0,0.0,1.0,0.0,0.0
08/29/2023,62.0,38.0,1.0,16.0,0.0,0.0,5732.0,0.0,1.0,1.0,1.0,131.0,0.0,0.0,1.0,0.0,0.0,0.0,0.0,1.0,0.0,0.0,1.0,0.0,0.0,0.0,0.0,1.0,0.0,0.0,0.0,1.0,0.0,0.0,0.0,0.0,0.0,0.0,0.0,0.0,0.0,0.0,0.0,1.0,0.0
06/20/2023,27.0,36.0,1.0,17.0,0.0,0.0,5732.0,0.0,1.0,1.0,1.0,335.0,0.0,1.0,2.0,0.0,1.0,0.0,0.0,0.0,1.0,0.0,0.0,1.0,0.0,0.0,1.0,0.0,0.0,0.0,0.0,1.0,0.0,0.0,0.0,0.0,0.0,0.0,0.0,0.0,0.0,0.0,0.0,1.0,0.0
12/22/2023,71.0,107.0,1.0,16.0,0.0,0.0,5734.0,0.0,1.0,1.0,1.0,1125.0,0.0,1.0,5.0,1.0,1.0,1.0,2.0,1.0,0.0,0.0,1.0,0.0,0.0,0.0,0.0,1.0,0.0,0.0,0.0,1.0,0.0,0.0,0.0,0.0,0.0,0.0,0.0,0.0,0.0,0.0,0.0,1.0,0.0
11/20/2023,36.0,79.0,1.0,16.0,0.0,0.0,4111.0,0.0,0.0,1.0,1.0,434.0,0.0,1.0,1.0,0.0,0.0,0.0,0.0,0.0,1.0,0.0,0.0,1.0,0.0,1.0,0.0,0.0,0.0,0.0,1.0,0.0,0.0,1.0,0.0,0.0,0.0,0.0,0.0,0.0,0.0,0.0,0.0,0.0,0.0
11/27/2023,26.0,138.0,1.0,16.0,0.0,0.0,5734.0,0.0,1.0,1.0,1.0,712.0,0.0,0.0,1.0,0.0,0.0,0.0,0.0,0.0,1.0,0.0,0.0,1.0,0.0,0.0,0.0,0.0,1.0,0.0,0.0,1.0,0.0,0.0,0.0,0.0,0.0,0.0,0.0,0.0,1.0,0.0,0.0,0.0,0.0
02/07/2023,20.0,103.0,1.0,17.0,0.0,0.0,5734.0,0.0,1.0,1.0,1.0,178.0,0.0,0.0,1.0,0.0,0.0,0.0,0.0,0.0,1.0,0.0,1.0,0.0,0.0,0.0,0.0,0.0,1.0,0.0,0.0,1.0,0.0,0.0,0.0,0.0,0.0,0.0,0.0,0.0,0.0,0.0,0.0,1.0,0.0
08/11/2023,24.0,180.0,1.0,16.0,0.0,0.0,5999.0,1.0,0.0,1.0,1.0,262.0,0.0,1.0,1.0,0.0,0.0,0.0,2.0,0.0,1.0,0.0,0.0,1.0,0.0,0.0,0.0,0.0,1.0,0.0,0.0,0.0,0.0,0.0,0.0,0.0,0.0,0.0,0.0,0.0,0.0,0.0,0.0,1.0,0.0
08/29/2023,28.0,66.0,1.0,16.0,0.0,0.0,5732.0,0.0,1.0,1.0,1.0,446.0,0.0,1.0,1.0,0.0,0.0,0.0,0.0,1.0,0.0,0.0,1.0,0.0,0.0,0.0,0.0,0.0,1.0,0.0,0.0,1.0,0.0,0.0,0.0,0.0,0.0,0.0,0.0,0.0,0.0,0.0,0.0,1.0,0.0
03/02/2023,70.0,115.0,1.0,16.0,0.0,0.0,4111.0,0.0,0.0,1.0,1.0,94.0,0.0,0.0,1.0,0.0,0.0,0.0,0.0,0.0,1.0,0.0,0.0,0.0,0.0,1.0,0.0,0.0,0.0,0.0,1.0,0.0,0.0,0.0,0.0,0.0,0.0,0.0,0.0,0.0,0.0,0.0,0.0,1.0,0.0
12/29/2023,44.0,12.0,1.0,17.0,0.0,0.0,4111.0,0.0,0.0,1.0,1.0,324.0,0.0,1.0,1.0,0.0,0.0,0.0,0.0,0.0,1.0,0.0,1.0,0.0,0.0,1.0,0.0,0.0,0.0,0.0,1.0,0.0,0.0,0.0,0.0,0.0,0.0,0.0,0.0,0.0,0.0,0.0,0.0,1.0,0.0
03/06/2023,35.0,146.0,3.0,17.0,0.0,0.0,6011.0,1.0,0.0,1.0,1.0,234.0,0.0,0.0,2.0,0.0,1.0,0.0,0.0,1.0,0.0,0.0,0.0,1.0,0.0,1.0,0.0,0.0,0.0,0.0,0.0,0.0,0.0,0.0,0.0,0.0,0.0,0.0,0.0,0.0,0.0,0.0,0.0,1.0,0.0
10/09/2023,68.0,47.0,1.0,17.0,0.0,0.0,4121.0,0.0,0.0,0.0,1.0,468.0,0.0,1.0,1.0,0.0,0.0,0.0,0.0,1.0,0.0,0.0,0.0,1.0,0.0,1.0,0.0,0.0,0.0,0.0,1.0,0.0,0.0,0.0,0.0,0.0,0.0,0.0,0.0,0.0,0.0,0.0,0.0,1.0,0.0
09/18/2023,49.0,141.0,1.0,17.0,0.0,0.0,5921.0,1.0,0.0,1.0,1.0,553.0,0.0,1.0,3.0,1.0,1.0,0.0,2.0,1.0,0.0,0.0,1.0,0.0,0.0,1.0,0.0,0.0,0.0,0.0,0.0,0.0,0.0,0.0,0.0,0.0,0.0,0.0,0.0,0.0,0.0,0.0,0.0,1.0,0.0
06/19/2023,38.0,102.0,1.0,18.0,0.0,0.0,7995.0,1.0,0.0,1.0,1.0,269.0,0.0,0.0,5.0,1.0,1.0,0.0,1.0,0.0,1.0,0.0,0.0,0.0,0.0,0.0,1.0,0.0,0.0,0.0,0.0,0.0,0.0,0.0,0.0,0.0,0.0,0.0,0.0,0.0,0.0,0.0,0.0,1.0,0.0
10/24/2023,66.0,17.0,1.0,16.0,0.0,0.0,5812.0,0.0,0.0,1.0,1.0,655.0,0.0,1.0,1.0,0.0,0.0,0.0,0.0,1.0,0.0,0.0,0.0,1.0,0.0,0.0,0.0,1.0,0.0,0.0,1.0,0.0,0.0,0.0,0.0,0.0,0.0,0.0,0.0,0.0,0.0,0.0,0.0,1.0,0.0
06/12/2023,55.0,121.0,1.0,16.0,0.0,0.0,5311.0,0.0,0.0,1.0,1.0,302.0,0.0,0.0,1.0,0.0,0.0,0.0,0.0,1.0,0.0,0.0,1.0,0.0,0.0,0.0,0.0,1.0,0.0,0.0,1.0,0.0,0.0,0.0,0.0,0.0,0.0,0.0,0.0,0.0,0.0,0.0,0.0,1.0,0.0
12/06/2023,51.0,109.0,1.0,16.0,0.0,0.0,5311.0,0.0,0.0,1.0,1.0,550.0,0.0,1.0,1.0,0.0,0.0,0.0,0.0,1.0,0.0,0.0,0.0,1.0,0.0,1.0,0.0,0.0,0.0,0.0,1.0,0.0,0.0,0.0,0.0,0.0,0.0,0.0,0.0,0.0,0.0,0.0,0.0,1.0,0.0
07/07/2023,19.0,109.0,1.0,17.0,0.0,0.0,5411.0,0.0,0.0,1.0,1.0,38.0,1.0,0.0,1.0,0.0,0.0,1.0,2.0,1.0,0.0,0.0,0.0,1.0,0.0,0.0,0.0,0.0,1.0,0.0,1.0,0.0,0.0,0.0,0.0,0.0,0.0,0.0,0.0,0.0,0.0,0.0,0.0,1.0,0.0
03/06/2023,61.0,31.0,1.0,16.0,0.0,0.0,5732.0,0.0,1.0,1.0,1.0,268.0,0.0,0.0,1.0,0.0,0.0,0.0,0.0,0.0,1.0,0.0,1.0,0.0,0.0,1.0,0.0,0.0,0.0,0.0,0.0,1.0,0.0,0.0,0.0,0.0,0.0,0.0,0.0,0.0,0.0,0.0,0.0,1.0,0.0
10/30/2023,68.0,39.0,1.0,16.0,0.0,0.0,5812.0,0.0,0.0,1.0,1.0,231.0,0.0,1.0,1.0,0.0,0.0,0.0,0.0,1.0,0.0,0.0,1.0,0.0,0.0,0.0,0.0,1.0,0.0,0.0,1.0,0.0,0.0,0.0,0.0,0.0,0.0,0.0,0.0,0.0,0.0,0.0,0.0,1.0,0.0
08/10/2023,48.0,131.0,1.0,16.0,0.0,0.0,4829.0,1.0,0.0,1.0,1.0,28.0,1.0,0.0,1.0,0.0,0.0,0.0,0.0,0.0,1.0,0.0,0.0,0.0,0.0,1.0,0.0,0.0,0.0,0.0,0.0,0.0,0.0,0.0,0.0,0.0,0.0,0.0,0.0,0.0,0.0,0.0,0.0,1.0,0.0
12/07/2023,59.0,128.0,1.0,16.0,0.0,0.0,5734.0,0.0,1.0,1.0,1.0,211.0,0.0,0.0,1.0,0.0,0.0,1.0,0.0,1.0,0.0,0.0,0.0,1.0,0.0,0.0,0.0,1.0,0.0,0.0,0.0,1.0,0.0,1.0,0.0,0.0,0.0,0.0,0.0,0.0,0.0,0.0,0.0,0.0,0.0
10/06/2023,46.0,284.0,1.0,18.0,0.0,0.0,4829.0,1.0,0.0,1.0,1.0,698.0,0.0,1.0,1.0,0.0,0.0,0.0,2.0,0.0,1.0,0.0,0.0,1.0,0.0,0.0,1.0,0.0,0.0,0.0,0.0,0.0,0.0,0.0,0.0,0.0,0.0,0.0,0.0,0.0,0.0,0.0,0.0,1.0,0.0
03/13/2023,62.0,122.0,1.0,16.0,0.0,0.0,5732.0,0.0,1.0,1.0,1.0,324.0,0.0,1.0,1.0,0.0,0.0,0.0,0.0,0.0,1.0,0.0,0.0,0.0,0.0,0.0,0.0,1.0,0.0,0.0,0.0,1.0,0.0,0.0,0.0,0.0,0.0,0.0,0.0,0.0,0.0,0.0,0.0,1.0,0.0
03/13/2023,19.0,297.0,1.0,17.0,0.0,0.0,4121.0,0.0,0.0,1.0,1.0,256.0,0.0,0.0,1.0,0.0,0.0,0.0,0.0,0.0,1.0,0.0,0.0,1.0,0.0,0.0,0.0,0.0,1.0,0.0,1.0,0.0,0.0,0.0,0.0,0.0,0.0,0.0,0.0,0.0,0.0,0.0,0.0,1.0,0.0
09/18/2023,43.0,251.0,1.0,16.0,0.0,0.0,4121.0,0.0,0.0,1.0,1.0,407.0,0.0,0.0,1.0,0.0,0.0,0.0,0.0,0.0,1.0,0.0,1.0,0.0,0.0,0.0,1.0,0.0,0.0,0.0,1.0,0.0,0.0,0.0,0.0,0.0,0.0,0.0,0.0,0.0,0.0,0.0,0.0,1.0,0.0
11/03/2023,44.0,88.0,1.0,18.0,0.0,0.0,5732.0,0.0,1.0,1.0,1.0,647.0,0.0,1.0,1.0,0.0,0.0,0.0,0.0,0.0,1.0,0.0,0.0,0.0,0.0,1.0,0.0,0.0,0.0,0.0,0.0,1.0,0.0,0.0,0.0,0.0,0.0,0.0,0.0,0.0,0.0,0.0,0.0,1.0,0.0
08/11/2023,74.0,110.0,1.0,16.0,0.0,0.0,5732.0,0.0,1.0,1.0,1.0,253.0,0.0,0.0,4.0,1.0,1.0,1.0,0.0,1.0,0.0,0.0,1.0,0.0,0.0,0.0,0.0,1.0,0.0,0.0,0.0,1.0,0.0,0.0,0.0,0.0,0.0,0.0,0.0,0.0,0.0,0.0,0.0,1.0,0.0
01/20/2023,29.0,118.0,1.0,18.0,0.0,0.0,5814.0,0.0,0.0,1.0,1.0,363.0,0.0,0.0,1.0,0.0,0.0,0.0,0.0,0.0,1.0,0.0,1.0,0.0,0.0,0.0,1.0,0.0,0.0,0.0,1.0,0.0,0.0,0.0,0.0,0.0,1.0,0.0,0.0,0.0,0.0,0.0,0.0,0.0,0.0
07/24/2023,56.0,17.0,1.0,16.0,0.0,0.0,5734.0,0.0,1.0,1.0,1.0,823.0,0.0,1.0,3.0,1.0,1.0,0.0,0.0,0.0,1.0,0.0,0.0,1.0,0.0,0.0,0.0,1.0,0.0,0.0,0.0,1.0,0.0,0.0,0.0,0.0,0.0,0.0,0.0,0.0,0.0,0.0,0.0,1.0,0.0
05/18/2023,51.0,78.0,1.0,16.0,0.0,0.0,5812.0,0.0,0.0,1.0,1.0,124.0,0.0,0.0,2.0,0.0,1.0,0.0,0.0,0.0,1.0,0.0,0.0,1.0,0.0,1.0,0.0,0.0,0.0,0.0,1.0,0.0,0.0,0.0,0.0,0.0,0.0,0.0,0.0,0.0,0.0,0.0,0.0,1.0,0.0
07/03/2023,33.0,105.0,1.0,17.0,0.0,0.0,5734.0,0.0,1.0,1.0,1.0,526.0,0.0,1.0,1.0,0.0,0.0,0.0,0.0,0.0,1.0,0.0,1.0,0.0,0.0,0.0,1.0,0.0,0.0,0.0,0.0,1.0,0.0,0.0,0.0,0.0,0.0,0.0,0.0,0.0,0.0,0.0,1.0,0.0,0.0
12/20/2023,56.0,64.0,1.0,16.0,0.0,0.0,5411.0,0.0,0.0,1.0,1.0,375.0,0.0,1.0,1.0,0.0,0.0,0.0,0.0,1.0,0.0,0.0,1.0,0.0,0.0,0.0,0.0,1.0,0.0,0.0,1.0,0.0,0.0,0.0,0.0,0.0,0.0,0.0,0.0,0.0,0.0,0.0,0.0,1.0,0.0
02/06/2023,32.0,130.0,1.0,17.0,0.0,0.0,4121.0,0.0,0.0,1.0,1.0,451.0,0.0,0.0,1.0,0.0,0.0,0.0,0.0,0.0,1.0,0.0,1.0,0.0,0.0,0.0,1.0,0.0,0.0,0.0,1.0,0.0,0.0,0.0,0.0,0.0,0.0,0.0,0.0,0.0,0.0,0.0,0.0,1.0,0.0
04/25/2023,27.0,146.0,1.0,16.0,0.0,0.0,5411.0,0.0,0.0,1.0,1.0,551.0,0.0,0.0,1.0,0.0,0.0,0.0,0.0,0.0,1.0,0.0,1.0,0.0,0.0,0.0,0.0,0.0,1.0,0.0,1.0,0.0,0.0,0.0,0.0,0.0,0.0,0.0,0.0,0.0,0.0,0.0,0.0,1.0,0.0
09/26/2023,28.0,70.0,1.0,17.0,0.0,0.0,4829.0,1.0,0.0,1.0,1.0,102.0,0.0,1.0,3.0,1.0,1.0,0.0,2.0,0.0,1.0,0.0,1.0,0.0,0.0,0.0,0.0,0.0,1.0,0.0,0.0,0.0,0.0,0.0,0.0,0.0,0.0,0.0,0.0,0.0,0.0,0.0,0.0,1.0,0.0
11/15/2023,24.0,119.0,1.0,16.0,0.0,0.0,5732.0,0.0,1.0,1.0,1.0,393.0,0.0,1.0,1.0,0.0,0.0,0.0,0.0,0.0,1.0,0.0,0.0,1.0,0.0,0.0,0.0,0.0,1.0,0.0,0.0,1.0,0.0,0.0,0.0,0.0,0.0,0.0,0.0,0.0,0.0,0.0,0.0,1.0,0.0
10/23/2023,58.0,90.0,1.0,17.0,0.0,0.0,5921.0,1.0,0.0,1.0,1.0,146.0,0.0,1.0,2.0,0.0,1.0,0.0,3.0,0.0,1.0,0.0,1.0,0.0,0.0,0.0,0.0,1.0,0.0,0.0,0.0,0.0,0.0,1.0,0.0,0.0,0.0,0.0,0.0,0.0,0.0,0.0,0.0,0.0,0.0
10/16/2023,48.0,110.0,1.0,18.0,0.0,0.0,5732.0,0.0,1.0,1.0,1.0,614.0,0.0,1.0,1.0,0.0,0.0,0.0,0.0,0.0,1.0,0.0,0.0,1.0,0.0,0.0,1.0,0.0,0.0,0.0,0.0,1.0,0.0,0.0,0.0,0.0,0.0,0.0,0.0,0.0,0.0,0.0,0.0,1.0,0.0
01/17/2023,30.0,49.0,1.0,17.0,0.0,0.0,7299.0,1.0,0.0,1.0,1.0,523.0,0.0,0.0,1.0,0.0,0.0,0.0,2.0,0.0,1.0,0.0,0.0,0.0,0.0,1.0,0.0,0.0,0.0,0.0,0.0,0.0,0.0,0.0,0.0,0.0,0.0,0.0,0.0,0.0,0.0,0.0,0.0,1.0,0.0
05/26/2023,54.0,23.0,1.0,17.0,0.0,0.0,4111.0,0.0,0.0,1.0,1.0,59.0,1.0,1.0,1.0,0.0,0.0,0.0,0.0,0.0,1.0,0.0,0.0,0.0,0.0,0.0,0.0,1.0,0.0,0.0,1.0,0.0,0.0,0.0,0.0,0.0,0.0,0.0,0.0,0.0,0.0,0.0,0.0,1.0,0.0
07/07/2023,27.0,156.0,5.0,17.0,0.0,0.0,5944.0,0.0,1.0,1.0,1.0,446.0,0.0,0.0,4.0,1.0,1.0,0.0,0.0,1.0,0.0,0.0,1.0,0.0,0.0,0.0,0.0,0.0,1.0,0.0,0.0,1.0,0.0,0.0,0.0,0.0,0.0,0.0,0.0,0.0,0.0,0.0,0.0,1.0,0.0
05/01/2023,18.0,203.0,1.0,18.0,0.0,0.0,5411.0,0.0,0.0,1.0,1.0,233.0,0.0,1.0,1.0,0.0,0.0,0.0,0.0,0.0,1.0,0.0,0.0,0.0,0.0,0.0,0.0,0.0,1.0,0.0,1.0,0.0,0.0,0.0,0.0,0.0,0.0,0.0,0.0,0.0,0.0,0.0,0.0,1.0,0.0
12/12/2023,36.0,129.0,1.0,16.0,0.0,0.0,5732.0,0.0,1.0,1.0,1.0,328.0,0.0,0.0,1.0,0.0,0.0,0.0,0.0,0.0,1.0,0.0,0.0,0.0,0.0,0.0,1.0,0.0,0.0,0.0,0.0,1.0,0.0,0.0,0.0,0.0,0.0,0.0,0.0,0.0,0.0,0.0,0.0,1.0,0.0
02/10/2023,46.0,179.0,1.0,17.0,0.0,0.0,5411.0,0.0,0.0,1.0,1.0,331.0,0.0,0.0,1.0,0.0,0.0,0.0,0.0,0.0,1.0,0.0,1.0,0.0,0.0,1.0,0.0,0.0,0.0,0.0,1.0,0.0,0.0,0.0,0.0,0.0,0.0,0.0,0.0,0.0,0.0,0.0,0.0,1.0,0.0
06/07/2023,27.0,294.0,1.0,16.0,0.0,0.0,4121.0,0.0,0.0,1.0,1.0,124.0,0.0,0.0,2.0,0.0,1.0,0.0,0.0,1.0,0.0,0.0,0.0,1.0,0.0,0.0,0.0,0.0,1.0,0.0,1.0,0.0,0.0,0.0,0.0,0.0,0.0,0.0,0.0,0.0,0.0,0.0,0.0,1.0,0.0
04/24/2023,36.0,44.0,1.0,18.0,0.0,0.0,5734.0,0.0,1.0,1.0,1.0,266.0,0.0,0.0,1.0,0.0,0.0,0.0,0.0,1.0,0.0,0.0,1.0,0.0,0.0,1.0,0.0,0.0,0.0,0.0,0.0,1.0,0.0,0.0,0.0,0.0,0.0,0.0,0.0,0.0,0.0,0.0,0.0,1.0,0.0
08/21/2023,56.0,75.0,1.0,16.0,0.0,0.0,4111.0,0.0,0.0,1.0,1.0,1216.0,0.0,0.0,1.0,0.0,0.0,0.0,0.0,0.0,1.0,0.0,0.0,0.0,0.0,1.0,0.0,0.0,0.0,0.0,1.0,0.0,0.0,0.0,0.0,0.0,0.0,0.0,0.0,0.0,0.0,0.0,0.0,1.0,0.0
06/26/2023,39.0,176.0,1.0,17.0,0.0,0.0,5732.0,0.0,1.0,1.0,1.0,138.0,0.0,0.0,1.0,0.0,0.0,0.0,0.0,0.0,1.0,0.0,0.0,1.0,0.0,0.0,1.0,0.0,0.0,0.0,0.0,1.0,0.0,0.0,0.0,0.0,0.0,0.0,0.0,0.0,0.0,0.0,0.0,1.0,0.0
10/31/2023,53.0,185.0,1.0,16.0,0.0,0.0,5311.0,0.0,0.0,1.0,1.0,56.0,1.0,1.0,1.0,0.0,0.0,0.0,0.0,0.0,1.0,0.0,0.0,0.0,0.0,0.0,1.0,0.0,0.0,0.0,1.0,0.0,0.0,0.0,0.0,0.0,0.0,0.0,0.0,0.0,0.0,0.0,0.0,1.0,0.0
08/07/2023,22.0,100.0,1.0,17.0,0.0,0.0,5734.0,0.0,1.0,1.0,1.0,167.0,0.0,1.0,1.0,0.0,0.0,0.0,0.0,0.0,1.0,0.0,0.0,0.0,0.0,0.0,0.0,0.0,1.0,0.0,0.0,1.0,0.0,0.0,0.0,0.0,0.0,0.0,0.0,0.0,0.0,0.0,0.0,1.0,0.0
07/27/2023,62.0,253.0,1.0,17.0,0.0,0.0,5411.0,0.0,0.0,1.0,1.0,609.0,0.0,1.0,2.0,0.0,1.0,0.0,0.0,1.0,0.0,0.0,0.0,0.0,0.0,1.0,0.0,0.0,0.0,0.0,1.0,0.0,0.0,0.0,0.0,0.0,0.0,0.0,0.0,0.0,0.0,0.0,0.0,1.0,0.0
08/08/2023,27.0,249.0,1.0,17.0,0.0,0.0,7995.0,1.0,0.0,1.0,1.0,177.0,0.0,1.0,1.0,0.0,0.0,1.0,2.0,0.0,1.0,0.0,0.0,0.0,0.0,0.0,0.0,0.0,1.0,0.0,0.0,0.0,0.0,0.0,0.0,0.0,0.0,1.0,0.0,0.0,0.0,0.0,0.0,0.0,0.0
08/21/2023,56.0,146.0,1.0,17.0,0.0,0.0,5921.0,1.0,0.0,1.0,1.0,285.0,0.0,1.0,1.0,0.0,0.0,0.0,2.0,0.0,1.0,0.0,1.0,0.0,0.0,0.0,0.0,1.0,0.0,0.0,0.0,0.0,0.0,0.0,0.0,0.0,0.0,0.0,0.0,0.0,0.0,0.0,0.0,1.0,0.0
03/02/2023,29.0,72.0,1.0,16.0,0.0,0.0,5311.0,0.0,0.0,1.0,1.0,202.0,0.0,0.0,3.0,1.0,1.0,1.0,2.0,0.0,1.0,0.0,0.0,0.0,0.0,0.0,1.0,0.0,0.0,0.0,1.0,0.0,0.0,0.0,0.0,0.0,0.0,0.0,1.0,0.0,0.0,0.0,0.0,0.0,0.0
02/03/2023,59.0,56.0,1.0,18.0,0.0,0.0,4829.0,1.0,0.0,1.0,1.0,223.0,0.0,0.0,1.0,0.0,0.0,0.0,0.0,1.0,0.0,0.0,1.0,0.0,0.0,0.0,1.0,0.0,0.0,0.0,0.0,0.0,0.0,0.0,0.0,0.0,0.0,0.0,0.0,0.0,0.0,0.0,0.0,1.0,0.0
09/20/2023,18.0,20.0,3.0,17.0,0.0,0.0,5814.0,0.0,0.0,1.0,1.0,531.0,0.0,1.0,1.0,0.0,0.0,0.0,0.0,0.0,1.0,0.0,0.0,1.0,0.0,0.0,0.0,0.0,1.0,0.0,1.0,0.0,0.0,1.0,0.0,0.0,0.0,0.0,0.0,0.0,0.0,0.0,0.0,0.0,0.0
12/20/2023,48.0,115.0,1.0,16.0,0.0,0.0,7995.0,1.0,0.0,1.0,1.0,872.0,0.0,0.0,1.0,0.0,0.0,0.0,0.0,0.0,1.0,0.0,0.0,1.0,0.0,0.0,1.0,0.0,0.0,0.0,0.0,0.0,0.0,0.0,0.0,0.0,0.0,0.0,0.0,0.0,0.0,0.0,0.0,1.0,0.0
06/07/2023,54.0,35.0,1.0,16.0,0.0,0.0,5732.0,0.0,1.0,1.0,1.0,455.0,0.0,0.0,1.0,0.0,0.0,0.0,0.0,0.0,1.0,0.0,0.0,0.0,0.0,0.0,0.0,1.0,0.0,0.0,0.0,1.0,0.0,0.0,0.0,0.0,0.0,0.0,0.0,0.0,0.0,0.0,0.0,1.0,0.0
12/27/2023,49.0,146.0,1.0,16.0,0.0,0.0,4111.0,0.0,0.0,1.0,1.0,506.0,0.0,0.0,1.0,0.0,0.0,0.0,0.0,1.0,0.0,0.0,1.0,0.0,0.0,0.0,1.0,0.0,0.0,0.0,1.0,0.0,0.0,0.0,0.0,0.0,0.0,0.0,0.0,0.0,0.0,0.0,0.0,1.0,0.0
03/29/2023,28.0,188.0,1.0,16.0,0.0,0.0,4121.0,0.0,0.0,1.0,1.0,86.0,0.0,0.0,1.0,0.0,0.0,0.0,0.0,0.0,1.0,0.0,0.0,1.0,0.0,0.0,1.0,0.0,0.0,0.0,1.0,0.0,0.0,0.0,0.0,0.0,0.0,0.0,0.0,0.0,0.0,0.0,0.0,1.0,0.0
07/19/2023,36.0,213.0,1.0,17.0,0.0,0.0,5732.0,0.0,1.0,1.0,1.0,348.0,0.0,1.0,4.0,1.0,1.0,0.0,0.0,0.0,1.0,0.0,0.0,1.0,0.0,0.0,1.0,0.0,0.0,0.0,0.0,1.0,0.0,0.0,0.0,0.0,0.0,0.0,0.0,0.0,0.0,0.0,0.0,1.0,0.0
05/15/2023,76.0,43.0,1.0,17.0,0.0,0.0,5411.0,0.0,0.0,1.0,1.0,152.0,0.0,0.0,1.0,0.0,0.0,0.0,0.0,0.0,1.0,0.0,0.0,1.0,0.0,0.0,0.0,1.0,0.0,0.0,1.0,0.0,0.0,0.0,0.0,0.0,0.0,0.0,0.0,0.0,0.0,0.0,0.0,1.0,0.0
10/12/2023,30.0,105.0,1.0,16.0,0.0,0.0,4111.0,0.0,0.0,1.0,1.0,242.0,0.0,0.0,1.0,0.0,0.0,0.0,0.0,0.0,1.0,0.0,1.0,0.0,0.0,0.0,1.0,0.0,0.0,0.0,1.0,0.0,0.0,0.0,0.0,0.0,0.0,0.0,0.0,0.0,0.0,0.0,0.0,1.0,0.0
12/26/2023,34.0,258.0,1.0,16.0,0.0,0.0,5411.0,0.0,0.0,1.0,1.0,67.0,0.0,1.0,1.0,0.0,0.0,0.0,0.0,0.0,1.0,0.0,1.0,0.0,0.0,0.0,1.0,0.0,0.0,0.0,1.0,0.0,0.0,0.0,0.0,0.0,0.0,0.0,0.0,0.0,0.0,0.0,0.0,1.0,0.0
03/02/2023,69.0,11.0,4.0,18.0,0.0,0.0,5814.0,0.0,0.0,1.0,1.0,1024.0,0.0,0.0,1.0,0.0,0.0,0.0,0.0,0.0,1.0,0.0,1.0,0.0,0.0,1.0,0.0,0.0,0.0,0.0,1.0,0.0,0.0,0.0,0.0,0.0,0.0,0.0,0.0,0.0,0.0,0.0,0.0,1.0,0.0
06/28/2023,79.0,93.0,1.0,16.0,0.0,0.0,4829.0,1.0,0.0,1.0,1.0,514.0,0.0,0.0,1.0,0.0,0.0,0.0,0.0,0.0,1.0,0.0,0.0,0.0,0.0,0.0,0.0,1.0,0.0,0.0,0.0,0.0,0.0,0.0,0.0,0.0,0.0,0.0,0.0,0.0,0.0,0.0,0.0,1.0,0.0
06/09/2023,54.0,23.0,1.0,17.0,0.0,0.0,7995.0,1.0,0.0,1.0,1.0,466.0,0.0,1.0,1.0,0.0,0.0,0.0,2.0,0.0,1.0,0.0,0.0,1.0,0.0,0.0,1.0,0.0,0.0,0.0,0.0,0.0,0.0,0.0,0.0,0.0,0.0,0.0,0.0,0.0,0.0,0.0,0.0,1.0,0.0
04/20/2023,51.0,174.0,1.0,18.0,0.0,0.0,5814.0,0.0,0.0,1.0,1.0,32.0,1.0,0.0,1.0,0.0,0.0,0.0,0.0,1.0,0.0,0.0,0.0,1.0,0.0,0.0,1.0,0.0,0.0,0.0,1.0,0.0,0.0,0.0,0.0,0.0,0.0,0.0,0.0,0.0,0.0,0.0,0.0,1.0,0.0
10/16/2023,67.0,74.0,1.0,16.0,0.0,0.0,5734.0,0.0,1.0,1.0,1.0,310.0,0.0,0.0,1.0,0.0,0.0,0.0,0.0,0.0,1.0,0.0,1.0,0.0,0.0,1.0,0.0,0.0,0.0,0.0,0.0,1.0,0.0,0.0,0.0,0.0,0.0,0.0,0.0,0.0,0.0,0.0,0.0,1.0,0.0
09/25/2023,20.0,175.0,1.0,18.0,0.0,0.0,5734.0,0.0,1.0,1.0,1.0,176.0,0.0,1.0,1.0,0.0,0.0,0.0,0.0,1.0,0.0,0.0,1.0,0.0,0.0,0.0,0.0,0.0,1.0,0.0,0.0,1.0,0.0,0.0,0.0,0.0,0.0,0.0,0.0,0.0,0.0,0.0,0.0,1.0,0.0
08/31/2023,23.0,130.0,1.0,16.0,0.0,0.0,5732.0,0.0,1.0,1.0,1.0,239.0,0.0,0.0,4.0,1.0,1.0,0.0,0.0,0.0,1.0,0.0,1.0,0.0,0.0,0.0,0.0,0.0,1.0,0.0,0.0,1.0,0.0,0.0,0.0,0.0,0.0,0.0,0.0,0.0,0.0,0.0,0.0,1.0,0.0
10/03/2023,61.0,96.0,1.0,17.0,0.0,0.0,5812.0,0.0,0.0,1.0,1.0,187.0,0.0,0.0,1.0,0.0,0.0,0.0,0.0,0.0,1.0,0.0,0.0,0.0,0.0,0.0,0.0,1.0,0.0,0.0,1.0,0.0,0.0,0.0,0.0,0.0,0.0,0.0,0.0,0.0,0.0,0.0,0.0,1.0,0.0
06/20/2023,53.0,14.0,1.0,16.0,0.0,0.0,5814.0,0.0,0.0,1.0,1.0,641.0,0.0,1.0,1.0,0.0,0.0,0.0,0.0,0.0,1.0,0.0,0.0,1.0,0.0,0.0,0.0,1.0,0.0,0.0,1.0,0.0,0.0,0.0,0.0,0.0,0.0,0.0,0.0,0.0,0.0,0.0,0.0,1.0,0.0
10/24/2023,28.0,171.0,1.0,17.0,0.0,0.0,4829.0,1.0,0.0,1.0,1.0,1480.0,0.0,1.0,1.0,0.0,0.0,0.0,2.0,0.0,1.0,0.0,0.0,0.0,0.0,0.0,0.0,0.0,1.0,0.0,0.0,0.0,0.0,0.0,0.0,0.0,0.0,0.0,0.0,0.0,0.0,0.0,0.0,1.0,0.0
06/02/2023,20.0,163.0,1.0,16.0,0.0,0.0,7299.0,1.0,0.0,1.0,1.0,145.0,0.0,1.0,1.0,0.0,0.0,0.0,2.0,0.0,1.0,0.0,0.0,0.0,0.0,0.0,0.0,0.0,1.0,0.0,0.0,0.0,0.0,0.0,0.0,1.0,0.0,0.0,0.0,0.0,0.0,0.0,0.0,0.0,0.0
01/12/2023,63.0,135.0,1.0,16.0,0.0,0.0,5734.0,0.0,1.0,1.0,1.0,340.0,0.0,0.0,1.0,0.0,0.0,0.0,0.0,0.0,1.0,0.0,0.0,0.0,0.0,0.0,0.0,1.0,0.0,0.0,0.0,1.0,0.0,0.0,0.0,0.0,0.0,0.0,0.0,0.0,0.0,0.0,0.0,1.0,0.0
10/18/2023,76.0,213.0,1.0,16.0,0.0,0.0,5732.0,0.0,1.0,1.0,1.0,267.0,0.0,0.0,1.0,0.0,0.0,0.0,0.0,0.0,1.0,0.0,1.0,0.0,0.0,0.0,0.0,1.0,0.0,0.0,0.0,1.0,0.0,0.0,0.0,0.0,0.0,0.0,0.0,0.0,0.0,0.0,0.0,1.0,0.0
03/08/2023,35.0,161.0,1.0,17.0,0.0,0.0,5814.0,0.0,0.0,1.0,1.0,446.0,0.0,0.0,1.0,0.0,0.0,0.0,0.0,0.0,1.0,0.0,0.0,0.0,0.0,1.0,0.0,0.0,0.0,0.0,1.0,0.0,0.0,0.0,0.0,0.0,0.0,0.0,0.0,0.0,0.0,0.0,0.0,1.0,0.0
08/11/2023,20.0,167.0,1.0,16.0,0.0,0.0,5812.0,0.0,0.0,1.0,1.0,221.0,0.0,0.0,1.0,0.0,0.0,0.0,0.0,1.0,0.0,0.0,0.0,1.0,0.0,0.0,0.0,0.0,1.0,0.0,1.0,0.0,0.0,0.0,0.0,0.0,0.0,0.0,0.0,0.0,0.0,0.0,0.0,1.0,0.0
05/26/2023,23.0,93.0,1.0,16.0,0.0,0.0,5411.0,0.0,0.0,1.0,1.0,583.0,0.0,0.0,1.0,0.0,0.0,0.0,0.0,1.0,0.0,0.0,1.0,0.0,0.0,0.0,0.0,0.0,1.0,0.0,1.0,0.0,0.0,0.0,0.0,0.0,0.0,0.0,0.0,0.0,0.0,0.0,0.0,1.0,0.0
08/24/2023,67.0,247.0,1.0,18.0,0.0,0.0,5732.0,0.0,1.0,1.0,1.0,122.0,0.0,1.0,3.0,1.0,1.0,0.0,0.0,0.0,1.0,0.0,0.0,0.0,0.0,0.0,0.0,1.0,0.0,0.0,0.0,1.0,0.0,0.0,0.0,0.0,0.0,0.0,0.0,0.0,0.0,0.0,0.0,1.0,0.0
10/16/2023,62.0,102.0,1.0,16.0,0.0,0.0,5734.0,0.0,1.0,1.0,1.0,156.0,0.0,0.0,1.0,0.0,0.0,0.0,0.0,1.0,0.0,0.0,1.0,0.0,0.0,1.0,0.0,0.0,0.0,0.0,0.0,1.0,0.0,0.0,0.0,0.0,0.0,0.0,0.0,0.0,0.0,0.0,0.0,1.0,0.0
01/09/2023,22.0,176.0,1.0,16.0,0.0,0.0,5732.0,0.0,1.0,1.0,1.0,987.0,0.0,0.0,1.0,0.0,0.0,0.0,0.0,0.0,1.0,0.0,0.0,0.0,0.0,0.0,0.0,0.0,1.0,0.0,0.0,1.0,0.0,0.0,0.0,0.0,0.0,0.0,0.0,0.0,0.0,0.0,0.0,1.0,0.0
02/16/2023,20.0,92.0,1.0,17.0,0.0,0.0,4121.0,0.0,0.0,1.0,1.0,412.0,0.0,0.0,1.0,0.0,0.0,0.0,0.0,0.0,1.0,0.0,0.0,0.0,0.0,0.0,0.0,0.0,1.0,0.0,1.0,0.0,0.0,0.0,0.0,0.0,0.0,0.0,0.0,0.0,0.0,0.0,0.0,1.0,0.0
12/04/2023,54.0,139.0,1.0,17.0,0.0,0.0,5732.0,0.0,1.0,1.0,1.0,625.0,0.0,1.0,1.0,0.0,0.0,0.0,0.0,1.0,0.0,0.0,0.0,0.0,0.0,1.0,0.0,0.0,0.0,0.0,0.0,1.0,0.0,0.0,0.0,0.0,0.0,0.0,0.0,0.0,0.0,0.0,0.0,1.0,0.0
02/15/2023,57.0,146.0,5.0,16.0,0.0,0.0,5411.0,0.0,0.0,1.0,1.0,533.0,0.0,0.0,1.0,0.0,0.0,0.0,0.0,0.0,1.0,0.0,0.0,0.0,0.0,1.0,0.0,0.0,0.0,0.0,1.0,0.0,0.0,0.0,0.0,0.0,0.0,0.0,0.0,0.0,0.0,0.0,0.0,1.0,0.0
05/01/2023,27.0,287.0,1.0,18.0,0.0,0.0,5734.0,0.0,1.0,1.0,1.0,95.0,0.0,0.0,1.0,0.0,0.0,0.0,0.0,0.0,1.0,0.0,0.0,1.0,0.0,0.0,1.0,0.0,0.0,0.0,0.0,1.0,0.0,1.0,0.0,0.0,0.0,0.0,0.0,0.0,0.0,0.0,0.0,0.0,0.0
11/29/2023,20.0,33.0,2.0,18.0,0.0,0.0,5812.0,0.0,0.0,1.0,1.0,333.0,0.0,1.0,1.0,0.0,0.0,0.0,0.0,1.0,0.0,0.0,1.0,0.0,0.0,0.0,0.0,0.0,1.0,0.0,1.0,0.0,0.0,0.0,0.0,0.0,0.0,0.0,0.0,0.0,0.0,0.0,0.0,1.0,0.0
12/11/2023,68.0,104.0,1.0,17.0,0.0,0.0,6011.0,1.0,0.0,1.0,1.0,475.0,0.0,1.0,1.0,0.0,0.0,0.0,2.0,1.0,0.0,0.0,0.0,1.0,0.0,0.0,0.0,1.0,0.0,0.0,0.0,0.0,0.0,0.0,0.0,0.0,0.0,0.0,0.0,0.0,0.0,0.0,0.0,1.0,0.0
06/08/2023,56.0,293.0,1.0,18.0,0.0,0.0,5999.0,1.0,0.0,1.0,1.0,353.0,0.0,0.0,2.0,0.0,1.0,0.0,0.0,0.0,1.0,0.0,0.0,1.0,0.0,0.0,1.0,0.0,0.0,0.0,0.0,0.0,0.0,0.0,0.0,0.0,0.0,0.0,0.0,0.0,0.0,0.0,0.0,1.0,0.0
11/14/2023,68.0,90.0,1.0,17.0,0.0,0.0,5311.0,0.0,0.0,1.0,1.0,493.0,0.0,1.0,1.0,0.0,0.0,0.0,2.0,0.0,1.0,0.0,0.0,0.0,0.0,1.0,0.0,0.0,0.0,0.0,1.0,0.0,0.0,0.0,0.0,0.0,0.0,0.0,0.0,0.0,0.0,0.0,0.0,1.0,0.0
06/06/2023,39.0,120.0,1.0,18.0,0.0,0.0,7299.0,1.0,0.0,1.0,1.0,285.0,0.0,1.0,1.0,0.0,0.0,0.0,2.0,0.0,1.0,0.0,0.0,1.0,0.0,0.0,1.0,0.0,0.0,0.0,0.0,0.0,0.0,0.0,0.0,0.0,0.0,0.0,0.0,0.0,0.0,0.0,0.0,1.0,0.0
01/25/2023,54.0,124.0,1.0,17.0,0.0,0.0,5999.0,1.0,0.0,1.0,1.0,118.0,0.0,0.0,3.0,1.0,1.0,0.0,1.0,0.0,1.0,0.0,0.0,0.0,0.0,0.0,1.0,0.0,0.0,0.0,0.0,0.0,0.0,0.0,0.0,0.0,0.0,0.0,0.0,0.0,0.0,0.0,0.0,1.0,0.0
08/04/2023,70.0,247.0,1.0,17.0,0.0,0.0,5311.0,0.0,0.0,1.0,1.0,428.0,0.0,1.0,1.0,0.0,0.0,1.0,2.0,1.0,0.0,0.0,0.0,1.0,0.0,1.0,0.0,0.0,0.0,0.0,1.0,0.0,0.0,0.0,0.0,1.0,0.0,0.0,0.0,0.0,0.0,0.0,0.0,0.0,0.0
06/08/2023,58.0,92.0,1.0,16.0,0.0,0.0,7995.0,1.0,0.0,1.0,1.0,154.0,0.0,0.0,1.0,0.0,0.0,0.0,0.0,0.0,1.0,0.0,1.0,0.0,0.0,0.0,1.0,0.0,0.0,0.0,0.0,0.0,0.0,0.0,0.0,0.0,0.0,0.0,0.0,0.0,0.0,0.0,0.0,1.0,0.0
05/22/2023,27.0,56.0,1.0,16.0,0.0,0.0,5311.0,0.0,0.0,1.0,1.0,663.0,0.0,0.0,2.0,0.0,1.0,0.0,0.0,0.0,1.0,0.0,0.0,0.0,0.0,0.0,0.0,0.0,1.0,0.0,1.0,0.0,0.0,0.0,0.0,0.0,0.0,0.0,0.0,1.0,0.0,0.0,0.0,0.0,0.0
09/13/2023,42.0,148.0,1.0,18.0,0.0,0.0,5411.0,0.0,0.0,1.0,1.0,199.0,0.0,0.0,1.0,0.0,0.0,0.0,0.0,0.0,1.0,0.0,0.0,1.0,0.0,1.0,0.0,0.0,0.0,0.0,1.0,0.0,0.0,0.0,0.0,0.0,0.0,0.0,0.0,0.0,0.0,0.0,0.0,1.0,0.0
06/08/2023,60.0,147.0,1.0,16.0,0.0,0.0,4121.0,0.0,0.0,1.0,1.0,190.0,0.0,1.0,1.0,0.0,0.0,0.0,0.0,0.0,1.0,0.0,0.0,0.0,0.0,1.0,0.0,0.0,0.0,0.0,1.0,0.0,0.0,0.0,0.0,0.0,0.0,0.0,0.0,0.0,0.0,0.0,0.0,1.0,0.0
11/22/2023,25.0,105.0,1.0,17.0,0.0,0.0,5311.0,0.0,0.0,1.0,1.0,1858.0,0.0,0.0,5.0,1.0,1.0,0.0,0.0,0.0,1.0,0.0,0.0,1.0,0.0,0.0,0.0,0.0,1.0,0.0,1.0,0.0,0.0,0.0,0.0,0.0,0.0,0.0,0.0,0.0,0.0,0.0,0.0,1.0,0.0
04/10/2023,28.0,148.0,1.0,17.0,0.0,0.0,4121.0,0.0,0.0,1.0,1.0,372.0,0.0,0.0,1.0,0.0,0.0,0.0,0.0,0.0,1.0,0.0,0.0,1.0,0.0,0.0,0.0,0.0,1.0,0.0,1.0,0.0,0.0,0.0,0.0,0.0,0.0,0.0,0.0,0.0,0.0,0.0,0.0,1.0,0.0
04/25/2023,72.0,101.0,1.0,18.0,0.0,0.0,7299.0,1.0,0.0,1.0,1.0,309.0,0.0,0.0,1.0,0.0,0.0,0.0,2.0,0.0,1.0,0.0,0.0,0.0,0.0,0.0,0.0,1.0,0.0,0.0,0.0,0.0,0.0,0.0,0.0,0.0,0.0,0.0,0.0,0.0,0.0,0.0,0.0,1.0,0.0
06/15/2023,40.0,74.0,1.0,18.0,0.0,0.0,7299.0,1.0,0.0,1.0,1.0,298.0,0.0,0.0,1.0,0.0,0.0,0.0,0.0,0.0,1.0,0.0,0.0,0.0,0.0,0.0,1.0,0.0,0.0,0.0,0.0,0.0,0.0,0.0,0.0,0.0,0.0,0.0,0.0,0.0,0.0,0.0,0.0,1.0,0.0
10/16/2023,71.0,80.0,1.0,16.0,0.0,0.0,6011.0,1.0,0.0,1.0,1.0,249.0,0.0,0.0,1.0,0.0,0.0,0.0,0.0,0.0,1.0,0.0,0.0,0.0,0.0,0.0,0.0,1.0,0.0,0.0,0.0,0.0,0.0,0.0,0.0,0.0,0.0,0.0,1.0,0.0,0.0,0.0,0.0,0.0,0.0
08/07/2023,21.0,90.0,1.0,18.0,0.0,0.0,5734.0,0.0,1.0,1.0,1.0,351.0,0.0,0.0,1.0,0.0,0.0,0.0,0.0,0.0,1.0,0.0,0.0,0.0,0.0,0.0,0.0,0.0,1.0,0.0,0.0,1.0,0.0,0.0,0.0,0.0,0.0,0.0,0.0,0.0,0.0,0.0,0.0,1.0,0.0
07/07/2023,33.0,161.0,1.0,18.0,0.0,0.0,5999.0,1.0,0.0,1.0,1.0,540.0,0.0,1.0,1.0,0.0,0.0,0.0,2.0,1.0,0.0,0.0,0.0,1.0,0.0,0.0,1.0,0.0,0.0,0.0,0.0,0.0,0.0,0.0,0.0,0.0,0.0,0.0,0.0,0.0,0.0,0.0,0.0,1.0,0.0
04/25/2023,52.0,74.0,1.0,16.0,0.0,0.0,5734.0,0.0,1.0,1.0,1.0,540.0,0.0,0.0,1.0,0.0,0.0,0.0,0.0,0.0,1.0,0.0,0.0,0.0,0.0,0.0,1.0,0.0,0.0,0.0,0.0,1.0,0.0,0.0,0.0,0.0,0.0,0.0,0.0,0.0,0.0,0.0,0.0,1.0,0.0
11/21/2023,18.0,129.0,1.0,16.0,0.0,0.0,5999.0,1.0,0.0,1.0,1.0,517.0,0.0,0.0,1.0,0.0,0.0,0.0,2.0,0.0,1.0,0.0,1.0,0.0,0.0,0.0,0.0,0.0,1.0,0.0,0.0,0.0,0.0,0.0,0.0,0.0,0.0,0.0,0.0,0.0,0.0,0.0,0.0,1.0,0.0
12/19/2023,53.0,237.0,1.0,16.0,0.0,0.0,5732.0,0.0,1.0,1.0,1.0,410.0,0.0,0.0,1.0,0.0,0.0,0.0,0.0,1.0,0.0,0.0,1.0,0.0,0.0,1.0,0.0,0.0,0.0,0.0,0.0,1.0,0.0,0.0,0.0,0.0,0.0,0.0,0.0,0.0,0.0,0.0,1.0,0.0,0.0
08/31/2023,30.0,262.0,1.0,16.0,0.0,0.0,5814.0,0.0,0.0,1.0,1.0,454.0,0.0,1.0,1.0,0.0,0.0,0.0,2.0,0.0,1.0,0.0,1.0,0.0,0.0,0.0,1.0,0.0,0.0,0.0,1.0,0.0,0.0,0.0,0.0,0.0,0.0,0.0,0.0,0.0,0.0,0.0,0.0,1.0,0.0
03/06/2023,80.0,39.0,1.0,17.0,0.0,0.0,5734.0,0.0,1.0,1.0,1.0,405.0,0.0,0.0,1.0,0.0,0.0,0.0,0.0,1.0,0.0,0.0,1.0,0.0,0.0,0.0,0.0,1.0,0.0,0.0,0.0,1.0,0.0,0.0,0.0,0.0,0.0,0.0,0.0,0.0,0.0,1.0,0.0,0.0,0.0
09/01/2023,46.0,176.0,1.0,16.0,0.0,0.0,5311.0,0.0,0.0,1.0,1.0,338.0,0.0,1.0,1.0,0.0,0.0,0.0,0.0,1.0,0.0,0.0,1.0,0.0,0.0,0.0,1.0,0.0,0.0,0.0,1.0,0.0,0.0,0.0,0.0,0.0,0.0,0.0,0.0,0.0,0.0,0.0,0.0,1.0,0.0
10/16/2023,58.0,54.0,1.0,16.0,0.0,0.0,4111.0,0.0,0.0,1.0,1.0,674.0,0.0,0.0,3.0,1.0,1.0,0.0,0.0,0.0,1.0,0.0,1.0,0.0,0.0,0.0,1.0,0.0,0.0,0.0,1.0,0.0,0.0,1.0,0.0,0.0,0.0,0.0,0.0,0.0,0.0,0.0,0.0,0.0,0.0
07/24/2023,21.0,220.0,1.0,17.0,0.0,0.0,5734.0,0.0,1.0,1.0,1.0,337.0,0.0,0.0,3.0,1.0,1.0,0.0,0.0,0.0,1.0,0.0,0.0,0.0,0.0,0.0,0.0,0.0,1.0,0.0,0.0,1.0,0.0,0.0,0.0,0.0,0.0,0.0,0.0,0.0,0.0,0.0,0.0,1.0,0.0
05/04/2023,19.0,255.0,1.0,16.0,0.0,0.0,5311.0,0.0,0.0,1.0,1.0,324.0,0.0,1.0,3.0,1.0,1.0,1.0,2.0,0.0,1.0,0.0,0.0,1.0,0.0,0.0,0.0,0.0,1.0,0.0,1.0,0.0,0.0,0.0,0.0,0.0,0.0,0.0,0.0,0.0,0.0,0.0,0.0,1.0,0.0
06/21/2023,35.0,225.0,1.0,17.0,0.0,0.0,5732.0,0.0,1.0,1.0,1.0,597.0,0.0,0.0,1.0,0.0,0.0,0.0,0.0,1.0,0.0,0.0,0.0,0.0,0.0,1.0,0.0,0.0,0.0,0.0,0.0,1.0,0.0,0.0,0.0,0.0,0.0,0.0,0.0,0.0,0.0,0.0,0.0,1.0,0.0
10/18/2023,69.0,69.0,1.0,16.0,0.0,0.0,5944.0,0.0,1.0,1.0,1.0,614.0,0.0,1.0,1.0,0.0,0.0,0.0,0.0,0.0,1.0,0.0,0.0,0.0,0.0,0.0,0.0,1.0,0.0,0.0,0.0,1.0,0.0,0.0,0.0,0.0,0.0,0.0,0.0,0.0,0.0,0.0,0.0,1.0,0.0
04/28/2023,56.0,105.0,1.0,17.0,0.0,0.0,5999.0,1.0,0.0,1.0,1.0,284.0,0.0,0.0,3.0,1.0,1.0,0.0,0.0,0.0,1.0,0.0,0.0,1.0,0.0,0.0,0.0,1.0,0.0,0.0,0.0,0.0,0.0,0.0,0.0,0.0,0.0,0.0,0.0,0.0,0.0,0.0,0.0,1.0,0.0
03/23/2023,37.0,59.0,1.0,16.0,0.0,0.0,4829.0,1.0,0.0,1.0,1.0,195.0,0.0,0.0,1.0,0.0,0.0,1.0,3.0,1.0,0.0,0.0,0.0,1.0,0.0,1.0,0.0,0.0,0.0,0.0,0.0,0.0,0.0,0.0,0.0,0.0,0.0,0.0,0.0,0.0,0.0,0.0,0.0,1.0,0.0
02/24/2023,44.0,104.0,1.0,18.0,0.0,0.0,4829.0,1.0,0.0,1.0,1.0,64.0,0.0,0.0,1.0,0.0,0.0,0.0,0.0,0.0,1.0,0.0,0.0,1.0,0.0,0.0,1.0,0.0,0.0,0.0,0.0,0.0,0.0,0.0,0.0,0.0,0.0,0.0,0.0,0.0,0.0,0.0,0.0,1.0,0.0
09/18/2023,32.0,117.0,1.0,17.0,0.0,0.0,4829.0,1.0,0.0,1.0,1.0,269.0,0.0,0.0,2.0,0.0,1.0,0.0,0.0,0.0,1.0,0.0,0.0,0.0,0.0,1.0,0.0,0.0,0.0,0.0,0.0,0.0,0.0,0.0,0.0,0.0,0.0,0.0,0.0,0.0,0.0,0.0,0.0,1.0,0.0
11/08/2023,57.0,107.0,1.0,18.0,0.0,0.0,4829.0,1.0,0.0,1.0,1.0,161.0,0.0,1.0,1.0,0.0,0.0,0.0,2.0,0.0,1.0,0.0,0.0,0.0,0.0,1.0,0.0,0.0,0.0,0.0,0.0,0.0,0.0,0.0,0.0,0.0,0.0,0.0,0.0,0.0,0.0,0.0,0.0,1.0,0.0
09/21/2023,56.0,62.0,1.0,16.0,0.0,0.0,5411.0,0.0,0.0,1.0,1.0,241.0,0.0,1.0,1.0,0.0,0.0,0.0,0.0,1.0,0.0,0.0,0.0,0.0,0.0,1.0,0.0,0.0,0.0,0.0,1.0,0.0,0.0,0.0,0.0,0.0,0.0,0.0,0.0,0.0,0.0,0.0,0.0,1.0,0.0
01/23/2023,65.0,203.0,1.0,17.0,0.0,0.0,4111.0,0.0,0.0,1.0,1.0,631.0,0.0,0.0,2.0,0.0,1.0,1.0,2.0,0.0,1.0,0.0,1.0,0.0,0.0,1.0,0.0,0.0,0.0,0.0,1.0,0.0,0.0,0.0,0.0,0.0,0.0,0.0,0.0,1.0,0.0,0.0,0.0,0.0,0.0
05/19/2023,53.0,83.0,1.0,18.0,0.0,0.0,4111.0,0.0,0.0,1.0,1.0,195.0,0.0,0.0,1.0,0.0,0.0,1.0,0.0,0.0,1.0,0.0,0.0,1.0,0.0,0.0,0.0,1.0,0.0,0.0,1.0,0.0,0.0,0.0,0.0,0.0,0.0,0.0,0.0,0.0,0.0,0.0,0.0,1.0,0.0
03/03/2023,68.0,61.0,1.0,17.0,0.0,0.0,7299.0,1.0,0.0,1.0,1.0,205.0,0.0,0.0,2.0,0.0,1.0,0.0,0.0,1.0,0.0,0.0,1.0,0.0,0.0,0.0,0.0,1.0,0.0,0.0,0.0,0.0,0.0,0.0,0.0,0.0,0.0,0.0,0.0,0.0,0.0,0.0,0.0,1.0,0.0
06/07/2023,19.0,184.0,1.0,17.0,0.0,0.0,5411.0,0.0,0.0,1.0,1.0,301.0,0.0,0.0,1.0,0.0,0.0,0.0,0.0,0.0,1.0,0.0,0.0,0.0,0.0,0.0,0.0,0.0,1.0,0.0,1.0,0.0,0.0,0.0,0.0,0.0,0.0,0.0,0.0,0.0,0.0,0.0,0.0,1.0,0.0
05/01/2023,55.0,12.0,1.0,16.0,0.0,0.0,5734.0,0.0,1.0,1.0,1.0,262.0,0.0,0.0,1.0,0.0,0.0,0.0,0.0,0.0,1.0,0.0,0.0,1.0,0.0,0.0,0.0,1.0,0.0,0.0,0.0,1.0,0.0,0.0,0.0,0.0,0.0,0.0,0.0,0.0,0.0,0.0,0.0,1.0,0.0
10/12/2023,60.0,84.0,1.0,17.0,0.0,0.0,5921.0,1.0,0.0,1.0,1.0,113.0,0.0,0.0,1.0,0.0,0.0,0.0,2.0,0.0,1.0,0.0,0.0,1.0,0.0,0.0,0.0,1.0,0.0,0.0,0.0,0.0,0.0,0.0,0.0,0.0,0.0,0.0,0.0,0.0,0.0,0.0,0.0,1.0,0.0
09/18/2023,55.0,141.0,1.0,16.0,0.0,0.0,5921.0,1.0,0.0,1.0,1.0,302.0,0.0,0.0,2.0,0.0,1.0,0.0,0.0,0.0,1.0,0.0,0.0,0.0,0.0,1.0,0.0,0.0,0.0,0.0,0.0,0.0,0.0,0.0,0.0,0.0,0.0,0.0,0.0,0.0,0.0,0.0,0.0,1.0,0.0
09/20/2023,77.0,228.0,1.0,17.0,0.0,0.0,4111.0,0.0,0.0,1.0,1.0,427.0,0.0,1.0,1.0,0.0,0.0,0.0,0.0,0.0,1.0,0.0,0.0,0.0,0.0,0.0,0.0,1.0,0.0,0.0,1.0,0.0,0.0,0.0,0.0,0.0,0.0,0.0,0.0,0.0,0.0,0.0,0.0,1.0,0.0
11/27/2023,52.0,151.0,1.0,18.0,0.0,0.0,7995.0,1.0,0.0,1.0,1.0,1125.0,0.0,0.0,2.0,0.0,1.0,0.0,0.0,1.0,0.0,0.0,0.0,0.0,0.0,0.0,1.0,0.0,0.0,0.0,0.0,0.0,0.0,0.0,0.0,0.0,0.0,0.0,0.0,0.0,0.0,0.0,0.0,1.0,0.0
05/15/2023,77.0,125.0,1.0,16.0,0.0,0.0,5311.0,0.0,0.0,1.0,1.0,449.0,0.0,1.0,1.0,0.0,0.0,0.0,0.0,0.0,1.0,0.0,0.0,1.0,0.0,0.0,0.0,1.0,0.0,0.0,1.0,0.0,0.0,0.0,0.0,0.0,0.0,0.0,0.0,0.0,0.0,0.0,0.0,1.0,0.0
03/27/2023,75.0,125.0,1.0,17.0,0.0,0.0,4111.0,0.0,0.0,1.0,1.0,446.0,0.0,0.0,1.0,0.0,0.0,0.0,0.0,0.0,1.0,0.0,0.0,0.0,0.0,0.0,0.0,1.0,0.0,0.0,1.0,0.0,0.0,0.0,0.0,0.0,0.0,0.0,0.0,0.0,0.0,0.0,0.0,1.0,0.0
08/16/2023,69.0,121.0,1.0,16.0,0.0,0.0,5732.0,0.0,1.0,1.0,1.0,333.0,0.0,0.0,1.0,0.0,0.0,0.0,0.0,0.0,1.0,0.0,0.0,0.0,0.0,0.0,0.0,1.0,0.0,0.0,0.0,1.0,0.0,0.0,0.0,0.0,0.0,0.0,0.0,0.0,0.0,0.0,0.0,1.0,0.0
05/15/2023,35.0,248.0,1.0,16.0,0.0,0.0,4121.0,0.0,0.0,1.0,1.0,409.0,0.0,0.0,1.0,0.0,0.0,0.0,0.0,0.0,1.0,0.0,1.0,0.0,0.0,1.0,0.0,0.0,0.0,0.0,1.0,0.0,0.0,0.0,0.0,0.0,0.0,0.0,0.0,0.0,0.0,0.0,0.0,1.0,0.0
02/22/2023,61.0,37.0,1.0,17.0,0.0,0.0,5812.0,0.0,0.0,1.0,1.0,67.0,0.0,0.0,1.0,0.0,0.0,0.0,0.0,1.0,0.0,0.0,1.0,0.0,0.0,0.0,0.0,1.0,0.0,0.0,1.0,0.0,0.0,0.0,0.0,0.0,0.0,0.0,0.0,0.0,0.0,0.0,0.0,1.0,0.0
04/24/2023,76.0,20.0,1.0,18.0,0.0,0.0,5732.0,0.0,1.0,1.0,1.0,312.0,0.0,0.0,4.0,1.0,1.0,0.0,0.0,0.0,1.0,0.0,0.0,1.0,0.0,0.0,0.0,1.0,0.0,0.0,0.0,1.0,0.0,0.0,0.0,0.0,0.0,0.0,0.0,0.0,0.0,0.0,0.0,1.0,0.0
08/28/2023,52.0,130.0,1.0,16.0,0.0,0.0,4121.0,0.0,0.0,1.0,1.0,614.0,0.0,0.0,1.0,0.0,0.0,0.0,0.0,0.0,1.0,0.0,0.0,0.0,0.0,0.0,1.0,0.0,0.0,0.0,1.0,0.0,0.0,0.0,0.0,0.0,0.0,0.0,0.0,0.0,0.0,0.0,0.0,1.0,0.0
10/09/2023,51.0,131.0,1.0,16.0,0.0,0.0,5732.0,0.0,1.0,1.0,1.0,454.0,0.0,1.0,1.0,0.0,0.0,0.0,0.0,0.0,1.0,0.0,1.0,0.0,0.0,0.0,0.0,1.0,0.0,0.0,0.0,1.0,0.0,0.0,0.0,0.0,0.0,0.0,0.0,0.0,0.0,0.0,0.0,1.0,0.0
01/30/2023,19.0,56.0,1.0,18.0,0.0,0.0,7299.0,1.0,0.0,1.0,1.0,92.0,0.0,0.0,1.0,0.0,0.0,0.0,0.0,0.0,1.0,0.0,1.0,0.0,0.0,0.0,0.0,0.0,1.0,0.0,0.0,0.0,0.0,0.0,0.0,0.0,0.0,0.0,0.0,0.0,0.0,0.0,0.0,1.0,0.0
11/03/2023,61.0,265.0,1.0,16.0,0.0,0.0,5732.0,0.0,1.0,1.0,1.0,427.0,0.0,1.0,1.0,0.0,0.0,0.0,2.0,0.0,1.0,0.0,1.0,0.0,0.0,1.0,0.0,0.0,0.0,0.0,0.0,1.0,0.0,0.0,0.0,0.0,0.0,0.0,0.0,0.0,1.0,0.0,0.0,0.0,0.0
09/26/2023,64.0,61.0,1.0,18.0,0.0,0.0,5311.0,0.0,0.0,1.0,1.0,354.0,0.0,1.0,2.0,0.0,1.0,0.0,0.0,1.0,0.0,0.0,0.0,0.0,0.0,1.0,0.0,0.0,0.0,0.0,1.0,0.0,0.0,0.0,0.0,0.0,0.0,1.0,0.0,0.0,0.0,0.0,0.0,0.0,0.0
06/22/2023,26.0,100.0,1.0,16.0,0.0,0.0,5944.0,0.0,1.0,1.0,1.0,760.0,0.0,0.0,1.0,0.0,0.0,1.0,0.0,0.0,1.0,0.0,0.0,1.0,0.0,0.0,0.0,0.0,1.0,0.0,0.0,1.0,0.0,0.0,0.0,0.0,0.0,0.0,0.0,0.0,0.0,0.0,0.0,1.0,0.0
03/22/2023,24.0,19.0,1.0,16.0,0.0,0.0,5814.0,0.0,0.0,1.0,1.0,959.0,0.0,0.0,1.0,0.0,0.0,0.0,0.0,0.0,1.0,0.0,0.0,1.0,0.0,0.0,0.0,0.0,1.0,0.0,1.0,0.0,0.0,0.0,0.0,0.0,0.0,0.0,0.0,0.0,0.0,0.0,0.0,1.0,0.0
09/07/2023,19.0,40.0,1.0,17.0,0.0,0.0,5732.0,0.0,1.0,1.0,1.0,348.0,0.0,1.0,1.0,0.0,0.0,0.0,0.0,0.0,1.0,0.0,0.0,0.0,0.0,0.0,0.0,0.0,1.0,0.0,0.0,1.0,0.0,0.0,0.0,0.0,0.0,0.0,0.0,0.0,0.0,0.0,0.0,1.0,0.0
01/16/2023,55.0,126.0,1.0,16.0,0.0,0.0,7299.0,1.0,0.0,1.0,1.0,199.0,0.0,0.0,1.0,0.0,0.0,0.0,0.0,0.0,1.0,0.0,1.0,0.0,0.0,0.0,0.0,1.0,0.0,0.0,0.0,0.0,0.0,0.0,0.0,0.0,0.0,0.0,0.0,0.0,0.0,0.0,0.0,1.0,0.0
10/16/2023,71.0,157.0,1.0,16.0,0.0,0.0,5411.0,0.0,0.0,1.0,1.0,197.0,0.0,1.0,1.0,0.0,0.0,0.0,0.0,0.0,1.0,0.0,1.0,0.0,0.0,0.0,0.0,1.0,0.0,0.0,1.0,0.0,0.0,0.0,0.0,0.0,0.0,0.0,0.0,0.0,0.0,0.0,0.0,1.0,0.0
09/13/2023,45.0,133.0,1.0,16.0,0.0,0.0,5999.0,1.0,0.0,1.0,1.0,407.0,0.0,0.0,1.0,0.0,0.0,0.0,0.0,0.0,1.0,0.0,0.0,0.0,0.0,0.0,1.0,0.0,0.0,0.0,0.0,0.0,0.0,0.0,0.0,0.0,1.0,0.0,0.0,0.0,0.0,0.0,0.0,0.0,0.0
05/03/2023,44.0,73.0,1.0,16.0,0.0,0.0,7995.0,1.0,0.0,1.0,1.0,356.0,0.0,0.0,1.0,0.0,0.0,0.0,0.0,0.0,1.0,0.0,1.0,0.0,0.0,1.0,0.0,0.0,0.0,0.0,0.0,0.0,0.0,0.0,0.0,0.0,0.0,0.0,0.0,0.0,0.0,0.0,0.0,1.0,0.0
09/05/2023,57.0,78.0,1.0,18.0,0.0,0.0,6011.0,1.0,0.0,1.0,1.0,265.0,0.0,1.0,1.0,0.0,0.0,1.0,2.0,0.0,1.0,0.0,0.0,1.0,0.0,0.0,1.0,0.0,0.0,0.0,0.0,0.0,0.0,0.0,0.0,0.0,0.0,0.0,0.0,0.0,0.0,0.0,0.0,1.0,0.0
12/04/2023,55.0,37.0,1.0,16.0,0.0,0.0,7299.0,1.0,0.0,1.0,1.0,537.0,0.0,1.0,1.0,0.0,0.0,1.0,2.0,0.0,1.0,0.0,0.0,1.0,0.0,0.0,1.0,0.0,0.0,0.0,0.0,0.0,0.0,0.0,0.0,0.0,0.0,0.0,0.0,0.0,0.0,0.0,0.0,1.0,0.0
10/16/2023,55.0,164.0,1.0,18.0,0.0,0.0,5732.0,0.0,1.0,1.0,1.0,189.0,0.0,0.0,1.0,0.0,0.0,0.0,0.0,1.0,0.0,0.0,1.0,0.0,0.0,1.0,0.0,0.0,0.0,0.0,0.0,1.0,0.0,0.0,0.0,0.0,0.0,0.0,0.0,0.0,0.0,0.0,0.0,1.0,0.0
06/22/2023,58.0,32.0,1.0,16.0,0.0,0.0,7299.0,1.0,0.0,1.0,1.0,203.0,0.0,0.0,1.0,0.0,0.0,0.0,0.0,0.0,1.0,0.0,0.0,1.0,0.0,1.0,0.0,0.0,0.0,0.0,0.0,0.0,0.0,0.0,0.0,0.0,0.0,0.0,1.0,0.0,0.0,0.0,0.0,0.0,0.0
05/25/2023,55.0,63.0,1.0,16.0,0.0,0.0,5411.0,0.0,0.0,1.0,1.0,375.0,0.0,0.0,1.0,0.0,0.0,0.0,0.0,1.0,0.0,0.0,0.0,1.0,0.0,0.0,1.0,0.0,0.0,0.0,1.0,0.0,0.0,0.0,0.0,0.0,0.0,0.0,0.0,0.0,0.0,0.0,0.0,1.0,0.0
05/22/2023,48.0,46.0,1.0,16.0,0.0,0.0,5812.0,0.0,0.0,1.0,1.0,433.0,0.0,0.0,1.0,0.0,0.0,0.0,0.0,0.0,1.0,0.0,0.0,0.0,0.0,0.0,1.0,0.0,0.0,0.0,1.0,0.0,0.0,0.0,0.0,1.0,0.0,0.0,0.0,0.0,0.0,0.0,0.0,0.0,0.0
12/13/2023,26.0,75.0,1.0,16.0,0.0,0.0,4829.0,1.0,0.0,1.0,1.0,468.0,0.0,1.0,1.0,0.0,0.0,0.0,2.0,0.0,1.0,0.0,1.0,0.0,0.0,0.0,0.0,0.0,1.0,0.0,0.0,0.0,0.0,0.0,0.0,0.0,0.0,0.0,0.0,0.0,0.0,0.0,0.0,1.0,0.0
01/04/2023,38.0,235.0,1.0,16.0,0.0,0.0,5944.0,0.0,1.0,1.0,1.0,148.0,0.0,0.0,1.0,0.0,0.0,0.0,0.0,0.0,1.0,0.0,0.0,0.0,0.0,1.0,0.0,0.0,0.0,0.0,0.0,1.0,0.0,0.0,0.0,0.0,0.0,0.0,0.0,0.0,0.0,0.0,0.0,1.0,0.0
11/23/2023,20.0,173.0,1.0,16.0,0.0,0.0,5732.0,0.0,1.0,1.0,1.0,403.0,0.0,0.0,1.0,0.0,0.0,0.0,0.0,0.0,1.0,0.0,0.0,1.0,0.0,0.0,0.0,0.0,1.0,0.0,0.0,1.0,0.0,0.0,0.0,0.0,0.0,0.0,0.0,0.0,0.0,0.0,0.0,1.0,0.0
05/05/2023,55.0,164.0,2.0,16.0,0.0,0.0,5732.0,0.0,1.0,1.0,1.0,493.0,0.0,0.0,2.0,0.0,1.0,0.0,0.0,0.0,1.0,0.0,0.0,0.0,0.0,0.0,0.0,1.0,0.0,0.0,0.0,1.0,0.0,0.0,0.0,0.0,0.0,0.0,0.0,0.0,0.0,0.0,0.0,1.0,0.0
10/19/2023,58.0,102.0,1.0,17.0,0.0,0.0,5734.0,0.0,1.0,1.0,1.0,207.0,0.0,0.0,1.0,0.0,0.0,0.0,0.0,0.0,1.0,0.0,1.0,0.0,0.0,1.0,0.0,0.0,0.0,0.0,0.0,1.0,0.0,0.0,0.0,0.0,0.0,0.0,0.0,0.0,0.0,0.0,0.0,1.0,0.0
12/18/2023,30.0,48.0,1.0,16.0,0.0,0.0,5812.0,0.0,0.0,1.0,1.0,124.0,0.0,0.0,1.0,0.0,0.0,0.0,0.0,1.0,0.0,0.0,0.0,1.0,0.0,1.0,0.0,0.0,0.0,0.0,1.0,0.0,0.0,0.0,0.0,0.0,0.0,0.0,0.0,0.0,0.0,0.0,0.0,1.0,0.0
04/20/2023,57.0,116.0,1.0,18.0,0.0,0.0,5732.0,0.0,1.0,1.0,1.0,444.0,0.0,0.0,1.0,0.0,0.0,0.0,0.0,1.0,0.0,0.0,0.0,1.0,0.0,1.0,0.0,0.0,0.0,0.0,0.0,1.0,0.0,0.0,0.0,0.0,0.0,0.0,0.0,0.0,0.0,0.0,0.0,1.0,0.0
04/26/2023,66.0,161.0,1.0,17.0,0.0,0.0,5921.0,1.0,0.0,1.0,1.0,112.0,0.0,0.0,1.0,0.0,0.0,0.0,0.0,0.0,1.0,0.0,0.0,0.0,0.0,1.0,0.0,0.0,0.0,0.0,0.0,0.0,0.0,0.0,0.0,0.0,0.0,0.0,0.0,0.0,0.0,0.0,0.0,1.0,0.0
02/27/2023,40.0,111.0,1.0,16.0,0.0,0.0,5411.0,0.0,0.0,1.0,1.0,663.0,0.0,0.0,1.0,0.0,0.0,0.0,0.0,0.0,1.0,0.0,0.0,0.0,0.0,0.0,1.0,0.0,0.0,0.0,1.0,0.0,0.0,0.0,0.0,0.0,0.0,0.0,0.0,0.0,0.0,0.0,0.0,1.0,0.0
07/13/2023,27.0,191.0,1.0,16.0,0.0,0.0,5311.0,0.0,0.0,1.0,1.0,321.0,0.0,0.0,1.0,0.0,0.0,0.0,0.0,0.0,1.0,0.0,0.0,1.0,0.0,0.0,1.0,0.0,0.0,0.0,1.0,0.0,0.0,0.0,0.0,0.0,0.0,0.0,0.0,0.0,0.0,0.0,0.0,1.0,0.0
08/24/2023,32.0,11.0,1.0,16.0,0.0,0.0,5311.0,0.0,0.0,1.0,1.0,350.0,0.0,1.0,3.0,1.0,1.0,0.0,0.0,1.0,0.0,0.0,1.0,0.0,0.0,0.0,1.0,0.0,0.0,0.0,1.0,0.0,0.0,0.0,0.0,0.0,0.0,0.0,0.0,0.0,0.0,0.0,0.0,1.0,0.0
11/13/2023,19.0,280.0,1.0,16.0,0.0,0.0,5411.0,0.0,0.0,1.0,1.0,189.0,0.0,1.0,1.0,0.0,0.0,0.0,0.0,0.0,1.0,0.0,1.0,0.0,0.0,0.0,0.0,0.0,1.0,0.0,1.0,0.0,0.0,0.0,0.0,0.0,0.0,0.0,0.0,0.0,0.0,0.0,0.0,1.0,0.0
08/08/2023,31.0,15.0,1.0,17.0,0.0,0.0,5311.0,0.0,0.0,1.0,1.0,123.0,0.0,0.0,1.0,0.0,0.0,0.0,0.0,0.0,1.0,0.0,0.0,0.0,0.0,0.0,1.0,0.0,0.0,0.0,1.0,0.0,0.0,0.0,0.0,0.0,0.0,0.0,0.0,0.0,0.0,0.0,0.0,1.0,0.0
02/16/2023,42.0,128.0,1.0,17.0,0.0,0.0,7299.0,1.0,0.0,1.0,1.0,367.0,0.0,0.0,1.0,0.0,0.0,0.0,2.0,0.0,1.0,0.0,0.0,0.0,0.0,0.0,1.0,0.0,0.0,0.0,0.0,0.0,0.0,0.0,0.0,0.0,0.0,0.0,0.0,0.0,0.0,0.0,0.0,1.0,0.0
10/12/2023,41.0,150.0,1.0,16.0,0.0,0.0,5999.0,1.0,0.0,1.0,1.0,325.0,0.0,1.0,1.0,0.0,0.0,0.0,2.0,0.0,1.0,0.0,0.0,1.0,0.0,1.0,0.0,0.0,0.0,0.0,0.0,0.0,0.0,0.0,0.0,0.0,0.0,0.0,0.0,0.0,0.0,0.0,0.0,1.0,0.0
05/26/2023,44.0,25.0,1.0,17.0,0.0,0.0,7995.0,1.0,0.0,1.0,1.0,379.0,0.0,0.0,1.0,0.0,0.0,0.0,2.0,0.0,1.0,0.0,1.0,0.0,0.0,1.0,0.0,0.0,0.0,0.0,0.0,0.0,0.0,0.0,0.0,0.0,0.0,0.0,0.0,0.0,0.0,0.0,0.0,1.0,0.0
09/12/2023,27.0,203.0,1.0,16.0,0.0,0.0,5814.0,0.0,0.0,1.0,1.0,276.0,0.0,1.0,1.0,0.0,0.0,0.0,0.0,0.0,1.0,0.0,1.0,0.0,0.0,0.0,0.0,0.0,1.0,0.0,1.0,0.0,0.0,0.0,0.0,0.0,0.0,0.0,0.0,0.0,0.0,0.0,0.0,1.0,0.0
09/21/2023,52.0,40.0,1.0,16.0,0.0,0.0,7995.0,1.0,0.0,1.0,1.0,641.0,0.0,1.0,1.0,0.0,0.0,0.0,2.0,1.0,0.0,0.0,0.0,1.0,0.0,1.0,0.0,0.0,0.0,0.0,0.0,0.0,0.0,0.0,0.0,0.0,0.0,0.0,0.0,0.0,0.0,0.0,0.0,1.0,0.0
04/03/2023,31.0,73.0,1.0,16.0,0.0,0.0,5999.0,1.0,0.0,1.0,1.0,204.0,0.0,0.0,2.0,0.0,1.0,0.0,0.0,1.0,0.0,0.0,0.0,1.0,0.0,1.0,0.0,0.0,0.0,0.0,0.0,0.0,0.0,0.0,0.0,0.0,0.0,0.0,0.0,0.0,0.0,0.0,0.0,1.0,0.0
11/29/2023,22.0,234.0,1.0,17.0,0.0,0.0,4121.0,0.0,0.0,1.0,1.0,603.0,0.0,0.0,2.0,0.0,1.0,0.0,0.0,0.0,1.0,0.0,0.0,1.0,0.0,0.0,0.0,0.0,1.0,0.0,1.0,0.0,0.0,0.0,0.0,0.0,0.0,0.0,0.0,0.0,1.0,0.0,0.0,0.0,0.0
07/17/2023,59.0,20.0,1.0,17.0,0.0,0.0,5999.0,1.0,0.0,1.0,1.0,283.0,0.0,0.0,4.0,1.0,1.0,0.0,0.0,1.0,0.0,0.0,0.0,1.0,0.0,1.0,0.0,0.0,0.0,0.0,0.0,0.0,0.0,0.0,0.0,0.0,0.0,0.0,0.0,0.0,0.0,0.0,0.0,1.0,0.0
07/13/2023,55.0,143.0,1.0,17.0,0.0,0.0,5944.0,0.0,1.0,1.0,1.0,120.0,0.0,0.0,1.0,0.0,0.0,0.0,0.0,0.0,1.0,0.0,0.0,1.0,0.0,0.0,0.0,1.0,0.0,0.0,0.0,1.0,0.0,0.0,0.0,0.0,0.0,0.0,0.0,0.0,0.0,0.0,0.0,1.0,0.0
12/25/2023,56.0,211.0,1.0,17.0,0.0,0.0,5812.0,0.0,0.0,1.0,1.0,959.0,0.0,1.0,1.0,0.0,0.0,0.0,0.0,0.0,1.0,0.0,0.0,1.0,0.0,0.0,0.0,1.0,0.0,0.0,1.0,0.0,0.0,0.0,0.0,0.0,0.0,0.0,0.0,0.0,0.0,0.0,0.0,1.0,0.0
03/31/2023,55.0,120.0,1.0,16.0,0.0,0.0,5734.0,0.0,1.0,1.0,1.0,427.0,0.0,0.0,1.0,0.0,0.0,0.0,0.0,0.0,1.0,0.0,0.0,0.0,0.0,1.0,0.0,0.0,0.0,0.0,0.0,1.0,0.0,0.0,0.0,0.0,0.0,0.0,0.0,0.0,0.0,0.0,0.0,1.0,0.0
05/19/2023,62.0,122.0,1.0,17.0,0.0,0.0,7995.0,1.0,0.0,1.0,1.0,249.0,0.0,0.0,1.0,0.0,0.0,0.0,0.0,0.0,1.0,0.0,1.0,0.0,0.0,1.0,0.0,0.0,0.0,0.0,0.0,0.0,0.0,0.0,0.0,0.0,0.0,0.0,0.0,0.0,0.0,0.0,0.0,1.0,0.0
09/01/2023,63.0,135.0,1.0,16.0,0.0,0.0,7995.0,1.0,0.0,1.0,1.0,360.0,0.0,1.0,1.0,0.0,0.0,0.0,2.0,0.0,1.0,0.0,0.0,0.0,0.0,1.0,0.0,0.0,0.0,0.0,0.0,0.0,0.0,1.0,0.0,0.0,0.0,0.0,0.0,0.0,0.0,0.0,0.0,0.0,0.0
04/17/2023,32.0,20.0,1.0,16.0,0.0,0.0,7995.0,1.0,0.0,1.0,1.0,313.0,0.0,0.0,1.0,0.0,0.0,0.0,0.0,0.0,1.0,0.0,1.0,0.0,0.0,0.0,1.0,0.0,0.0,0.0,0.0,0.0,0.0,0.0,0.0,0.0,0.0,0.0,0.0,0.0,0.0,0.0,0.0,1.0,0.0
04/03/2023,56.0,116.0,1.0,18.0,0.0,0.0,4111.0,0.0,0.0,1.0,1.0,421.0,0.0,0.0,1.0,0.0,0.0,0.0,0.0,0.0,1.0,0.0,0.0,0.0,0.0,0.0,1.0,0.0,0.0,0.0,1.0,0.0,0.0,0.0,0.0,0.0,0.0,0.0,0.0,0.0,0.0,0.0,0.0,1.0,0.0
11/29/2023,72.0,171.0,1.0,17.0,0.0,0.0,5814.0,0.0,0.0,1.0,1.0,351.0,0.0,1.0,1.0,0.0,0.0,0.0,0.0,0.0,1.0,0.0,0.0,0.0,0.0,0.0,0.0,1.0,0.0,0.0,1.0,0.0,0.0,0.0,0.0,0.0,0.0,0.0,0.0,0.0,0.0,0.0,0.0,1.0,0.0
10/19/2023,37.0,46.0,1.0,16.0,0.0,0.0,4121.0,0.0,0.0,1.0,1.0,239.0,0.0,1.0,4.0,1.0,1.0,0.0,0.0,0.0,1.0,0.0,0.0,1.0,0.0,1.0,0.0,0.0,0.0,0.0,1.0,0.0,0.0,0.0,0.0,0.0,0.0,0.0,0.0,0.0,0.0,0.0,0.0,1.0,0.0
12/25/2023,28.0,114.0,1.0,17.0,0.0,0.0,4111.0,0.0,0.0,1.0,1.0,490.0,0.0,0.0,1.0,0.0,0.0,0.0,0.0,0.0,1.0,0.0,0.0,1.0,0.0,0.0,0.0,0.0,1.0,0.0,1.0,0.0,0.0,0.0,0.0,0.0,0.0,0.0,0.0,0.0,0.0,0.0,0.0,1.0,0.0
05/19/2023,28.0,17.0,1.0,17.0,0.0,0.0,4121.0,0.0,0.0,1.0,1.0,882.0,0.0,0.0,1.0,0.0,0.0,0.0,0.0,1.0,0.0,0.0,1.0,0.0,0.0,0.0,1.0,0.0,0.0,0.0,1.0,0.0,0.0,0.0,0.0,0.0,0.0,0.0,0.0,0.0,0.0,0.0,0.0,1.0,0.0
12/04/2023,22.0,129.0,1.0,18.0,0.0,0.0,4829.0,1.0,0.0,1.0,1.0,874.0,0.0,1.0,1.0,0.0,0.0,0.0,2.0,0.0,1.0,0.0,1.0,0.0,0.0,0.0,0.0,0.0,1.0,0.0,0.0,0.0,0.0,0.0,0.0,0.0,0.0,0.0,0.0,0.0,0.0,0.0,0.0,1.0,0.0
10/09/2023,28.0,40.0,1.0,16.0,0.0,0.0,7299.0,1.0,0.0,1.0,1.0,1065.0,0.0,1.0,1.0,0.0,0.0,0.0,2.0,0.0,1.0,0.0,0.0,1.0,0.0,0.0,0.0,0.0,1.0,0.0,0.0,0.0,0.0,0.0,0.0,0.0,0.0,0.0,0.0,0.0,0.0,0.0,0.0,1.0,0.0
06/12/2023,22.0,113.0,1.0,17.0,0.0,0.0,5944.0,0.0,1.0,1.0,1.0,665.0,0.0,0.0,1.0,0.0,0.0,0.0,0.0,0.0,1.0,0.0,0.0,1.0,0.0,0.0,0.0,0.0,1.0,0.0,0.0,1.0,0.0,0.0,0.0,0.0,0.0,0.0,0.0,0.0,0.0,0.0,0.0,1.0,0.0
02/15/2023,37.0,245.0,1.0,16.0,0.0,0.0,6011.0,1.0,0.0,1.0,1.0,324.0,0.0,0.0,1.0,0.0,0.0,0.0,0.0,0.0,1.0,0.0,0.0,0.0,0.0,0.0,1.0,0.0,0.0,0.0,0.0,0.0,0.0,0.0,0.0,0.0,0.0,0.0,0.0,0.0,0.0,0.0,0.0,1.0,0.0
11/06/2023,24.0,147.0,1.0,17.0,0.0,0.0,4111.0,0.0,0.0,1.0,1.0,438.0,0.0,1.0,1.0,0.0,0.0,0.0,0.0,0.0,1.0,0.0,0.0,1.0,0.0,0.0,0.0,0.0,1.0,0.0,1.0,0.0,0.0,0.0,0.0,0.0,0.0,0.0,0.0,0.0,0.0,0.0,0.0,1.0,0.0
02/13/2023,30.0,43.0,1.0,18.0,0.0,0.0,5311.0,0.0,0.0,1.0,1.0,385.0,0.0,0.0,1.0,0.0,0.0,0.0,0.0,0.0,1.0,0.0,0.0,1.0,0.0,0.0,1.0,0.0,0.0,0.0,1.0,0.0,0.0,0.0,0.0,0.0,0.0,0.0,0.0,0.0,0.0,0.0,0.0,1.0,0.0
05/15/2023,24.0,44.0,1.0,16.0,0.0,0.0,5944.0,0.0,1.0,1.0,1.0,190.0,0.0,1.0,1.0,0.0,0.0,0.0,0.0,1.0,0.0,0.0,1.0,0.0,0.0,0.0,0.0,0.0,1.0,0.0,0.0,1.0,0.0,0.0,0.0,0.0,0.0,0.0,0.0,0.0,0.0,0.0,0.0,1.0,0.0
11/24/2023,38.0,152.0,1.0,17.0,0.0,0.0,5411.0,0.0,0.0,1.0,1.0,114.0,0.0,0.0,1.0,0.0,0.0,0.0,0.0,0.0,1.0,0.0,1.0,0.0,0.0,0.0,1.0,0.0,0.0,0.0,1.0,0.0,0.0,0.0,0.0,0.0,0.0,0.0,0.0,0.0,0.0,0.0,0.0,1.0,0.0
04/18/2023,33.0,15.0,1.0,18.0,0.0,0.0,7995.0,1.0,0.0,1.0,1.0,466.0,0.0,1.0,1.0,0.0,0.0,0.0,2.0,0.0,1.0,0.0,0.0,1.0,0.0,0.0,1.0,0.0,0.0,0.0,0.0,0.0,0.0,0.0,0.0,0.0,0.0,0.0,0.0,0.0,0.0,0.0,0.0,1.0,0.0
04/25/2023,26.0,269.0,1.0,16.0,0.0,0.0,5734.0,0.0,1.0,1.0,1.0,401.0,0.0,0.0,1.0,0.0,0.0,0.0,0.0,0.0,1.0,0.0,0.0,1.0,0.0,0.0,0.0,0.0,1.0,0.0,0.0,1.0,0.0,0.0,0.0,0.0,0.0,0.0,0.0,0.0,0.0,0.0,0.0,1.0,0.0
03/10/2023,69.0,124.0,2.0,16.0,0.0,0.0,5311.0,0.0,0.0,1.0,1.0,285.0,0.0,0.0,1.0,0.0,0.0,1.0,0.0,1.0,0.0,0.0,0.0,1.0,0.0,1.0,0.0,0.0,0.0,0.0,1.0,0.0,0.0,0.0,0.0,0.0,0.0,0.0,0.0,1.0,0.0,0.0,0.0,0.0,0.0
01/16/2023,57.0,61.0,1.0,16.0,0.0,0.0,7995.0,1.0,0.0,1.0,1.0,563.0,0.0,0.0,2.0,0.0,1.0,0.0,1.0,0.0,1.0,0.0,0.0,1.0,0.0,0.0,0.0,1.0,0.0,0.0,0.0,0.0,0.0,0.0,0.0,0.0,0.0,0.0,0.0,0.0,0.0,0.0,0.0,1.0,0.0
10/02/2023,28.0,115.0,1.0,18.0,0.0,0.0,5999.0,1.0,0.0,1.0,1.0,306.0,0.0,0.0,1.0,0.0,0.0,0.0,0.0,0.0,1.0,0.0,1.0,0.0,0.0,0.0,0.0,0.0,1.0,0.0,0.0,0.0,0.0,0.0,0.0,0.0,0.0,0.0,0.0,0.0,0.0,0.0,0.0,1.0,0.0
01/02/2023,23.0,41.0,1.0,16.0,0.0,0.0,7995.0,1.0,0.0,1.0,1.0,770.0,0.0,0.0,1.0,0.0,0.0,0.0,0.0,0.0,1.0,0.0,0.0,0.0,0.0,0.0,0.0,0.0,1.0,0.0,0.0,0.0,0.0,1.0,0.0,0.0,0.0,0.0,0.0,0.0,0.0,0.0,0.0,0.0,0.0
04/26/2023,57.0,42.0,1.0,18.0,0.0,0.0,5734.0,0.0,1.0,1.0,1.0,168.0,0.0,0.0,1.0,0.0,0.0,0.0,0.0,0.0,1.0,0.0,0.0,0.0,0.0,0.0,0.0,1.0,0.0,0.0,0.0,1.0,0.0,0.0,0.0,0.0,0.0,0.0,0.0,0.0,0.0,0.0,0.0,1.0,0.0
09/08/2023,37.0,50.0,1.0,16.0,0.0,0.0,5814.0,0.0,0.0,1.0,1.0,108.0,0.0,1.0,1.0,0.0,0.0,0.0,0.0,0.0,1.0,0.0,0.0,1.0,0.0,0.0,1.0,0.0,0.0,0.0,1.0,0.0,0.0,0.0,0.0,0.0,0.0,0.0,0.0,0.0,0.0,0.0,0.0,1.0,0.0
05/31/2023,70.0,131.0,1.0,17.0,0.0,0.0,4829.0,1.0,0.0,1.0,1.0,269.0,0.0,0.0,1.0,0.0,0.0,0.0,0.0,0.0,1.0,0.0,1.0,0.0,0.0,0.0,0.0,1.0,0.0,0.0,0.0,0.0,0.0,0.0,0.0,0.0,0.0,0.0,1.0,0.0,0.0,0.0,0.0,0.0,0.0
01/27/2023,25.0,24.0,1.0,17.0,0.0,0.0,5734.0,0.0,1.0,1.0,1.0,222.0,0.0,0.0,1.0,0.0,0.0,0.0,0.0,1.0,0.0,0.0,0.0,1.0,0.0,0.0,0.0,0.0,1.0,0.0,0.0,1.0,0.0,0.0,0.0,0.0,0.0,0.0,0.0,0.0,0.0,0.0,0.0,1.0,0.0
11/10/2023,37.0,63.0,1.0,16.0,0.0,0.0,5411.0,0.0,0.0,1.0,1.0,306.0,0.0,0.0,1.0,0.0,0.0,0.0,0.0,0.0,1.0,0.0,0.0,0.0,0.0,1.0,0.0,0.0,0.0,0.0,1.0,0.0,0.0,0.0,0.0,0.0,0.0,0.0,0.0,0.0,0.0,0.0,0.0,1.0,0.0
04/24/2023,32.0,165.0,1.0,16.0,0.0,0.0,7299.0,1.0,0.0,1.0,1.0,533.0,0.0,0.0,1.0,0.0,0.0,1.0,2.0,0.0,1.0,0.0,0.0,1.0,0.0,1.0,0.0,0.0,0.0,0.0,0.0,0.0,0.0,1.0,0.0,0.0,0.0,0.0,0.0,0.0,0.0,0.0,0.0,0.0,0.0
07/07/2023,26.0,62.0,1.0,16.0,0.0,0.0,5921.0,1.0,0.0,1.0,1.0,301.0,0.0,0.0,1.0,0.0,0.0,0.0,0.0,0.0,1.0,0.0,0.0,1.0,0.0,0.0,1.0,0.0,0.0,0.0,0.0,0.0,0.0,0.0,0.0,0.0,0.0,0.0,0.0,0.0,0.0,0.0,0.0,1.0,0.0
03/08/2023,26.0,227.0,1.0,16.0,0.0,0.0,5734.0,0.0,1.0,1.0,1.0,128.0,0.0,0.0,1.0,0.0,0.0,0.0,0.0,0.0,1.0,0.0,0.0,0.0,0.0,0.0,0.0,0.0,1.0,0.0,0.0,1.0,0.0,0.0,0.0,0.0,0.0,0.0,0.0,0.0,0.0,0.0,0.0,1.0,0.0
11/27/2023,53.0,84.0,1.0,17.0,0.0,0.0,5814.0,0.0,0.0,1.0,1.0,602.0,0.0,1.0,1.0,0.0,0.0,0.0,0.0,0.0,1.0,0.0,0.0,0.0,0.0,0.0,0.0,1.0,0.0,0.0,1.0,0.0,0.0,0.0,0.0,0.0,0.0,0.0,0.0,0.0,0.0,0.0,0.0,1.0,0.0
09/18/2023,77.0,35.0,1.0,16.0,0.0,0.0,5732.0,0.0,1.0,0.0,1.0,265.0,0.0,1.0,1.0,0.0,0.0,0.0,0.0,1.0,0.0,0.0,0.0,0.0,0.0,0.0,0.0,1.0,0.0,0.0,0.0,1.0,0.0,0.0,0.0,0.0,0.0,0.0,0.0,0.0,0.0,0.0,0.0,1.0,0.0
03/15/2023,52.0,94.0,5.0,18.0,0.0,0.0,4121.0,0.0,0.0,1.0,1.0,606.0,0.0,0.0,1.0,0.0,0.0,0.0,0.0,0.0,1.0,0.0,0.0,0.0,0.0,1.0,0.0,0.0,0.0,0.0,1.0,0.0,0.0,0.0,0.0,0.0,0.0,0.0,0.0,0.0,0.0,0.0,0.0,1.0,0.0
11/16/2023,25.0,63.0,1.0,17.0,0.0,0.0,5921.0,1.0,0.0,1.0,1.0,777.0,0.0,1.0,1.0,0.0,0.0,0.0,2.0,1.0,0.0,0.0,0.0,1.0,0.0,0.0,0.0,0.0,1.0,0.0,0.0,0.0,0.0,0.0,0.0,0.0,0.0,0.0,0.0,0.0,0.0,0.0,0.0,1.0,0.0
02/17/2023,23.0,139.0,1.0,16.0,0.0,0.0,4829.0,1.0,0.0,1.0,1.0,241.0,0.0,0.0,1.0,0.0,0.0,0.0,0.0,0.0,1.0,0.0,0.0,1.0,0.0,0.0,0.0,0.0,1.0,0.0,0.0,0.0,0.0,0.0,0.0,0.0,0.0,0.0,0.0,0.0,0.0,0.0,0.0,1.0,0.0
07/12/2023,31.0,169.0,1.0,16.0,0.0,0.0,5812.0,0.0,0.0,1.0,0.0,254.0,0.0,1.0,1.0,0.0,0.0,0.0,0.0,0.0,1.0,0.0,1.0,0.0,0.0,0.0,1.0,0.0,0.0,0.0,1.0,0.0,0.0,0.0,0.0,0.0,0.0,0.0,0.0,0.0,0.0,0.0,0.0,1.0,0.0
07/31/2023,29.0,76.0,1.0,18.0,0.0,0.0,4111.0,0.0,0.0,1.0,1.0,673.0,0.0,0.0,1.0,0.0,0.0,0.0,0.0,0.0,1.0,0.0,1.0,0.0,0.0,1.0,0.0,0.0,0.0,0.0,1.0,0.0,0.0,0.0,0.0,0.0,0.0,0.0,0.0,0.0,0.0,0.0,0.0,1.0,0.0
12/07/2023,47.0,197.0,1.0,16.0,0.0,0.0,7299.0,1.0,0.0,1.0,1.0,171.0,0.0,1.0,1.0,0.0,0.0,0.0,2.0,0.0,1.0,0.0,0.0,0.0,0.0,0.0,1.0,0.0,0.0,0.0,0.0,0.0,0.0,0.0,0.0,0.0,0.0,0.0,0.0,0.0,0.0,0.0,0.0,1.0,0.0
04/28/2023,59.0,72.0,1.0,16.0,0.0,0.0,7299.0,1.0,0.0,1.0,1.0,405.0,0.0,0.0,1.0,0.0,0.0,0.0,0.0,1.0,0.0,0.0,0.0,1.0,0.0,0.0,0.0,1.0,0.0,0.0,0.0,0.0,0.0,0.0,0.0,0.0,0.0,0.0,0.0,0.0,0.0,0.0,0.0,1.0,0.0
11/15/2023,37.0,58.0,1.0,16.0,0.0,0.0,5311.0,0.0,0.0,1.0,1.0,1056.0,0.0,0.0,3.0,1.0,1.0,0.0,0.0,0.0,1.0,0.0,0.0,1.0,0.0,0.0,1.0,0.0,0.0,0.0,1.0,0.0,0.0,0.0,0.0,0.0,0.0,0.0,0.0,0.0,0.0,0.0,0.0,1.0,0.0
04/13/2023,80.0,60.0,1.0,17.0,0.0,0.0,5732.0,0.0,1.0,1.0,1.0,350.0,0.0,0.0,1.0,0.0,0.0,0.0,0.0,0.0,1.0,0.0,0.0,1.0,0.0,0.0,0.0,1.0,0.0,0.0,0.0,1.0,0.0,0.0,1.0,0.0,0.0,0.0,0.0,0.0,0.0,0.0,0.0,0.0,0.0
03/06/2023,26.0,67.0,1.0,17.0,0.0,0.0,5999.0,1.0,0.0,1.0,1.0,477.0,0.0,0.0,1.0,0.0,0.0,0.0,0.0,1.0,0.0,0.0,0.0,1.0,0.0,0.0,0.0,0.0,1.0,0.0,0.0,0.0,0.0,0.0,0.0,0.0,0.0,0.0,0.0,0.0,0.0,0.0,0.0,1.0,0.0
09/26/2023,28.0,193.0,1.0,16.0,0.0,0.0,5732.0,0.0,1.0,1.0,1.0,628.0,0.0,1.0,1.0,0.0,0.0,0.0,0.0,1.0,0.0,0.0,1.0,0.0,0.0,0.0,1.0,0.0,0.0,0.0,0.0,1.0,0.0,0.0,0.0,0.0,0.0,0.0,0.0,0.0,0.0,0.0,0.0,1.0,0.0
10/09/2023,53.0,52.0,1.0,17.0,0.0,0.0,7299.0,1.0,0.0,1.0,1.0,38.0,1.0,1.0,2.0,0.0,1.0,1.0,2.0,0.0,1.0,0.0,1.0,0.0,0.0,1.0,0.0,0.0,0.0,0.0,0.0,0.0,0.0,0.0,0.0,0.0,0.0,0.0,0.0,0.0,0.0,0.0,1.0,0.0,0.0
04/17/2023,64.0,167.0,1.0,17.0,0.0,0.0,5944.0,0.0,1.0,1.0,1.0,131.0,0.0,0.0,2.0,0.0,1.0,0.0,0.0,0.0,1.0,0.0,0.0,0.0,0.0,0.0,0.0,1.0,0.0,0.0,0.0,1.0,0.0,0.0,0.0,0.0,0.0,0.0,0.0,0.0,0.0,0.0,0.0,1.0,0.0
05/19/2023,58.0,236.0,1.0,18.0,0.0,0.0,5732.0,0.0,1.0,1.0,1.0,317.0,0.0,0.0,1.0,0.0,0.0,0.0,0.0,0.0,1.0,0.0,1.0,0.0,0.0,0.0,1.0,0.0,0.0,0.0,0.0,1.0,0.0,0.0,0.0,0.0,0.0,0.0,0.0,0.0,0.0,0.0,0.0,1.0,0.0
05/02/2023,60.0,86.0,1.0,16.0,0.0,0.0,4111.0,0.0,0.0,1.0,1.0,239.0,0.0,0.0,1.0,0.0,0.0,0.0,0.0,1.0,0.0,0.0,1.0,0.0,0.0,1.0,0.0,0.0,0.0,0.0,1.0,0.0,0.0,0.0,0.0,0.0,0.0,0.0,0.0,0.0,0.0,0.0,0.0,1.0,0.0
03/13/2023,25.0,34.0,1.0,16.0,0.0,0.0,6011.0,1.0,0.0,1.0,1.0,946.0,0.0,0.0,1.0,0.0,0.0,0.0,0.0,0.0,1.0,0.0,0.0,0.0,0.0,0.0,0.0,0.0,1.0,0.0,0.0,0.0,0.0,0.0,0.0,0.0,0.0,0.0,0.0,0.0,0.0,0.0,0.0,1.0,0.0
03/20/2023,49.0,240.0,1.0,16.0,0.0,0.0,5734.0,0.0,1.0,1.0,1.0,542.0,0.0,0.0,4.0,1.0,1.0,0.0,1.0,0.0,1.0,0.0,0.0,0.0,0.0,0.0,1.0,0.0,0.0,0.0,0.0,1.0,0.0,0.0,0.0,0.0,0.0,0.0,0.0,0.0,0.0,0.0,0.0,1.0,0.0
04/27/2023,70.0,170.0,1.0,17.0,0.0,0.0,7995.0,1.0,0.0,1.0,1.0,521.0,0.0,0.0,1.0,0.0,0.0,0.0,0.0,0.0,1.0,0.0,1.0,0.0,0.0,1.0,0.0,0.0,0.0,0.0,0.0,0.0,0.0,0.0,1.0,0.0,0.0,0.0,0.0,0.0,0.0,0.0,0.0,0.0,0.0
06/16/2023,64.0,122.0,1.0,18.0,0.0,0.0,5311.0,0.0,0.0,1.0,1.0,1858.0,0.0,0.0,2.0,0.0,1.0,0.0,0.0,0.0,1.0,0.0,1.0,0.0,0.0,0.0,0.0,1.0,0.0,0.0,1.0,0.0,0.0,0.0,0.0,0.0,0.0,0.0,0.0,0.0,0.0,0.0,0.0,1.0,0.0
01/05/2023,67.0,116.0,1.0,16.0,0.0,0.0,5944.0,0.0,1.0,1.0,1.0,175.0,0.0,0.0,1.0,0.0,0.0,0.0,0.0,0.0,1.0,0.0,0.0,0.0,0.0,1.0,0.0,0.0,0.0,0.0,0.0,1.0,0.0,1.0,0.0,0.0,0.0,0.0,0.0,0.0,0.0,0.0,0.0,0.0,0.0
11/20/2023,31.0,23.0,1.0,18.0,0.0,0.0,5411.0,0.0,0.0,1.0,1.0,419.0,0.0,1.0,1.0,0.0,0.0,0.0,0.0,0.0,1.0,0.0,1.0,0.0,0.0,1.0,0.0,0.0,0.0,0.0,1.0,0.0,0.0,0.0,0.0,0.0,0.0,0.0,0.0,0.0,0.0,0.0,0.0,1.0,0.0
03/13/2023,50.0,199.0,1.0,16.0,0.0,0.0,4111.0,0.0,0.0,1.0,1.0,131.0,0.0,0.0,3.0,1.0,1.0,0.0,0.0,0.0,1.0,0.0,0.0,1.0,0.0,0.0,1.0,0.0,0.0,0.0,1.0,0.0,0.0,0.0,0.0,0.0,0.0,0.0,0.0,0.0,0.0,0.0,0.0,1.0,0.0
09/08/2023,60.0,119.0,1.0,18.0,0.0,0.0,4121.0,0.0,0.0,1.0,1.0,212.0,0.0,0.0,3.0,1.0,1.0,0.0,0.0,0.0,1.0,0.0,0.0,1.0,0.0,1.0,0.0,0.0,0.0,0.0,1.0,0.0,0.0,0.0,0.0,0.0,0.0,0.0,0.0,0.0,0.0,0.0,0.0,1.0,0.0
12/21/2023,60.0,103.0,5.0,16.0,0.0,0.0,5311.0,0.0,0.0,1.0,1.0,114.0,0.0,1.0,1.0,0.0,0.0,0.0,2.0,1.0,0.0,0.0,1.0,0.0,0.0,0.0,0.0,1.0,0.0,0.0,1.0,0.0,0.0,0.0,0.0,0.0,0.0,0.0,0.0,0.0,0.0,0.0,0.0,1.0,0.0
03/15/2023,36.0,12.0,1.0,17.0,0.0,0.0,6011.0,1.0,0.0,1.0,1.0,1480.0,0.0,0.0,1.0,0.0,0.0,1.0,2.0,1.0,0.0,0.0,0.0,1.0,0.0,1.0,0.0,0.0,0.0,0.0,0.0,0.0,0.0,0.0,0.0,0.0,0.0,0.0,0.0,0.0,0.0,0.0,0.0,1.0,0.0
03/10/2023,21.0,21.0,1.0,17.0,0.0,0.0,6011.0,1.0,0.0,1.0,1.0,469.0,0.0,0.0,1.0,0.0,0.0,0.0,0.0,0.0,1.0,0.0,1.0,0.0,0.0,0.0,0.0,0.0,1.0,0.0,0.0,0.0,0.0,0.0,0.0,0.0,0.0,0.0,0.0,0.0,0.0,0.0,0.0,1.0,0.0
06/12/2023,73.0,37.0,1.0,16.0,0.0,0.0,7995.0,1.0,0.0,1.0,1.0,234.0,0.0,0.0,2.0,0.0,1.0,0.0,3.0,1.0,0.0,0.0,0.0,1.0,0.0,0.0,0.0,1.0,0.0,0.0,0.0,0.0,0.0,0.0,0.0,0.0,0.0,0.0,0.0,0.0,0.0,0.0,0.0,1.0,0.0
12/01/2023,58.0,46.0,1.0,17.0,0.0,0.0,5311.0,0.0,0.0,1.0,1.0,148.0,0.0,0.0,1.0,0.0,0.0,1.0,0.0,1.0,0.0,0.0,1.0,0.0,0.0,0.0,1.0,0.0,0.0,0.0,1.0,0.0,0.0,0.0,0.0,0.0,0.0,0.0,0.0,0.0,0.0,0.0,0.0,1.0,0.0
01/05/2023,21.0,148.0,5.0,16.0,0.0,0.0,4111.0,0.0,0.0,1.0,1.0,698.0,0.0,0.0,1.0,0.0,0.0,0.0,0.0,0.0,1.0,0.0,0.0,0.0,0.0,0.0,0.0,0.0,1.0,0.0,1.0,0.0,0.0,0.0,0.0,0.0,0.0,0.0,0.0,0.0,0.0,0.0,0.0,1.0,0.0
07/21/2023,69.0,44.0,1.0,17.0,0.0,0.0,7995.0,1.0,0.0,1.0,1.0,100.0,0.0,0.0,1.0,0.0,0.0,0.0,0.0,0.0,1.0,0.0,0.0,1.0,0.0,0.0,0.0,1.0,0.0,0.0,0.0,0.0,0.0,0.0,0.0,0.0,0.0,0.0,0.0,0.0,0.0,0.0,0.0,1.0,0.0
10/18/2023,62.0,91.0,1.0,16.0,0.0,0.0,6011.0,1.0,0.0,1.0,1.0,320.0,0.0,1.0,1.0,0.0,0.0,0.0,2.0,0.0,1.0,0.0,0.0,0.0,0.0,1.0,0.0,0.0,0.0,0.0,0.0,0.0,0.0,0.0,0.0,0.0,0.0,0.0,0.0,0.0,0.0,0.0,0.0,1.0,0.0
06/02/2023,20.0,91.0,1.0,16.0,0.0,0.0,5999.0,1.0,0.0,1.0,1.0,317.0,0.0,0.0,1.0,0.0,0.0,0.0,2.0,0.0,1.0,0.0,1.0,0.0,0.0,0.0,0.0,0.0,1.0,0.0,0.0,0.0,0.0,0.0,0.0,0.0,0.0,0.0,0.0,0.0,0.0,0.0,0.0,1.0,0.0
11/03/2023,41.0,100.0,1.0,16.0,0.0,0.0,5812.0,0.0,0.0,1.0,1.0,677.0,0.0,0.0,4.0,1.0,1.0,0.0,0.0,1.0,0.0,0.0,0.0,1.0,0.0,0.0,1.0,0.0,0.0,0.0,1.0,0.0,0.0,0.0,0.0,0.0,0.0,0.0,0.0,0.0,0.0,0.0,0.0,1.0,0.0
09/18/2023,34.0,261.0,1.0,16.0,0.0,0.0,7299.0,1.0,0.0,1.0,1.0,565.0,0.0,1.0,5.0,1.0,1.0,0.0,2.0,1.0,0.0,0.0,0.0,1.0,0.0,0.0,1.0,0.0,0.0,0.0,0.0,0.0,0.0,0.0,0.0,0.0,0.0,0.0,0.0,0.0,0.0,0.0,0.0,1.0,0.0
01/24/2023,25.0,177.0,1.0,18.0,0.0,0.0,4111.0,0.0,0.0,1.0,1.0,625.0,0.0,0.0,2.0,0.0,1.0,0.0,0.0,0.0,1.0,0.0,0.0,1.0,0.0,0.0,0.0,0.0,1.0,0.0,1.0,0.0,0.0,0.0,0.0,0.0,0.0,0.0,0.0,0.0,0.0,0.0,0.0,1.0,0.0
01/01/2024,60.0,133.0,1.0,16.0,0.0,0.0,5944.0,0.0,1.0,1.0,1.0,434.0,0.0,0.0,5.0,1.0,1.0,0.0,0.0,0.0,1.0,0.0,0.0,1.0,0.0,0.0,1.0,0.0,0.0,0.0,0.0,1.0,0.0,0.0,0.0,0.0,0.0,0.0,0.0,0.0,0.0,0.0,0.0,1.0,0.0
01/02/2023,32.0,235.0,1.0,16.0,0.0,0.0,4121.0,0.0,0.0,1.0,1.0,114.0,0.0,0.0,1.0,0.0,0.0,0.0,0.0,0.0,1.0,0.0,0.0,0.0,0.0,0.0,1.0,0.0,0.0,0.0,1.0,0.0,0.0,0.0,0.0,0.0,0.0,0.0,0.0,0.0,0.0,0.0,0.0,1.0,0.0
05/15/2023,27.0,84.0,1.0,16.0,0.0,0.0,7299.0,1.0,0.0,1.0,1.0,199.0,0.0,0.0,1.0,0.0,0.0,0.0,0.0,1.0,0.0,0.0,1.0,0.0,0.0,0.0,0.0,0.0,1.0,0.0,0.0,0.0,0.0,0.0,0.0,0.0,0.0,0.0,0.0,0.0,0.0,0.0,0.0,1.0,0.0
07/27/2023,50.0,174.0,1.0,16.0,0.0,0.0,4829.0,1.0,0.0,1.0,1.0,341.0,0.0,0.0,1.0,0.0,0.0,0.0,0.0,0.0,1.0,0.0,0.0,0.0,0.0,0.0,1.0,0.0,0.0,0.0,0.0,0.0,0.0,0.0,0.0,0.0,0.0,0.0,0.0,0.0,0.0,0.0,0.0,1.0,0.0
07/18/2023,44.0,220.0,1.0,16.0,0.0,0.0,5999.0,1.0,0.0,1.0,1.0,317.0,0.0,0.0,1.0,0.0,0.0,1.0,2.0,0.0,1.0,0.0,0.0,0.0,0.0,0.0,1.0,0.0,0.0,0.0,0.0,0.0,0.0,0.0,0.0,0.0,0.0,0.0,0.0,0.0,0.0,0.0,1.0,0.0,0.0
11/02/2023,28.0,54.0,1.0,16.0,0.0,0.0,5814.0,0.0,0.0,1.0,1.0,353.0,0.0,1.0,3.0,1.0,1.0,0.0,0.0,0.0,1.0,0.0,0.0,0.0,0.0,0.0,0.0,0.0,1.0,0.0,1.0,0.0,0.0,0.0,0.0,0.0,0.0,0.0,0.0,0.0,0.0,0.0,0.0,1.0,0.0
11/03/2023,63.0,76.0,1.0,16.0,0.0,0.0,5921.0,1.0,0.0,1.0,1.0,170.0,0.0,1.0,5.0,1.0,1.0,0.0,2.0,0.0,1.0,0.0,0.0,1.0,0.0,0.0,0.0,1.0,0.0,0.0,0.0,0.0,0.0,0.0,0.0,0.0,0.0,0.0,0.0,0.0,0.0,0.0,0.0,1.0,0.0
02/06/2023,72.0,18.0,1.0,16.0,0.0,0.0,5411.0,0.0,0.0,1.0,1.0,306.0,0.0,0.0,1.0,0.0,0.0,0.0,0.0,0.0,1.0,0.0,1.0,0.0,0.0,0.0,0.0,1.0,0.0,0.0,1.0,0.0,0.0,0.0,0.0,0.0,0.0,0.0,0.0,0.0,0.0,0.0,0.0,1.0,0.0
02/01/2023,67.0,73.0,1.0,17.0,0.0,0.0,5812.0,0.0,0.0,1.0,1.0,880.0,0.0,0.0,1.0,0.0,0.0,0.0,0.0,0.0,1.0,0.0,0.0,1.0,0.0,0.0,0.0,1.0,0.0,0.0,1.0,0.0,0.0,0.0,0.0,0.0,0.0,0.0,0.0,0.0,0.0,0.0,0.0,1.0,0.0
01/01/2024,38.0,269.0,1.0,16.0,0.0,0.0,5734.0,0.0,1.0,1.0,1.0,187.0,0.0,0.0,1.0,0.0,0.0,0.0,0.0,1.0,0.0,0.0,0.0,0.0,0.0,0.0,1.0,0.0,0.0,0.0,0.0,1.0,0.0,0.0,0.0,0.0,0.0,0.0,0.0,0.0,0.0,0.0,0.0,1.0,0.0
10/04/2023,37.0,100.0,1.0,17.0,0.0,0.0,4111.0,0.0,0.0,1.0,1.0,280.0,0.0,0.0,1.0,0.0,0.0,0.0,0.0,0.0,1.0,0.0,0.0,1.0,0.0,0.0,1.0,0.0,0.0,0.0,1.0,0.0,0.0,0.0,0.0,0.0,0.0,0.0,0.0,0.0,0.0,1.0,0.0,0.0,0.0
08/14/2023,50.0,92.0,1.0,18.0,0.0,0.0,5734.0,0.0,1.0,1.0,1.0,364.0,0.0,0.0,1.0,0.0,0.0,0.0,0.0,1.0,0.0,0.0,0.0,1.0,0.0,0.0,1.0,0.0,0.0,0.0,0.0,1.0,0.0,0.0,0.0,0.0,0.0,0.0,0.0,0.0,0.0,0.0,0.0,1.0,0.0
04/19/2023,58.0,82.0,1.0,16.0,0.0,0.0,5734.0,0.0,1.0,1.0,1.0,47.0,1.0,1.0,1.0,0.0,0.0,0.0,0.0,0.0,1.0,0.0,0.0,0.0,0.0,1.0,0.0,0.0,0.0,0.0,0.0,1.0,0.0,0.0,0.0,0.0,0.0,0.0,0.0,0.0,0.0,0.0,0.0,1.0,0.0
08/14/2023,63.0,47.0,1.0,16.0,0.0,0.0,7995.0,1.0,0.0,1.0,1.0,461.0,0.0,0.0,1.0,0.0,0.0,0.0,0.0,0.0,1.0,0.0,0.0,0.0,0.0,0.0,0.0,1.0,0.0,0.0,0.0,0.0,0.0,0.0,0.0,0.0,0.0,0.0,0.0,0.0,0.0,0.0,0.0,1.0,0.0
05/30/2023,33.0,55.0,1.0,16.0,0.0,0.0,7299.0,1.0,0.0,1.0,1.0,614.0,0.0,0.0,1.0,0.0,0.0,0.0,0.0,1.0,0.0,0.0,0.0,1.0,0.0,0.0,1.0,0.0,0.0,0.0,0.0,0.0,0.0,0.0,0.0,0.0,0.0,0.0,0.0,0.0,0.0,0.0,0.0,1.0,0.0
12/25/2023,61.0,162.0,1.0,16.0,0.0,0.0,4111.0,0.0,0.0,1.0,1.0,202.0,0.0,0.0,1.0,0.0,0.0,0.0,0.0,0.0,1.0,0.0,0.0,0.0,0.0,1.0,0.0,0.0,0.0,0.0,1.0,0.0,0.0,0.0,0.0,0.0,0.0,0.0,0.0,0.0,0.0,0.0,0.0,1.0,0.0
05/26/2023,54.0,44.0,1.0,18.0,0.0,0.0,4121.0,0.0,0.0,1.0,1.0,572.0,0.0,0.0,1.0,0.0,0.0,0.0,0.0,1.0,0.0,0.0,1.0,0.0,0.0,0.0,1.0,0.0,0.0,0.0,1.0,0.0,0.0,0.0,0.0,0.0,0.0,1.0,0.0,0.0,0.0,0.0,0.0,0.0,0.0
12/28/2023,19.0,174.0,1.0,16.0,0.0,0.0,5311.0,0.0,0.0,1.0,1.0,355.0,0.0,0.0,2.0,0.0,1.0,0.0,0.0,0.0,1.0,0.0,0.0,1.0,0.0,0.0,0.0,0.0,1.0,0.0,1.0,0.0,0.0,0.0,0.0,0.0,0.0,0.0,0.0,0.0,0.0,0.0,0.0,1.0,0.0
04/24/2023,19.0,64.0,1.0,16.0,0.0,0.0,5732.0,0.0,1.0,1.0,1.0,565.0,0.0,0.0,2.0,0.0,1.0,0.0,0.0,1.0,0.0,0.0,1.0,0.0,0.0,0.0,0.0,0.0,1.0,0.0,0.0,1.0,0.0,0.0,0.0,0.0,0.0,0.0,0.0,0.0,0.0,0.0,0.0,1.0,0.0
03/02/2023,31.0,47.0,1.0,16.0,0.0,0.0,5311.0,0.0,0.0,1.0,1.0,119.0,0.0,0.0,4.0,1.0,1.0,0.0,0.0,1.0,0.0,0.0,1.0,0.0,0.0,0.0,1.0,0.0,0.0,0.0,1.0,0.0,0.0,1.0,0.0,0.0,0.0,0.0,0.0,0.0,0.0,0.0,0.0,0.0,0.0
05/05/2023,37.0,96.0,1.0,16.0,0.0,0.0,5999.0,1.0,0.0,1.0,1.0,667.0,0.0,0.0,1.0,0.0,0.0,0.0,0.0,1.0,0.0,0.0,1.0,0.0,0.0,1.0,0.0,0.0,0.0,0.0,0.0,0.0,0.0,0.0,0.0,0.0,0.0,0.0,0.0,0.0,0.0,0.0,0.0,1.0,0.0
11/28/2023,46.0,78.0,1.0,16.0,0.0,0.0,7995.0,1.0,0.0,1.0,1.0,203.0,0.0,1.0,1.0,0.0,0.0,0.0,2.0,1.0,0.0,0.0,1.0,0.0,0.0,1.0,0.0,0.0,0.0,0.0,0.0,0.0,0.0,0.0,0.0,0.0,0.0,0.0,0.0,0.0,0.0,0.0,0.0,1.0,0.0
10/31/2023,57.0,48.0,1.0,17.0,0.0,0.0,5944.0,0.0,1.0,1.0,1.0,267.0,0.0,0.0,2.0,0.0,1.0,0.0,0.0,0.0,1.0,0.0,0.0,1.0,0.0,1.0,0.0,0.0,0.0,0.0,0.0,1.0,0.0,0.0,0.0,0.0,0.0,0.0,0.0,0.0,0.0,0.0,0.0,1.0,0.0
10/23/2023,30.0,60.0,1.0,16.0,0.0,0.0,5311.0,0.0,0.0,1.0,1.0,405.0,0.0,1.0,1.0,0.0,0.0,0.0,0.0,1.0,0.0,0.0,1.0,0.0,0.0,0.0,1.0,0.0,0.0,0.0,1.0,0.0,0.0,0.0,0.0,0.0,0.0,1.0,0.0,0.0,0.0,0.0,0.0,0.0,0.0
07/21/2023,47.0,107.0,1.0,16.0,0.0,0.0,5814.0,0.0,0.0,1.0,1.0,275.0,0.0,0.0,1.0,0.0,0.0,0.0,0.0,0.0,1.0,0.0,0.0,1.0,0.0,1.0,0.0,0.0,0.0,0.0,1.0,0.0,0.0,0.0,0.0,0.0,0.0,0.0,0.0,0.0,0.0,0.0,0.0,1.0,0.0
10/20/2023,26.0,280.0,1.0,16.0,0.0,0.0,5814.0,0.0,0.0,1.0,1.0,201.0,0.0,1.0,1.0,0.0,0.0,0.0,0.0,1.0,0.0,0.0,0.0,1.0,0.0,0.0,0.0,0.0,1.0,0.0,1.0,0.0,0.0,0.0,0.0,0.0,0.0,0.0,0.0,0.0,0.0,0.0,0.0,1.0,0.0
07/31/2023,40.0,145.0,1.0,16.0,0.0,0.0,5732.0,0.0,1.0,1.0,1.0,92.0,0.0,0.0,1.0,0.0,0.0,0.0,0.0,0.0,1.0,0.0,0.0,0.0,0.0,1.0,0.0,0.0,0.0,0.0,0.0,1.0,0.0,0.0,0.0,0.0,0.0,0.0,0.0,0.0,0.0,0.0,0.0,1.0,0.0
10/16/2023,31.0,164.0,1.0,16.0,0.0,0.0,5734.0,0.0,1.0,1.0,1.0,427.0,0.0,1.0,1.0,0.0,0.0,0.0,0.0,0.0,1.0,0.0,0.0,0.0,0.0,0.0,1.0,0.0,0.0,0.0,0.0,1.0,0.0,0.0,0.0,0.0,0.0,0.0,0.0,0.0,0.0,0.0,0.0,1.0,0.0
10/03/2023,63.0,11.0,1.0,17.0,0.0,0.0,5734.0,0.0,1.0,1.0,1.0,241.0,0.0,1.0,4.0,1.0,1.0,0.0,0.0,0.0,1.0,0.0,1.0,0.0,0.0,1.0,0.0,0.0,0.0,0.0,0.0,1.0,0.0,0.0,0.0,0.0,0.0,0.0,0.0,0.0,0.0,0.0,0.0,1.0,0.0
04/03/2023,20.0,139.0,1.0,18.0,0.0,0.0,5944.0,0.0,1.0,1.0,1.0,734.0,0.0,0.0,1.0,0.0,0.0,0.0,0.0,1.0,0.0,0.0,0.0,0.0,0.0,0.0,0.0,0.0,1.0,0.0,0.0,1.0,0.0,0.0,0.0,0.0,0.0,0.0,0.0,0.0,0.0,0.0,0.0,1.0,0.0
07/12/2023,21.0,21.0,1.0,16.0,0.0,0.0,5999.0,1.0,0.0,1.0,1.0,712.0,0.0,0.0,1.0,0.0,0.0,0.0,0.0,0.0,1.0,0.0,1.0,0.0,0.0,0.0,0.0,0.0,1.0,0.0,0.0,0.0,0.0,0.0,0.0,0.0,0.0,0.0,0.0,0.0,0.0,0.0,0.0,1.0,0.0
09/20/2023,27.0,129.0,1.0,18.0,0.0,0.0,5814.0,0.0,0.0,1.0,1.0,342.0,0.0,0.0,1.0,0.0,0.0,0.0,0.0,0.0,1.0,0.0,0.0,0.0,0.0,0.0,1.0,0.0,0.0,0.0,1.0,0.0,0.0,0.0,0.0,0.0,0.0,0.0,0.0,0.0,0.0,0.0,0.0,1.0,0.0
02/08/2023,29.0,28.0,1.0,17.0,0.0,0.0,5999.0,1.0,0.0,1.0,1.0,347.0,0.0,0.0,1.0,0.0,0.0,0.0,0.0,0.0,1.0,0.0,0.0,0.0,0.0,0.0,1.0,0.0,0.0,0.0,0.0,0.0,0.0,0.0,0.0,0.0,0.0,0.0,0.0,0.0,0.0,0.0,0.0,1.0,0.0
11/21/2023,52.0,292.0,1.0,17.0,0.0,0.0,5411.0,0.0,0.0,1.0,1.0,245.0,0.0,0.0,2.0,0.0,1.0,0.0,0.0,1.0,0.0,0.0,0.0,1.0,0.0,0.0,0.0,1.0,0.0,0.0,1.0,0.0,0.0,0.0,0.0,0.0,0.0,0.0,0.0,0.0,0.0,0.0,0.0,1.0,0.0
02/24/2023,70.0,136.0,1.0,18.0,0.0,0.0,4111.0,0.0,0.0,1.0,1.0,135.0,0.0,0.0,1.0,0.0,0.0,0.0,0.0,0.0,1.0,0.0,0.0,0.0,0.0,0.0,0.0,1.0,0.0,0.0,1.0,0.0,0.0,0.0,0.0,0.0,0.0,0.0,0.0,0.0,0.0,0.0,0.0,1.0,0.0
01/02/2023,77.0,86.0,1.0,16.0,0.0,0.0,5411.0,0.0,0.0,1.0,1.0,477.0,0.0,0.0,1.0,0.0,0.0,0.0,0.0,0.0,1.0,0.0,0.0,0.0,0.0,0.0,0.0,1.0,0.0,0.0,1.0,0.0,0.0,0.0,0.0,0.0,0.0,0.0,0.0,0.0,0.0,0.0,0.0,1.0,0.0
10/27/2023,43.0,37.0,1.0,17.0,0.0,0.0,4829.0,1.0,0.0,1.0,1.0,1480.0,0.0,1.0,1.0,0.0,0.0,0.0,2.0,0.0,1.0,0.0,0.0,0.0,0.0,0.0,1.0,0.0,0.0,0.0,0.0,0.0,0.0,0.0,0.0,0.0,0.0,0.0,0.0,0.0,0.0,0.0,0.0,1.0,0.0
04/03/2023,34.0,145.0,1.0,16.0,0.0,0.0,5734.0,0.0,1.0,1.0,1.0,726.0,0.0,0.0,1.0,0.0,0.0,0.0,0.0,0.0,1.0,0.0,0.0,0.0,0.0,1.0,0.0,0.0,0.0,0.0,0.0,1.0,0.0,0.0,0.0,0.0,0.0,0.0,0.0,0.0,0.0,0.0,0.0,1.0,0.0
12/08/2023,27.0,108.0,1.0,17.0,0.0,0.0,7299.0,1.0,0.0,1.0,1.0,533.0,0.0,0.0,1.0,0.0,0.0,0.0,0.0,0.0,1.0,0.0,1.0,0.0,0.0,0.0,1.0,0.0,0.0,0.0,0.0,0.0,0.0,0.0,0.0,0.0,0.0,0.0,0.0,0.0,0.0,0.0,0.0,1.0,0.0
03/15/2023,60.0,95.0,1.0,17.0,0.0,0.0,4121.0,0.0,0.0,1.0,1.0,195.0,0.0,0.0,3.0,1.0,1.0,0.0,0.0,0.0,1.0,0.0,0.0,0.0,0.0,1.0,0.0,0.0,0.0,0.0,1.0,0.0,0.0,0.0,0.0,0.0,0.0,0.0,0.0,0.0,0.0,0.0,0.0,1.0,0.0
09/04/2023,58.0,161.0,1.0,17.0,0.0,0.0,7995.0,1.0,0.0,1.0,1.0,276.0,0.0,0.0,3.0,1.0,1.0,0.0,0.0,0.0,1.0,0.0,0.0,1.0,0.0,1.0,0.0,0.0,0.0,0.0,0.0,0.0,0.0,0.0,0.0,0.0,0.0,0.0,0.0,0.0,0.0,0.0,0.0,1.0,0.0
08/07/2023,62.0,69.0,1.0,16.0,0.0,0.0,7995.0,1.0,0.0,1.0,1.0,341.0,0.0,1.0,3.0,1.0,1.0,0.0,2.0,0.0,1.0,0.0,0.0,0.0,0.0,0.0,0.0,1.0,0.0,0.0,0.0,0.0,0.0,0.0,0.0,0.0,0.0,0.0,0.0,0.0,0.0,0.0,0.0,1.0,0.0
12/25/2023,56.0,50.0,1.0,16.0,0.0,0.0,5734.0,0.0,1.0,1.0,1.0,449.0,0.0,1.0,1.0,0.0,0.0,0.0,0.0,1.0,0.0,0.0,0.0,1.0,0.0,0.0,1.0,0.0,0.0,0.0,0.0,1.0,0.0,0.0,0.0,0.0,0.0,0.0,0.0,0.0,0.0,0.0,0.0,1.0,0.0
07/28/2023,78.0,169.0,1.0,16.0,0.0,0.0,5812.0,0.0,0.0,1.0,1.0,90.0,0.0,0.0,1.0,0.0,0.0,0.0,0.0,0.0,1.0,0.0,0.0,0.0,0.0,0.0,0.0,1.0,0.0,0.0,1.0,0.0,0.0,0.0,0.0,0.0,0.0,0.0,0.0,0.0,0.0,0.0,0.0,1.0,0.0
02/16/2023,37.0,56.0,1.0,16.0,0.0,0.0,5812.0,0.0,0.0,1.0,1.0,265.0,0.0,1.0,1.0,0.0,0.0,0.0,0.0,0.0,1.0,0.0,1.0,0.0,0.0,0.0,1.0,0.0,0.0,0.0,1.0,0.0,0.0,0.0,0.0,0.0,0.0,0.0,0.0,1.0,0.0,0.0,0.0,0.0,0.0
02/20/2023,72.0,111.0,1.0,16.0,0.0,0.0,7995.0,1.0,0.0,1.0,1.0,475.0,0.0,0.0,1.0,0.0,0.0,0.0,0.0,0.0,1.0,0.0,0.0,0.0,0.0,0.0,0.0,1.0,0.0,0.0,0.0,0.0,0.0,0.0,0.0,0.0,0.0,0.0,0.0,0.0,0.0,0.0,0.0,1.0,0.0
09/20/2023,40.0,103.0,1.0,18.0,0.0,0.0,7299.0,1.0,0.0,1.0,1.0,820.0,0.0,0.0,1.0,0.0,0.0,0.0,0.0,1.0,0.0,0.0,0.0,1.0,0.0,1.0,0.0,0.0,0.0,0.0,0.0,0.0,0.0,0.0,0.0,0.0,0.0,0.0,0.0,0.0,0.0,0.0,0.0,1.0,0.0
11/27/2023,55.0,47.0,1.0,17.0,0.0,0.0,5734.0,0.0,1.0,1.0,1.0,665.0,0.0,1.0,1.0,0.0,0.0,0.0,0.0,0.0,1.0,0.0,1.0,0.0,0.0,1.0,0.0,0.0,0.0,0.0,0.0,1.0,0.0,0.0,0.0,0.0,1.0,0.0,0.0,0.0,0.0,0.0,0.0,0.0,0.0
06/14/2023,39.0,111.0,1.0,17.0,0.0,0.0,5732.0,0.0,1.0,1.0,1.0,129.0,0.0,1.0,1.0,0.0,0.0,0.0,0.0,0.0,1.0,0.0,1.0,0.0,0.0,0.0,1.0,0.0,0.0,0.0,0.0,1.0,0.0,0.0,0.0,0.0,0.0,0.0,0.0,0.0,0.0,0.0,0.0,1.0,0.0
08/30/2023,18.0,13.0,1.0,16.0,0.0,0.0,7299.0,1.0,0.0,1.0,1.0,427.0,0.0,1.0,1.0,0.0,0.0,0.0,2.0,0.0,1.0,0.0,0.0,0.0,0.0,0.0,0.0,0.0,1.0,0.0,0.0,0.0,0.0,0.0,0.0,0.0,0.0,0.0,0.0,0.0,0.0,0.0,0.0,1.0,0.0
09/08/2023,61.0,151.0,1.0,17.0,0.0,0.0,5921.0,1.0,0.0,1.0,1.0,433.0,0.0,1.0,1.0,0.0,0.0,0.0,2.0,0.0,1.0,0.0,0.0,1.0,0.0,0.0,0.0,1.0,0.0,0.0,0.0,0.0,0.0,0.0,0.0,0.0,0.0,0.0,0.0,0.0,0.0,0.0,0.0,1.0,0.0
01/27/2023,64.0,164.0,1.0,16.0,0.0,0.0,5311.0,0.0,0.0,1.0,1.0,69.0,0.0,0.0,5.0,1.0,1.0,0.0,0.0,0.0,1.0,0.0,0.0,1.0,0.0,0.0,0.0,1.0,0.0,0.0,1.0,0.0,0.0,0.0,0.0,0.0,0.0,0.0,0.0,0.0,0.0,0.0,0.0,1.0,0.0
12/08/2023,48.0,290.0,1.0,16.0,0.0,0.0,7299.0,1.0,0.0,1.0,1.0,100.0,0.0,1.0,1.0,0.0,0.0,0.0,2.0,1.0,0.0,0.0,1.0,0.0,0.0,0.0,1.0,0.0,0.0,0.0,0.0,0.0,0.0,0.0,0.0,0.0,0.0,0.0,0.0,0.0,0.0,0.0,0.0,1.0,0.0
11/24/2023,51.0,137.0,1.0,18.0,0.0,0.0,5999.0,1.0,0.0,1.0,1.0,624.0,0.0,0.0,1.0,0.0,0.0,0.0,0.0,0.0,1.0,0.0,1.0,0.0,0.0,0.0,0.0,1.0,0.0,0.0,0.0,0.0,0.0,0.0,0.0,0.0,0.0,0.0,0.0,0.0,0.0,0.0,0.0,1.0,0.0
06/05/2023,45.0,36.0,1.0,17.0,0.0,0.0,5944.0,0.0,1.0,1.0,1.0,279.0,0.0,0.0,1.0,0.0,0.0,0.0,0.0,0.0,1.0,0.0,0.0,1.0,0.0,1.0,0.0,0.0,0.0,0.0,0.0,1.0,0.0,0.0,0.0,0.0,0.0,0.0,0.0,0.0,0.0,0.0,0.0,1.0,0.0
01/16/2023,36.0,84.0,1.0,16.0,0.0,0.0,4111.0,0.0,0.0,1.0,1.0,673.0,0.0,0.0,1.0,0.0,0.0,0.0,0.0,1.0,0.0,0.0,1.0,0.0,0.0,0.0,1.0,0.0,0.0,0.0,1.0,0.0,0.0,0.0,0.0,0.0,0.0,0.0,0.0,0.0,0.0,0.0,0.0,1.0,0.0
02/27/2023,33.0,31.0,1.0,17.0,0.0,0.0,7299.0,1.0,0.0,1.0,1.0,324.0,0.0,0.0,2.0,0.0,1.0,1.0,2.0,0.0,1.0,0.0,0.0,1.0,0.0,0.0,1.0,0.0,0.0,0.0,0.0,0.0,0.0,0.0,0.0,0.0,0.0,1.0,0.0,0.0,0.0,0.0,0.0,0.0,0.0
08/14/2023,28.0,14.0,1.0,16.0,0.0,0.0,5732.0,0.0,1.0,1.0,1.0,351.0,0.0,1.0,3.0,1.0,1.0,0.0,0.0,1.0,0.0,0.0,1.0,0.0,0.0,0.0,1.0,0.0,0.0,0.0,0.0,1.0,0.0,0.0,0.0,0.0,0.0,0.0,0.0,0.0,0.0,0.0,0.0,1.0,0.0
07/05/2023,54.0,30.0,1.0,16.0,0.0,0.0,7995.0,1.0,0.0,1.0,1.0,233.0,0.0,1.0,1.0,0.0,0.0,0.0,2.0,0.0,1.0,0.0,0.0,0.0,0.0,0.0,0.0,1.0,0.0,0.0,0.0,0.0,0.0,0.0,0.0,0.0,0.0,0.0,0.0,0.0,0.0,0.0,0.0,1.0,0.0
08/08/2023,28.0,80.0,1.0,18.0,0.0,0.0,5734.0,0.0,1.0,1.0,1.0,90.0,0.0,0.0,1.0,0.0,0.0,0.0,0.0,0.0,1.0,0.0,0.0,0.0,0.0,0.0,0.0,0.0,1.0,0.0,0.0,1.0,0.0,0.0,0.0,0.0,0.0,0.0,0.0,0.0,0.0,0.0,0.0,1.0,0.0
08/14/2023,57.0,142.0,1.0,16.0,0.0,0.0,5921.0,1.0,0.0,1.0,1.0,113.0,0.0,0.0,1.0,0.0,0.0,0.0,0.0,0.0,1.0,0.0,0.0,1.0,0.0,1.0,0.0,0.0,0.0,0.0,0.0,0.0,0.0,0.0,0.0,0.0,0.0,0.0,0.0,0.0,0.0,0.0,0.0,1.0,0.0
08/08/2023,37.0,44.0,1.0,17.0,0.0,0.0,4121.0,0.0,0.0,1.0,1.0,278.0,0.0,0.0,1.0,0.0,0.0,0.0,0.0,0.0,1.0,0.0,0.0,1.0,0.0,0.0,1.0,0.0,0.0,0.0,1.0,0.0,0.0,0.0,0.0,0.0,1.0,0.0,0.0,0.0,0.0,0.0,0.0,0.0,0.0
03/31/2023,20.0,240.0,1.0,17.0,0.0,0.0,5411.0,0.0,0.0,1.0,1.0,161.0,0.0,0.0,1.0,0.0,0.0,0.0,0.0,0.0,1.0,0.0,0.0,0.0,0.0,0.0,0.0,0.0,1.0,0.0,1.0,0.0,0.0,0.0,0.0,0.0,0.0,0.0,0.0,0.0,0.0,0.0,0.0,1.0,0.0
12/26/2023,62.0,49.0,1.0,17.0,0.0,0.0,5732.0,0.0,1.0,1.0,1.0,385.0,0.0,1.0,1.0,0.0,0.0,0.0,0.0,0.0,1.0,0.0,0.0,1.0,0.0,1.0,0.0,0.0,0.0,0.0,0.0,1.0,0.0,0.0,0.0,0.0,0.0,0.0,0.0,0.0,0.0,0.0,0.0,1.0,0.0
08/28/2023,34.0,22.0,5.0,16.0,0.0,0.0,5734.0,0.0,1.0,1.0,1.0,135.0,0.0,1.0,2.0,0.0,1.0,0.0,0.0,0.0,1.0,0.0,1.0,0.0,0.0,0.0,1.0,0.0,0.0,0.0,0.0,1.0,0.0,0.0,0.0,0.0,0.0,0.0,0.0,0.0,0.0,0.0,0.0,1.0,0.0
09/12/2023,59.0,124.0,1.0,18.0,0.0,0.0,5311.0,0.0,0.0,1.0,1.0,546.0,0.0,1.0,3.0,1.0,1.0,0.0,0.0,0.0,1.0,0.0,0.0,1.0,0.0,1.0,0.0,0.0,0.0,0.0,1.0,0.0,0.0,0.0,0.0,0.0,0.0,0.0,0.0,0.0,0.0,0.0,0.0,1.0,0.0
05/15/2023,19.0,68.0,1.0,16.0,0.0,0.0,4829.0,1.0,0.0,1.0,1.0,239.0,0.0,0.0,1.0,0.0,0.0,0.0,2.0,0.0,1.0,0.0,1.0,0.0,0.0,0.0,0.0,0.0,1.0,0.0,0.0,0.0,0.0,0.0,0.0,0.0,0.0,0.0,0.0,0.0,0.0,0.0,0.0,1.0,0.0
12/18/2023,71.0,46.0,1.0,16.0,0.0,0.0,5732.0,0.0,1.0,1.0,1.0,504.0,0.0,0.0,1.0,0.0,0.0,0.0,0.0,0.0,1.0,0.0,0.0,1.0,0.0,0.0,0.0,1.0,0.0,0.0,0.0,1.0,0.0,0.0,0.0,0.0,0.0,0.0,0.0,0.0,0.0,0.0,0.0,1.0,0.0
03/23/2023,22.0,27.0,1.0,17.0,0.0,0.0,5999.0,1.0,0.0,1.0,1.0,69.0,0.0,0.0,2.0,0.0,1.0,0.0,0.0,0.0,1.0,0.0,0.0,1.0,0.0,0.0,0.0,0.0,1.0,0.0,0.0,0.0,0.0,0.0,0.0,0.0,0.0,0.0,0.0,0.0,0.0,0.0,0.0,1.0,0.0
12/13/2023,25.0,272.0,1.0,16.0,0.0,0.0,5732.0,0.0,1.0,1.0,1.0,154.0,0.0,1.0,1.0,0.0,0.0,0.0,0.0,1.0,0.0,0.0,0.0,1.0,0.0,0.0,0.0,0.0,1.0,0.0,0.0,1.0,0.0,0.0,0.0,0.0,0.0,0.0,0.0,0.0,0.0,0.0,0.0,1.0,0.0
01/30/2023,55.0,173.0,1.0,16.0,0.0,0.0,5734.0,0.0,1.0,1.0,1.0,213.0,0.0,0.0,5.0,1.0,1.0,0.0,1.0,1.0,0.0,0.0,1.0,0.0,0.0,0.0,0.0,1.0,0.0,0.0,0.0,1.0,0.0,0.0,0.0,0.0,0.0,0.0,0.0,0.0,0.0,0.0,0.0,1.0,0.0
07/24/2023,28.0,87.0,1.0,16.0,0.0,0.0,5921.0,1.0,0.0,1.0,1.0,410.0,0.0,1.0,1.0,0.0,0.0,0.0,2.0,0.0,1.0,0.0,0.0,0.0,0.0,0.0,0.0,0.0,1.0,0.0,0.0,0.0,0.0,0.0,0.0,0.0,0.0,0.0,0.0,0.0,0.0,0.0,0.0,1.0,0.0
03/09/2023,48.0,64.0,1.0,18.0,0.0,0.0,5732.0,0.0,1.0,1.0,1.0,189.0,0.0,0.0,5.0,1.0,1.0,0.0,1.0,0.0,1.0,0.0,1.0,0.0,0.0,0.0,1.0,0.0,0.0,0.0,0.0,1.0,0.0,1.0,0.0,0.0,0.0,0.0,0.0,0.0,0.0,0.0,0.0,0.0,0.0
01/18/2023,30.0,84.0,1.0,17.0,0.0,0.0,5311.0,0.0,0.0,1.0,1.0,348.0,0.0,0.0,1.0,0.0,0.0,0.0,0.0,0.0,1.0,0.0,1.0,0.0,0.0,1.0,0.0,0.0,0.0,0.0,1.0,0.0,0.0,0.0,0.0,0.0,0.0,0.0,0.0,0.0,0.0,0.0,0.0,1.0,0.0
10/12/2023,42.0,31.0,1.0,16.0,0.0,0.0,5732.0,0.0,1.0,1.0,1.0,427.0,0.0,1.0,1.0,0.0,0.0,0.0,0.0,1.0,0.0,0.0,0.0,1.0,0.0,0.0,1.0,0.0,0.0,0.0,0.0,1.0,0.0,0.0,0.0,0.0,0.0,0.0,0.0,0.0,0.0,0.0,0.0,1.0,0.0
02/06/2023,75.0,222.0,1.0,16.0,0.0,0.0,6011.0,1.0,0.0,1.0,1.0,455.0,0.0,0.0,3.0,1.0,1.0,0.0,1.0,0.0,1.0,0.0,0.0,0.0,0.0,0.0,0.0,1.0,0.0,0.0,0.0,0.0,0.0,0.0,0.0,0.0,0.0,0.0,0.0,0.0,0.0,0.0,0.0,1.0,0.0
01/23/2023,71.0,16.0,1.0,16.0,0.0,0.0,4111.0,0.0,0.0,1.0,1.0,100.0,0.0,0.0,1.0,0.0,0.0,0.0,0.0,0.0,1.0,0.0,1.0,0.0,0.0,0.0,0.0,1.0,0.0,0.0,1.0,0.0,0.0,0.0,0.0,0.0,0.0,0.0,0.0,0.0,0.0,0.0,0.0,1.0,0.0
07/11/2023,41.0,248.0,1.0,16.0,0.0,0.0,5812.0,0.0,0.0,1.0,1.0,349.0,0.0,0.0,3.0,1.0,1.0,1.0,2.0,0.0,1.0,0.0,0.0,0.0,0.0,0.0,1.0,0.0,0.0,0.0,1.0,0.0,0.0,0.0,0.0,0.0,1.0,0.0,0.0,0.0,0.0,0.0,0.0,0.0,0.0
05/22/2023,49.0,198.0,1.0,16.0,0.0,0.0,4121.0,0.0,0.0,1.0,1.0,177.0,0.0,0.0,2.0,0.0,1.0,0.0,0.0,0.0,1.0,0.0,1.0,0.0,0.0,1.0,0.0,0.0,0.0,0.0,1.0,0.0,0.0,0.0,0.0,0.0,0.0,0.0,0.0,0.0,0.0,0.0,0.0,1.0,0.0
01/01/2024,43.0,122.0,2.0,16.0,0.0,0.0,4111.0,0.0,0.0,1.0,1.0,196.0,0.0,1.0,1.0,0.0,0.0,0.0,0.0,1.0,0.0,0.0,0.0,0.0,0.0,0.0,1.0,0.0,0.0,0.0,1.0,0.0,0.0,0.0,0.0,0.0,0.0,0.0,0.0,0.0,0.0,0.0,0.0,1.0,0.0
08/07/2023,68.0,14.0,1.0,18.0,0.0,0.0,5999.0,1.0,0.0,1.0,1.0,360.0,0.0,1.0,1.0,0.0,0.0,0.0,2.0,1.0,0.0,0.0,0.0,1.0,0.0,0.0,0.0,1.0,0.0,0.0,0.0,0.0,0.0,0.0,0.0,0.0,0.0,0.0,0.0,0.0,1.0,0.0,0.0,0.0,0.0
12/08/2023,26.0,72.0,1.0,17.0,0.0,0.0,5311.0,0.0,0.0,1.0,1.0,1268.0,0.0,0.0,1.0,0.0,0.0,0.0,0.0,0.0,1.0,0.0,1.0,0.0,0.0,0.0,0.0,0.0,1.0,0.0,1.0,0.0,0.0,0.0,0.0,0.0,0.0,0.0,0.0,0.0,0.0,0.0,0.0,1.0,0.0
03/29/2023,62.0,90.0,1.0,17.0,0.0,0.0,5812.0,0.0,0.0,1.0,1.0,221.0,0.0,0.0,1.0,0.0,0.0,0.0,0.0,0.0,1.0,0.0,0.0,0.0,0.0,0.0,0.0,1.0,0.0,0.0,1.0,0.0,0.0,0.0,0.0,0.0,0.0,0.0,0.0,0.0,0.0,0.0,0.0,1.0,0.0
07/24/2023,75.0,57.0,1.0,16.0,0.0,0.0,5944.0,0.0,1.0,1.0,1.0,451.0,0.0,1.0,1.0,0.0,0.0,1.0,2.0,0.0,1.0,0.0,1.0,0.0,0.0,0.0,0.0,1.0,0.0,0.0,0.0,1.0,0.0,0.0,0.0,0.0,0.0,0.0,0.0,0.0,0.0,0.0,0.0,1.0,0.0
08/28/2023,74.0,12.0,1.0,16.0,0.0,0.0,5732.0,0.0,1.0,1.0,1.0,490.0,0.0,0.0,3.0,1.0,1.0,0.0,1.0,0.0,1.0,0.0,0.0,0.0,0.0,0.0,0.0,1.0,0.0,0.0,0.0,1.0,0.0,0.0,0.0,0.0,0.0,0.0,0.0,0.0,0.0,0.0,0.0,1.0,0.0
10/12/2023,22.0,222.0,1.0,17.0,0.0,0.0,7995.0,1.0,0.0,1.0,1.0,959.0,0.0,1.0,1.0,0.0,0.0,0.0,2.0,0.0,1.0,0.0,0.0,0.0,0.0,0.0,0.0,0.0,1.0,0.0,0.0,0.0,0.0,0.0,0.0,0.0,0.0,0.0,0.0,0.0,0.0,0.0,0.0,1.0,0.0
04/17/2023,29.0,32.0,1.0,16.0,0.0,0.0,5732.0,0.0,1.0,1.0,1.0,205.0,0.0,1.0,1.0,0.0,0.0,0.0,0.0,0.0,1.0,0.0,0.0,0.0,0.0,1.0,0.0,0.0,0.0,0.0,0.0,1.0,0.0,0.0,0.0,0.0,0.0,0.0,0.0,0.0,0.0,0.0,0.0,1.0,0.0
05/30/2023,38.0,148.0,1.0,17.0,0.0,0.0,5411.0,0.0,0.0,1.0,1.0,341.0,0.0,0.0,1.0,0.0,0.0,0.0,0.0,1.0,0.0,0.0,0.0,1.0,0.0,0.0,1.0,0.0,0.0,0.0,1.0,0.0,0.0,0.0,0.0,0.0,0.0,0.0,0.0,0.0,0.0,0.0,0.0,1.0,0.0
12/12/2023,51.0,173.0,1.0,16.0,0.0,0.0,5734.0,0.0,1.0,1.0,1.0,378.0,0.0,1.0,1.0,0.0,0.0,0.0,0.0,0.0,1.0,0.0,1.0,0.0,0.0,0.0,0.0,1.0,0.0,0.0,0.0,1.0,0.0,0.0,0.0,0.0,0.0,0.0,0.0,0.0,0.0,0.0,0.0,1.0,0.0
02/13/2023,58.0,292.0,1.0,16.0,0.0,0.0,5734.0,0.0,1.0,1.0,1.0,197.0,0.0,0.0,1.0,0.0,0.0,0.0,0.0,0.0,1.0,0.0,1.0,0.0,0.0,0.0,1.0,0.0,0.0,0.0,0.0,1.0,0.0,0.0,0.0,0.0,0.0,0.0,0.0,0.0,0.0,0.0,0.0,1.0,0.0
06/15/2023,59.0,95.0,1.0,18.0,0.0,0.0,7299.0,1.0,0.0,1.0,1.0,211.0,0.0,0.0,1.0,0.0,0.0,0.0,0.0,1.0,0.0,0.0,0.0,1.0,0.0,0.0,1.0,0.0,0.0,0.0,0.0,0.0,0.0,0.0,0.0,0.0,0.0,0.0,0.0,0.0,0.0,0.0,0.0,1.0,0.0
04/07/2023,19.0,201.0,1.0,16.0,0.0,0.0,5311.0,0.0,0.0,1.0,1.0,597.0,0.0,0.0,1.0,0.0,0.0,0.0,0.0,1.0,0.0,0.0,1.0,0.0,0.0,0.0,0.0,0.0,1.0,0.0,1.0,0.0,0.0,0.0,0.0,0.0,0.0,0.0,0.0,0.0,0.0,0.0,0.0,1.0,0.0
01/20/2023,20.0,297.0,1.0,16.0,0.0,0.0,5411.0,0.0,0.0,1.0,1.0,289.0,0.0,0.0,1.0,0.0,0.0,0.0,0.0,0.0,1.0,0.0,0.0,1.0,0.0,0.0,0.0,0.0,1.0,0.0,1.0,0.0,0.0,0.0,0.0,0.0,0.0,0.0,0.0,0.0,0.0,0.0,0.0,1.0,0.0
06/30/2023,46.0,12.0,1.0,16.0,0.0,0.0,4829.0,1.0,0.0,1.0,1.0,353.0,0.0,0.0,3.0,1.0,1.0,0.0,0.0,0.0,1.0,0.0,0.0,1.0,0.0,0.0,1.0,0.0,0.0,0.0,0.0,0.0,0.0,0.0,0.0,0.0,0.0,0.0,0.0,0.0,0.0,0.0,0.0,1.0,0.0
05/09/2023,28.0,135.0,1.0,16.0,0.0,0.0,5734.0,0.0,1.0,1.0,1.0,276.0,0.0,0.0,1.0,0.0,0.0,0.0,0.0,0.0,1.0,0.0,0.0,1.0,0.0,0.0,1.0,0.0,0.0,0.0,0.0,1.0,0.0,1.0,0.0,0.0,0.0,0.0,0.0,0.0,0.0,0.0,0.0,0.0,0.0
05/25/2023,60.0,100.0,1.0,16.0,0.0,0.0,5734.0,0.0,1.0,1.0,1.0,378.0,0.0,0.0,1.0,0.0,0.0,0.0,0.0,0.0,1.0,0.0,1.0,0.0,0.0,0.0,1.0,0.0,0.0,0.0,0.0,1.0,0.0,0.0,0.0,0.0,0.0,0.0,0.0,0.0,0.0,0.0,0.0,1.0,0.0
08/15/2023,53.0,88.0,1.0,16.0,0.0,0.0,5812.0,0.0,0.0,1.0,1.0,329.0,0.0,0.0,1.0,0.0,0.0,0.0,0.0,1.0,0.0,0.0,1.0,0.0,0.0,1.0,0.0,0.0,0.0,0.0,1.0,0.0,0.0,0.0,0.0,0.0,0.0,0.0,0.0,0.0,0.0,0.0,0.0,1.0,0.0
07/17/2023,20.0,159.0,1.0,16.0,0.0,0.0,5734.0,0.0,1.0,1.0,1.0,280.0,0.0,0.0,1.0,0.0,0.0,0.0,0.0,0.0,1.0,0.0,0.0,1.0,0.0,0.0,0.0,0.0,1.0,0.0,0.0,1.0,0.0,0.0,0.0,0.0,0.0,0.0,0.0,0.0,0.0,0.0,0.0,1.0,0.0
01/06/2023,43.0,75.0,1.0,17.0,0.0,0.0,6011.0,1.0,0.0,1.0,1.0,283.0,0.0,0.0,1.0,0.0,0.0,0.0,0.0,0.0,1.0,0.0,1.0,0.0,0.0,1.0,0.0,0.0,0.0,0.0,0.0,0.0,0.0,0.0,0.0,0.0,0.0,0.0,0.0,0.0,0.0,0.0,0.0,1.0,0.0
02/09/2023,25.0,109.0,1.0,17.0,0.0,0.0,5921.0,1.0,0.0,1.0,1.0,360.0,0.0,0.0,4.0,1.0,1.0,1.0,2.0,0.0,1.0,0.0,0.0,1.0,0.0,0.0,0.0,0.0,1.0,0.0,0.0,0.0,0.0,0.0,0.0,0.0,0.0,0.0,0.0,0.0,0.0,0.0,0.0,1.0,0.0
03/15/2023,67.0,105.0,1.0,16.0,0.0,0.0,5812.0,0.0,0.0,1.0,1.0,466.0,0.0,1.0,1.0,0.0,0.0,1.0,2.0,0.0,1.0,0.0,0.0,1.0,0.0,0.0,0.0,1.0,0.0,0.0,1.0,0.0,0.0,0.0,0.0,0.0,0.0,0.0,0.0,0.0,0.0,0.0,0.0,1.0,0.0
02/23/2023,42.0,111.0,3.0,16.0,0.0,0.0,5812.0,0.0,0.0,1.0,1.0,647.0,0.0,0.0,3.0,1.0,1.0,0.0,0.0,0.0,1.0,0.0,0.0,0.0,0.0,0.0,1.0,0.0,0.0,0.0,1.0,0.0,0.0,0.0,0.0,0.0,0.0,0.0,0.0,0.0,0.0,0.0,0.0,1.0,0.0
11/20/2023,28.0,193.0,1.0,16.0,0.0,0.0,5311.0,0.0,0.0,1.0,1.0,475.0,0.0,1.0,1.0,0.0,0.0,0.0,0.0,0.0,1.0,0.0,1.0,0.0,0.0,0.0,0.0,0.0,1.0,0.0,1.0,0.0,0.0,0.0,0.0,0.0,0.0,0.0,0.0,0.0,0.0,0.0,0.0,1.0,0.0
06/19/2023,25.0,48.0,1.0,16.0,0.0,0.0,5999.0,1.0,0.0,1.0,1.0,361.0,0.0,1.0,1.0,0.0,0.0,0.0,2.0,1.0,0.0,0.0,1.0,0.0,0.0,0.0,0.0,0.0,1.0,0.0,0.0,0.0,0.0,0.0,0.0,0.0,0.0,0.0,0.0,0.0,0.0,0.0,0.0,1.0,0.0
06/12/2023,31.0,212.0,1.0,16.0,0.0,0.0,5311.0,0.0,0.0,1.0,1.0,94.0,0.0,0.0,1.0,0.0,0.0,0.0,0.0,0.0,1.0,0.0,0.0,0.0,0.0,1.0,0.0,0.0,0.0,0.0,1.0,0.0,0.0,0.0,0.0,1.0,0.0,0.0,0.0,0.0,0.0,0.0,0.0,0.0,0.0
05/10/2023,55.0,120.0,1.0,17.0,0.0,0.0,7995.0,1.0,0.0,1.0,1.0,90.0,0.0,0.0,1.0,0.0,0.0,0.0,0.0,0.0,1.0,0.0,0.0,0.0,0.0,0.0,1.0,0.0,0.0,0.0,0.0,0.0,0.0,0.0,0.0,1.0,0.0,0.0,0.0,0.0,0.0,0.0,0.0,0.0,0.0
09/11/2023,34.0,98.0,1.0,16.0,0.0,0.0,5921.0,1.0,0.0,1.0,1.0,510.0,0.0,0.0,4.0,1.0,1.0,0.0,0.0,0.0,1.0,0.0,0.0,1.0,0.0,0.0,1.0,0.0,0.0,0.0,0.0,0.0,0.0,0.0,0.0,0.0,0.0,0.0,0.0,0.0,0.0,0.0,0.0,1.0,0.0
12/18/2023,28.0,21.0,1.0,18.0,0.0,0.0,6011.0,1.0,0.0,1.0,1.0,482.0,0.0,0.0,3.0,1.0,1.0,0.0,0.0,0.0,1.0,0.0,1.0,0.0,0.0,0.0,0.0,0.0,1.0,0.0,0.0,0.0,0.0,0.0,0.0,0.0,0.0,0.0,0.0,0.0,0.0,0.0,0.0,1.0,0.0
08/25/2023,61.0,98.0,1.0,16.0,0.0,0.0,5411.0,0.0,0.0,1.0,1.0,663.0,0.0,0.0,3.0,1.0,1.0,0.0,0.0,0.0,1.0,0.0,0.0,1.0,0.0,0.0,0.0,1.0,0.0,0.0,1.0,0.0,0.0,0.0,0.0,0.0,0.0,0.0,0.0,0.0,0.0,0.0,0.0,1.0,0.0
10/03/2023,39.0,162.0,1.0,16.0,0.0,0.0,4111.0,0.0,0.0,1.0,1.0,446.0,0.0,1.0,3.0,1.0,1.0,0.0,0.0,0.0,1.0,0.0,0.0,1.0,0.0,1.0,0.0,0.0,0.0,0.0,1.0,0.0,0.0,0.0,0.0,0.0,0.0,0.0,0.0,0.0,0.0,0.0,0.0,1.0,0.0
09/01/2023,53.0,169.0,1.0,16.0,0.0,0.0,5814.0,0.0,0.0,1.0,1.0,338.0,0.0,1.0,1.0,0.0,0.0,0.0,0.0,1.0,0.0,0.0,0.0,1.0,0.0,0.0,1.0,0.0,0.0,0.0,1.0,0.0,0.0,0.0,0.0,0.0,0.0,0.0,0.0,0.0,0.0,0.0,0.0,1.0,0.0
11/13/2023,23.0,217.0,1.0,16.0,0.0,0.0,5732.0,0.0,1.0,1.0,1.0,317.0,0.0,1.0,1.0,0.0,0.0,0.0,0.0,0.0,1.0,0.0,1.0,0.0,0.0,0.0,0.0,0.0,1.0,0.0,0.0,1.0,0.0,0.0,0.0,0.0,0.0,0.0,0.0,0.0,0.0,0.0,0.0,1.0,0.0
12/07/2023,55.0,111.0,1.0,16.0,0.0,0.0,5812.0,0.0,0.0,1.0,1.0,872.0,0.0,1.0,1.0,0.0,0.0,0.0,0.0,0.0,1.0,0.0,0.0,0.0,0.0,0.0,1.0,0.0,0.0,0.0,1.0,0.0,0.0,0.0,0.0,0.0,0.0,0.0,0.0,0.0,0.0,0.0,0.0,1.0,0.0
06/05/2023,58.0,216.0,1.0,17.0,0.0,0.0,7995.0,1.0,0.0,1.0,1.0,184.0,0.0,1.0,1.0,0.0,0.0,0.0,2.0,0.0,1.0,0.0,0.0,1.0,0.0,0.0,0.0,1.0,0.0,0.0,0.0,0.0,0.0,0.0,0.0,0.0,0.0,0.0,0.0,0.0,0.0,0.0,0.0,1.0,0.0
12/28/2023,31.0,77.0,1.0,18.0,0.0,0.0,5999.0,1.0,0.0,1.0,1.0,292.0,0.0,0.0,1.0,0.0,0.0,0.0,0.0,0.0,1.0,0.0,1.0,0.0,0.0,1.0,0.0,0.0,0.0,0.0,0.0,0.0,0.0,0.0,0.0,0.0,0.0,0.0,0.0,0.0,0.0,0.0,0.0,1.0,0.0
10/16/2023,58.0,211.0,5.0,18.0,0.0,0.0,7995.0,1.0,0.0,1.0,1.0,108.0,0.0,1.0,1.0,0.0,0.0,0.0,2.0,1.0,0.0,0.0,0.0,1.0,0.0,0.0,0.0,1.0,0.0,0.0,0.0,0.0,0.0,0.0,0.0,0.0,0.0,0.0,0.0,0.0,0.0,0.0,0.0,1.0,0.0
01/16/2023,49.0,201.0,1.0,17.0,0.0,0.0,5411.0,0.0,0.0,1.0,1.0,360.0,0.0,0.0,1.0,0.0,0.0,0.0,0.0,0.0,1.0,0.0,1.0,0.0,0.0,0.0,1.0,0.0,0.0,0.0,1.0,0.0,0.0,0.0,0.0,0.0,0.0,0.0,0.0,0.0,0.0,0.0,0.0,1.0,0.0
01/03/2023,59.0,299.0,1.0,16.0,0.0,0.0,5311.0,0.0,0.0,1.0,1.0,122.0,0.0,0.0,3.0,1.0,1.0,0.0,0.0,0.0,1.0,0.0,0.0,0.0,0.0,1.0,0.0,0.0,0.0,0.0,1.0,0.0,0.0,0.0,0.0,0.0,0.0,0.0,0.0,0.0,0.0,0.0,0.0,1.0,0.0
04/07/2023,50.0,165.0,1.0,16.0,0.0,0.0,7995.0,1.0,0.0,1.0,1.0,240.0,0.0,0.0,3.0,1.0,1.0,0.0,1.0,0.0,1.0,0.0,1.0,0.0,0.0,0.0,1.0,0.0,0.0,0.0,0.0,0.0,0.0,0.0,0.0,0.0,0.0,0.0,0.0,0.0,0.0,0.0,0.0,1.0,0.0
03/06/2023,27.0,17.0,1.0,16.0,0.0,0.0,5814.0,0.0,0.0,1.0,1.0,289.0,0.0,1.0,2.0,0.0,1.0,0.0,2.0,0.0,1.0,0.0,1.0,0.0,0.0,0.0,0.0,0.0,1.0,0.0,1.0,0.0,0.0,0.0,0.0,0.0,0.0,0.0,0.0,0.0,0.0,0.0,0.0,1.0,0.0
08/02/2023,51.0,108.0,1.0,17.0,0.0,0.0,5732.0,0.0,1.0,1.0,1.0,235.0,0.0,1.0,1.0,0.0,0.0,0.0,2.0,0.0,1.0,0.0,0.0,0.0,0.0,1.0,0.0,0.0,0.0,0.0,0.0,1.0,0.0,0.0,0.0,0.0,0.0,0.0,0.0,0.0,0.0,0.0,0.0,1.0,0.0
09/25/2023,31.0,108.0,1.0,16.0,0.0,0.0,5411.0,0.0,0.0,1.0,1.0,169.0,0.0,1.0,1.0,0.0,0.0,0.0,0.0,0.0,1.0,0.0,0.0,0.0,0.0,0.0,1.0,0.0,0.0,0.0,1.0,0.0,0.0,0.0,1.0,0.0,0.0,0.0,0.0,0.0,0.0,0.0,0.0,0.0,0.0
11/28/2023,48.0,130.0,1.0,16.0,0.0,0.0,5732.0,0.0,1.0,1.0,1.0,100.0,0.0,1.0,1.0,0.0,0.0,0.0,0.0,1.0,0.0,0.0,0.0,0.0,0.0,0.0,1.0,0.0,0.0,0.0,0.0,1.0,0.0,0.0,0.0,0.0,0.0,0.0,0.0,0.0,0.0,0.0,0.0,1.0,0.0
09/08/2023,80.0,64.0,1.0,17.0,0.0,0.0,7995.0,1.0,0.0,1.0,1.0,603.0,0.0,0.0,1.0,0.0,0.0,0.0,0.0,0.0,1.0,0.0,0.0,1.0,0.0,0.0,0.0,1.0,0.0,0.0,0.0,0.0,0.0,0.0,0.0,0.0,0.0,0.0,0.0,0.0,0.0,0.0,0.0,1.0,0.0
01/17/2023,53.0,57.0,1.0,18.0,0.0,0.0,5411.0,0.0,0.0,1.0,1.0,650.0,0.0,0.0,1.0,0.0,0.0,0.0,0.0,0.0,1.0,0.0,0.0,0.0,0.0,0.0,0.0,1.0,0.0,0.0,1.0,0.0,0.0,0.0,0.0,0.0,0.0,0.0,0.0,0.0,0.0,0.0,0.0,1.0,0.0
11/30/2023,43.0,161.0,1.0,16.0,0.0,0.0,5734.0,0.0,1.0,1.0,1.0,223.0,0.0,1.0,1.0,0.0,0.0,0.0,0.0,0.0,1.0,0.0,0.0,1.0,0.0,1.0,0.0,0.0,0.0,0.0,0.0,1.0,0.0,0.0,0.0,0.0,0.0,0.0,0.0,0.0,0.0,0.0,0.0,1.0,0.0
12/15/2023,58.0,127.0,1.0,16.0,0.0,0.0,5944.0,0.0,1.0,1.0,1.0,726.0,0.0,1.0,1.0,0.0,0.0,1.0,2.0,0.0,1.0,0.0,0.0,0.0,0.0,1.0,0.0,0.0,0.0,0.0,0.0,1.0,0.0,0.0,0.0,0.0,0.0,0.0,0.0,0.0,0.0,0.0,0.0,1.0,0.0
02/20/2023,54.0,111.0,1.0,16.0,0.0,0.0,5814.0,0.0,0.0,1.0,1.0,376.0,0.0,0.0,1.0,0.0,0.0,1.0,0.0,0.0,1.0,0.0,0.0,0.0,0.0,0.0,0.0,1.0,0.0,0.0,1.0,0.0,0.0,0.0,0.0,0.0,0.0,0.0,0.0,0.0,0.0,0.0,0.0,1.0,0.0
08/23/2023,41.0,79.0,1.0,17.0,0.0,0.0,5921.0,1.0,0.0,1.0,1.0,427.0,0.0,0.0,1.0,0.0,0.0,0.0,0.0,0.0,1.0,0.0,1.0,0.0,0.0,0.0,1.0,0.0,0.0,0.0,0.0,0.0,0.0,0.0,0.0,0.0,0.0,0.0,0.0,0.0,0.0,0.0,0.0,1.0,0.0
03/15/2023,26.0,84.0,1.0,17.0,0.0,0.0,5411.0,0.0,0.0,1.0,1.0,262.0,0.0,0.0,1.0,0.0,0.0,0.0,0.0,0.0,1.0,0.0,0.0,0.0,0.0,0.0,0.0,0.0,1.0,0.0,1.0,0.0,0.0,0.0,0.0,0.0,0.0,0.0,0.0,0.0,0.0,0.0,0.0,1.0,0.0
04/24/2023,28.0,150.0,1.0,16.0,0.0,0.0,5999.0,1.0,0.0,1.0,1.0,268.0,0.0,0.0,5.0,1.0,1.0,0.0,0.0,1.0,0.0,0.0,0.0,1.0,0.0,0.0,0.0,0.0,1.0,0.0,0.0,0.0,0.0,0.0,0.0,0.0,0.0,0.0,0.0,0.0,0.0,0.0,0.0,1.0,0.0
11/27/2023,48.0,10.0,1.0,16.0,0.0,0.0,5411.0,0.0,0.0,1.0,1.0,177.0,0.0,1.0,3.0,1.0,1.0,0.0,2.0,0.0,1.0,0.0,1.0,0.0,0.0,0.0,1.0,0.0,0.0,0.0,1.0,0.0,0.0,0.0,0.0,0.0,0.0,0.0,0.0,0.0,0.0,0.0,0.0,1.0,0.0
05/10/2023,68.0,76.0,1.0,16.0,0.0,0.0,4111.0,0.0,0.0,1.0,1.0,603.0,0.0,0.0,2.0,0.0,1.0,0.0,0.0,0.0,1.0,0.0,0.0,1.0,0.0,1.0,0.0,0.0,0.0,0.0,1.0,0.0,0.0,0.0,0.0,0.0,0.0,0.0,0.0,0.0,0.0,0.0,0.0,1.0,0.0
11/09/2023,24.0,101.0,1.0,16.0,0.0,0.0,5311.0,0.0,0.0,1.0,1.0,513.0,0.0,0.0,1.0,0.0,0.0,0.0,0.0,1.0,0.0,0.0,0.0,1.0,0.0,0.0,0.0,0.0,1.0,0.0,1.0,0.0,0.0,0.0,0.0,0.0,0.0,0.0,0.0,0.0,0.0,0.0,0.0,1.0,0.0
04/20/2023,76.0,77.0,1.0,18.0,0.0,0.0,5411.0,0.0,0.0,1.0,1.0,427.0,0.0,0.0,5.0,1.0,1.0,1.0,0.0,0.0,1.0,0.0,1.0,0.0,0.0,0.0,0.0,1.0,0.0,0.0,1.0,0.0,0.0,0.0,0.0,0.0,0.0,0.0,0.0,0.0,0.0,0.0,0.0,1.0,0.0
02/06/2023,40.0,145.0,1.0,16.0,0.0,0.0,4829.0,1.0,0.0,1.0,1.0,223.0,0.0,0.0,1.0,0.0,0.0,0.0,0.0,0.0,1.0,0.0,0.0,0.0,0.0,1.0,0.0,0.0,0.0,0.0,0.0,0.0,0.0,0.0,0.0,0.0,0.0,1.0,0.0,0.0,0.0,0.0,0.0,0.0,0.0
09/05/2023,24.0,68.0,1.0,17.0,0.0,0.0,4111.0,0.0,0.0,1.0,1.0,137.0,0.0,0.0,1.0,0.0,0.0,0.0,0.0,0.0,1.0,0.0,0.0,1.0,0.0,0.0,0.0,0.0,1.0,0.0,1.0,0.0,0.0,0.0,0.0,0.0,0.0,0.0,0.0,0.0,0.0,0.0,0.0,1.0,0.0
03/08/2023,52.0,276.0,1.0,18.0,0.0,0.0,4829.0,1.0,0.0,1.0,1.0,602.0,0.0,0.0,1.0,0.0,0.0,0.0,0.0,0.0,1.0,0.0,0.0,1.0,0.0,1.0,0.0,0.0,0.0,0.0,0.0,0.0,0.0,0.0,0.0,0.0,0.0,0.0,0.0,0.0,0.0,0.0,0.0,1.0,0.0
12/05/2023,27.0,124.0,1.0,18.0,0.0,0.0,5921.0,1.0,0.0,1.0,1.0,177.0,0.0,1.0,1.0,0.0,0.0,0.0,2.0,1.0,0.0,0.0,0.0,1.0,0.0,0.0,0.0,0.0,1.0,0.0,0.0,0.0,0.0,0.0,0.0,0.0,0.0,0.0,0.0,0.0,0.0,0.0,0.0,1.0,0.0
01/01/2024,29.0,274.0,1.0,17.0,0.0,0.0,5732.0,0.0,1.0,1.0,1.0,152.0,0.0,1.0,1.0,0.0,0.0,0.0,0.0,0.0,1.0,0.0,0.0,1.0,0.0,1.0,0.0,0.0,0.0,0.0,0.0,1.0,0.0,0.0,0.0,0.0,0.0,0.0,0.0,0.0,0.0,0.0,0.0,1.0,0.0
03/30/2023,19.0,190.0,1.0,17.0,0.0,0.0,4829.0,1.0,0.0,1.0,1.0,171.0,0.0,0.0,1.0,0.0,0.0,0.0,2.0,0.0,1.0,0.0,1.0,0.0,0.0,0.0,0.0,0.0,1.0,0.0,0.0,0.0,0.0,0.0,0.0,0.0,0.0,0.0,0.0,0.0,0.0,0.0,0.0,1.0,0.0
07/28/2023,63.0,51.0,1.0,17.0,0.0,0.0,5311.0,0.0,0.0,1.0,1.0,686.0,0.0,0.0,1.0,0.0,0.0,0.0,0.0,0.0,1.0,0.0,1.0,0.0,0.0,1.0,0.0,0.0,0.0,0.0,1.0,0.0,0.0,0.0,0.0,0.0,0.0,0.0,0.0,0.0,0.0,0.0,0.0,1.0,0.0
08/07/2023,40.0,51.0,1.0,16.0,0.0,0.0,6011.0,1.0,0.0,1.0,1.0,529.0,0.0,0.0,1.0,0.0,0.0,1.0,2.0,1.0,0.0,0.0,0.0,1.0,0.0,1.0,0.0,0.0,0.0,0.0,0.0,0.0,0.0,0.0,1.0,0.0,0.0,0.0,0.0,0.0,0.0,0.0,0.0,0.0,0.0
07/31/2023,49.0,163.0,1.0,17.0,0.0,0.0,7995.0,1.0,0.0,1.0,1.0,171.0,0.0,1.0,1.0,0.0,0.0,0.0,2.0,1.0,0.0,0.0,1.0,0.0,0.0,0.0,1.0,0.0,0.0,0.0,0.0,0.0,0.0,0.0,0.0,0.0,0.0,0.0,0.0,0.0,0.0,0.0,0.0,1.0,0.0
06/08/2023,51.0,66.0,2.0,17.0,0.0,0.0,5311.0,0.0,0.0,1.0,1.0,95.0,0.0,0.0,1.0,0.0,0.0,0.0,0.0,0.0,1.0,0.0,0.0,0.0,0.0,0.0,1.0,0.0,0.0,0.0,1.0,0.0,0.0,0.0,0.0,0.0,0.0,0.0,0.0,0.0,0.0,0.0,0.0,1.0,0.0
02/23/2023,56.0,33.0,1.0,16.0,0.0,0.0,5814.0,0.0,0.0,1.0,1.0,170.0,0.0,0.0,3.0,1.0,1.0,0.0,0.0,0.0,1.0,0.0,0.0,0.0,0.0,1.0,0.0,0.0,0.0,0.0,1.0,0.0,0.0,0.0,0.0,0.0,0.0,0.0,1.0,0.0,0.0,0.0,0.0,0.0,0.0
03/08/2023,59.0,47.0,1.0,16.0,0.0,0.0,5812.0,0.0,0.0,1.0,1.0,160.0,0.0,0.0,1.0,0.0,0.0,0.0,0.0,0.0,1.0,0.0,0.0,1.0,0.0,1.0,0.0,0.0,0.0,0.0,1.0,0.0,0.0,0.0,0.0,0.0,0.0,0.0,0.0,0.0,0.0,0.0,1.0,0.0,0.0
10/31/2023,54.0,167.0,1.0,16.0,0.0,0.0,4111.0,0.0,0.0,1.0,1.0,69.0,0.0,0.0,4.0,1.0,1.0,0.0,0.0,0.0,1.0,0.0,0.0,1.0,0.0,0.0,1.0,0.0,0.0,0.0,1.0,0.0,0.0,0.0,0.0,0.0,0.0,0.0,0.0,0.0,0.0,0.0,0.0,1.0,0.0
03/10/2023,54.0,14.0,1.0,17.0,0.0,0.0,5732.0,0.0,1.0,1.0,1.0,371.0,0.0,0.0,1.0,0.0,0.0,0.0,0.0,0.0,1.0,0.0,1.0,0.0,0.0,1.0,0.0,0.0,0.0,0.0,0.0,1.0,0.0,0.0,0.0,0.0,0.0,0.0,0.0,0.0,0.0,0.0,0.0,1.0,0.0
04/17/2023,68.0,129.0,1.0,16.0,0.0,0.0,5812.0,0.0,0.0,1.0,1.0,734.0,0.0,0.0,1.0,0.0,0.0,0.0,0.0,1.0,0.0,0.0,1.0,0.0,0.0,1.0,0.0,0.0,0.0,0.0,1.0,0.0,0.0,0.0,0.0,0.0,0.0,0.0,0.0,0.0,0.0,0.0,0.0,1.0,0.0
09/20/2023,24.0,75.0,1.0,16.0,0.0,0.0,5734.0,0.0,1.0,1.0,1.0,283.0,0.0,1.0,1.0,0.0,0.0,0.0,0.0,0.0,1.0,0.0,0.0,1.0,0.0,0.0,0.0,0.0,1.0,0.0,0.0,1.0,0.0,0.0,0.0,0.0,0.0,0.0,0.0,0.0,0.0,0.0,0.0,1.0,0.0
01/18/2023,75.0,162.0,1.0,17.0,0.0,0.0,5944.0,0.0,1.0,1.0,1.0,158.0,0.0,0.0,1.0,0.0,0.0,0.0,0.0,1.0,0.0,0.0,0.0,1.0,0.0,0.0,0.0,1.0,0.0,0.0,0.0,1.0,0.0,0.0,0.0,0.0,0.0,0.0,0.0,0.0,0.0,0.0,0.0,1.0,0.0
05/29/2023,67.0,70.0,1.0,17.0,0.0,0.0,7995.0,1.0,0.0,1.0,1.0,239.0,0.0,0.0,1.0,0.0,0.0,0.0,0.0,0.0,1.0,0.0,0.0,1.0,0.0,0.0,0.0,1.0,0.0,0.0,0.0,0.0,0.0,0.0,0.0,0.0,0.0,0.0,0.0,0.0,0.0,0.0,0.0,1.0,0.0
03/01/2023,78.0,282.0,1.0,17.0,0.0,0.0,5732.0,0.0,1.0,1.0,1.0,184.0,0.0,0.0,1.0,0.0,0.0,0.0,0.0,1.0,0.0,0.0,0.0,0.0,0.0,0.0,0.0,1.0,0.0,0.0,0.0,1.0,0.0,0.0,0.0,0.0,0.0,0.0,0.0,0.0,0.0,0.0,0.0,1.0,0.0
02/27/2023,58.0,87.0,5.0,16.0,0.0,0.0,7995.0,1.0,0.0,1.0,1.0,537.0,0.0,0.0,1.0,0.0,0.0,0.0,0.0,1.0,0.0,0.0,1.0,0.0,0.0,1.0,0.0,0.0,0.0,0.0,0.0,0.0,0.0,0.0,0.0,0.0,0.0,0.0,0.0,0.0,0.0,0.0,0.0,1.0,0.0
05/09/2023,18.0,137.0,1.0,16.0,0.0,0.0,4829.0,1.0,0.0,1.0,1.0,347.0,0.0,0.0,1.0,0.0,0.0,0.0,0.0,1.0,0.0,0.0,0.0,1.0,0.0,0.0,0.0,0.0,1.0,0.0,0.0,0.0,0.0,0.0,0.0,0.0,0.0,0.0,0.0,0.0,0.0,0.0,0.0,1.0,0.0
07/12/2023,33.0,295.0,1.0,16.0,0.0,0.0,5732.0,0.0,1.0,1.0,1.0,378.0,0.0,1.0,1.0,0.0,0.0,0.0,0.0,0.0,1.0,0.0,0.0,0.0,0.0,1.0,0.0,0.0,0.0,0.0,0.0,1.0,0.0,0.0,0.0,0.0,0.0,0.0,0.0,0.0,0.0,0.0,0.0,1.0,0.0
01/26/2023,21.0,291.0,1.0,16.0,0.0,0.0,4121.0,0.0,0.0,1.0,1.0,184.0,0.0,0.0,1.0,0.0,0.0,0.0,0.0,0.0,1.0,0.0,1.0,0.0,0.0,0.0,0.0,0.0,1.0,0.0,1.0,0.0,0.0,0.0,0.0,0.0,0.0,0.0,0.0,0.0,0.0,0.0,0.0,1.0,0.0
06/20/2023,67.0,103.0,1.0,17.0,0.0,0.0,5732.0,0.0,1.0,1.0,1.0,258.0,0.0,1.0,3.0,1.0,1.0,0.0,0.0,0.0,1.0,0.0,0.0,1.0,0.0,1.0,0.0,0.0,0.0,0.0,0.0,1.0,0.0,0.0,0.0,0.0,0.0,0.0,0.0,0.0,0.0,0.0,0.0,1.0,0.0
07/27/2023,50.0,125.0,1.0,18.0,0.0,0.0,7995.0,1.0,0.0,1.0,1.0,87.0,0.0,0.0,1.0,0.0,0.0,0.0,0.0,0.0,1.0,0.0,0.0,1.0,0.0,0.0,1.0,0.0,0.0,0.0,0.0,0.0,0.0,0.0,0.0,0.0,0.0,0.0,0.0,0.0,0.0,0.0,0.0,1.0,0.0
03/07/2023,19.0,25.0,1.0,17.0,0.0,0.0,5732.0,0.0,1.0,1.0,1.0,285.0,0.0,0.0,1.0,0.0,0.0,0.0,0.0,0.0,1.0,0.0,0.0,0.0,0.0,0.0,0.0,0.0,1.0,0.0,0.0,1.0,0.0,0.0,0.0,0.0,0.0,0.0,0.0,0.0,0.0,0.0,0.0,1.0,0.0
01/31/2023,75.0,64.0,1.0,17.0,0.0,0.0,5411.0,0.0,0.0,1.0,1.0,872.0,0.0,0.0,1.0,0.0,0.0,0.0,0.0,1.0,0.0,0.0,1.0,0.0,0.0,0.0,0.0,1.0,0.0,0.0,1.0,0.0,0.0,0.0,0.0,0.0,0.0,0.0,0.0,0.0,0.0,0.0,0.0,1.0,0.0
12/20/2023,60.0,66.0,1.0,17.0,0.0,0.0,5999.0,1.0,0.0,1.0,1.0,235.0,0.0,1.0,1.0,0.0,0.0,0.0,2.0,0.0,1.0,0.0,0.0,0.0,0.0,1.0,0.0,0.0,0.0,0.0,0.0,0.0,0.0,0.0,0.0,0.0,0.0,0.0,0.0,0.0,0.0,0.0,0.0,1.0,0.0
02/06/2023,41.0,134.0,1.0,16.0,0.0,0.0,7299.0,1.0,0.0,1.0,1.0,438.0,0.0,0.0,1.0,0.0,0.0,0.0,2.0,0.0,1.0,0.0,1.0,0.0,0.0,1.0,0.0,0.0,0.0,0.0,0.0,0.0,0.0,0.0,0.0,0.0,0.0,0.0,0.0,0.0,0.0,0.0,0.0,1.0,0.0
12/26/2023,53.0,41.0,1.0,16.0,0.0,0.0,5814.0,0.0,0.0,1.0,1.0,514.0,0.0,1.0,5.0,1.0,1.0,0.0,0.0,0.0,1.0,0.0,0.0,0.0,0.0,0.0,0.0,1.0,0.0,0.0,1.0,0.0,0.0,0.0,0.0,0.0,0.0,0.0,0.0,0.0,0.0,0.0,0.0,1.0,0.0
04/20/2023,28.0,50.0,1.0,17.0,0.0,0.0,5814.0,0.0,0.0,1.0,1.0,777.0,0.0,1.0,1.0,0.0,0.0,0.0,0.0,0.0,1.0,0.0,0.0,0.0,0.0,0.0,0.0,0.0,1.0,0.0,1.0,0.0,0.0,0.0,0.0,0.0,0.0,0.0,0.0,0.0,0.0,0.0,0.0,1.0,0.0
06/20/2023,27.0,101.0,1.0,17.0,0.0,0.0,5732.0,0.0,1.0,1.0,1.0,38.0,1.0,0.0,1.0,0.0,0.0,0.0,0.0,0.0,1.0,0.0,0.0,0.0,0.0,0.0,0.0,0.0,1.0,0.0,0.0,1.0,0.0,0.0,0.0,0.0,0.0,0.0,0.0,0.0,0.0,0.0,0.0,1.0,0.0
08/10/2023,30.0,28.0,1.0,18.0,0.0,0.0,7995.0,1.0,0.0,1.0,1.0,119.0,0.0,1.0,1.0,0.0,0.0,0.0,2.0,0.0,1.0,0.0,0.0,1.0,0.0,0.0,1.0,0.0,0.0,0.0,0.0,0.0,0.0,0.0,0.0,0.0,0.0,0.0,0.0,0.0,0.0,0.0,0.0,1.0,0.0
09/18/2023,26.0,141.0,1.0,17.0,0.0,0.0,6011.0,1.0,0.0,1.0,1.0,283.0,0.0,0.0,2.0,0.0,1.0,0.0,0.0,1.0,0.0,0.0,0.0,1.0,0.0,0.0,0.0,0.0,1.0,0.0,0.0,0.0,0.0,0.0,0.0,0.0,0.0,0.0,0.0,0.0,0.0,0.0,0.0,1.0,0.0
10/02/2023,34.0,105.0,1.0,16.0,0.0,0.0,5814.0,0.0,0.0,1.0,1.0,59.0,1.0,0.0,1.0,0.0,0.0,0.0,0.0,0.0,1.0,0.0,0.0,0.0,0.0,0.0,1.0,0.0,0.0,0.0,1.0,0.0,0.0,0.0,0.0,0.0,0.0,0.0,0.0,0.0,0.0,0.0,0.0,1.0,0.0
08/25/2023,56.0,244.0,1.0,18.0,0.0,0.0,5732.0,0.0,1.0,1.0,1.0,381.0,0.0,0.0,1.0,0.0,0.0,0.0,0.0,0.0,1.0,0.0,0.0,1.0,0.0,0.0,1.0,0.0,0.0,0.0,0.0,1.0,0.0,0.0,0.0,0.0,0.0,0.0,0.0,0.0,0.0,0.0,0.0,1.0,0.0
06/22/2023,58.0,179.0,1.0,18.0,0.0,0.0,7995.0,1.0,0.0,1.0,1.0,1080.0,0.0,0.0,2.0,0.0,1.0,0.0,1.0,1.0,0.0,0.0,0.0,1.0,0.0,1.0,0.0,0.0,0.0,0.0,0.0,0.0,0.0,0.0,0.0,0.0,0.0,0.0,0.0,0.0,0.0,0.0,0.0,1.0,0.0
10/30/2023,25.0,178.0,1.0,17.0,0.0,0.0,5311.0,0.0,0.0,1.0,1.0,285.0,0.0,1.0,1.0,0.0,0.0,0.0,0.0,0.0,1.0,0.0,0.0,1.0,0.0,0.0,0.0,0.0,1.0,0.0,1.0,0.0,0.0,0.0,0.0,0.0,0.0,0.0,0.0,0.0,0.0,0.0,0.0,1.0,0.0
01/02/2023,28.0,84.0,1.0,16.0,0.0,0.0,5944.0,0.0,1.0,1.0,1.0,881.0,0.0,0.0,1.0,0.0,0.0,0.0,0.0,1.0,0.0,0.0,1.0,0.0,0.0,0.0,0.0,0.0,1.0,0.0,0.0,1.0,0.0,0.0,0.0,0.0,0.0,0.0,0.0,0.0,0.0,0.0,0.0,1.0,0.0
10/30/2023,44.0,34.0,1.0,16.0,0.0,0.0,4121.0,0.0,0.0,1.0,1.0,482.0,0.0,1.0,2.0,0.0,1.0,1.0,2.0,0.0,1.0,0.0,0.0,1.0,0.0,1.0,0.0,0.0,0.0,0.0,1.0,0.0,0.0,0.0,0.0,0.0,0.0,0.0,0.0,0.0,0.0,0.0,0.0,1.0,0.0
07/07/2023,52.0,161.0,1.0,17.0,0.0,0.0,4111.0,0.0,0.0,1.0,1.0,240.0,0.0,1.0,1.0,0.0,0.0,0.0,0.0,0.0,1.0,0.0,0.0,0.0,0.0,1.0,0.0,0.0,0.0,0.0,1.0,0.0,0.0,0.0,0.0,0.0,0.0,0.0,0.0,0.0,0.0,0.0,0.0,1.0,0.0
07/19/2023,60.0,92.0,1.0,16.0,0.0,0.0,4121.0,0.0,0.0,1.0,1.0,1387.0,0.0,0.0,1.0,0.0,0.0,0.0,0.0,0.0,1.0,0.0,0.0,0.0,0.0,0.0,0.0,1.0,0.0,0.0,1.0,0.0,0.0,0.0,0.0,0.0,0.0,0.0,0.0,0.0,0.0,0.0,0.0,1.0,0.0
01/25/2023,53.0,68.0,1.0,17.0,0.0,0.0,5311.0,0.0,0.0,1.0,1.0,341.0,0.0,0.0,1.0,0.0,0.0,0.0,0.0,0.0,1.0,0.0,0.0,0.0,0.0,0.0,1.0,0.0,0.0,0.0,1.0,0.0,0.0,0.0,0.0,0.0,0.0,0.0,0.0,0.0,0.0,0.0,0.0,1.0,0.0
02/06/2023,18.0,210.0,1.0,17.0,0.0,0.0,5732.0,0.0,1.0,1.0,1.0,197.0,0.0,0.0,1.0,0.0,0.0,0.0,0.0,0.0,1.0,0.0,0.0,0.0,0.0,0.0,0.0,0.0,1.0,0.0,0.0,1.0,0.0,1.0,0.0,0.0,0.0,0.0,0.0,0.0,0.0,0.0,0.0,0.0,0.0
08/11/2023,52.0,109.0,5.0,17.0,0.0,0.0,5814.0,0.0,0.0,1.0,1.0,68.0,0.0,0.0,1.0,0.0,0.0,0.0,0.0,1.0,0.0,0.0,1.0,0.0,0.0,0.0,0.0,1.0,0.0,0.0,1.0,0.0,0.0,0.0,0.0,0.0,0.0,0.0,0.0,0.0,0.0,0.0,0.0,1.0,0.0
12/08/2023,19.0,148.0,1.0,16.0,0.0,0.0,4829.0,1.0,0.0,1.0,1.0,674.0,0.0,1.0,1.0,0.0,0.0,0.0,2.0,0.0,1.0,0.0,0.0,1.0,0.0,0.0,0.0,0.0,1.0,0.0,0.0,0.0,0.0,0.0,0.0,0.0,0.0,0.0,0.0,0.0,0.0,0.0,0.0,1.0,0.0
11/01/2023,59.0,80.0,1.0,16.0,0.0,0.0,4121.0,0.0,0.0,1.0,1.0,475.0,0.0,1.0,2.0,0.0,1.0,0.0,0.0,0.0,1.0,0.0,0.0,1.0,0.0,0.0,0.0,1.0,0.0,0.0,1.0,0.0,0.0,0.0,0.0,0.0,0.0,0.0,0.0,0.0,0.0,0.0,0.0,1.0,0.0
10/04/2023,45.0,263.0,1.0,17.0,0.0,0.0,5311.0,0.0,0.0,1.0,1.0,195.0,0.0,1.0,1.0,0.0,0.0,0.0,0.0,0.0,1.0,0.0,0.0,0.0,0.0,1.0,0.0,0.0,0.0,0.0,1.0,0.0,0.0,0.0,0.0,0.0,0.0,0.0,0.0,0.0,0.0,0.0,0.0,1.0,0.0
06/09/2023,42.0,259.0,1.0,16.0,0.0,0.0,4111.0,0.0,0.0,1.0,1.0,43.0,1.0,0.0,1.0,0.0,0.0,0.0,0.0,0.0,1.0,0.0,1.0,0.0,0.0,0.0,1.0,0.0,0.0,0.0,1.0,0.0,0.0,0.0,0.0,0.0,0.0,0.0,0.0,0.0,0.0,0.0,0.0,1.0,0.0
11/13/2023,55.0,110.0,1.0,16.0,0.0,0.0,5732.0,0.0,1.0,1.0,1.0,379.0,0.0,1.0,1.0,0.0,0.0,1.0,2.0,0.0,1.0,0.0,0.0,0.0,0.0,0.0,1.0,0.0,0.0,0.0,0.0,1.0,0.0,0.0,0.0,0.0,0.0,0.0,0.0,0.0,0.0,0.0,0.0,1.0,0.0
05/26/2023,56.0,53.0,1.0,18.0,0.0,0.0,4121.0,0.0,0.0,1.0,1.0,349.0,0.0,1.0,1.0,0.0,0.0,0.0,0.0,1.0,0.0,0.0,1.0,0.0,0.0,0.0,0.0,1.0,0.0,0.0,1.0,0.0,0.0,0.0,0.0,0.0,0.0,0.0,0.0,0.0,0.0,0.0,0.0,1.0,0.0
08/21/2023,50.0,106.0,1.0,16.0,0.0,0.0,7995.0,1.0,0.0,1.0,1.0,655.0,0.0,0.0,1.0,0.0,0.0,0.0,0.0,0.0,1.0,0.0,0.0,0.0,0.0,1.0,0.0,0.0,0.0,0.0,0.0,0.0,0.0,0.0,0.0,0.0,0.0,0.0,0.0,0.0,0.0,0.0,0.0,1.0,0.0
06/26/2023,40.0,135.0,1.0,16.0,0.0,0.0,4111.0,0.0,0.0,1.0,1.0,1115.0,0.0,0.0,1.0,0.0,0.0,0.0,0.0,0.0,1.0,0.0,1.0,0.0,0.0,0.0,1.0,0.0,0.0,0.0,1.0,0.0,0.0,0.0,0.0,0.0,0.0,0.0,0.0,0.0,0.0,0.0,0.0,1.0,0.0
08/28/2023,54.0,171.0,1.0,17.0,0.0,0.0,5732.0,0.0,1.0,1.0,1.0,1125.0,0.0,1.0,1.0,0.0,0.0,0.0,0.0,1.0,0.0,0.0,0.0,1.0,0.0,1.0,0.0,0.0,0.0,0.0,0.0,1.0,0.0,0.0,0.0,0.0,0.0,0.0,0.0,0.0,0.0,0.0,0.0,1.0,0.0
10/20/2023,67.0,268.0,1.0,17.0,0.0,0.0,5732.0,0.0,1.0,1.0,1.0,285.0,0.0,1.0,1.0,0.0,0.0,0.0,0.0,0.0,1.0,0.0,0.0,0.0,0.0,0.0,0.0,1.0,0.0,0.0,0.0,1.0,0.0,0.0,0.0,0.0,0.0,0.0,0.0,0.0,0.0,0.0,0.0,1.0,0.0
07/03/2023,26.0,53.0,1.0,18.0,0.0,0.0,5814.0,0.0,0.0,1.0,1.0,720.0,0.0,0.0,1.0,0.0,0.0,0.0,0.0,1.0,0.0,0.0,0.0,1.0,0.0,0.0,1.0,0.0,0.0,0.0,1.0,0.0,0.0,0.0,0.0,0.0,0.0,0.0,0.0,0.0,0.0,0.0,0.0,1.0,0.0
03/13/2023,40.0,173.0,1.0,17.0,0.0,0.0,5944.0,0.0,1.0,1.0,1.0,341.0,0.0,0.0,3.0,1.0,1.0,0.0,1.0,0.0,1.0,0.0,0.0,1.0,0.0,1.0,0.0,0.0,0.0,0.0,0.0,1.0,0.0,0.0,0.0,0.0,0.0,0.0,0.0,0.0,0.0,0.0,0.0,1.0,0.0
11/16/2023,24.0,177.0,1.0,18.0,0.0,0.0,5732.0,0.0,1.0,1.0,0.0,283.0,0.0,1.0,1.0,0.0,0.0,0.0,0.0,1.0,0.0,0.0,0.0,1.0,0.0,0.0,0.0,0.0,1.0,0.0,0.0,1.0,0.0,0.0,0.0,0.0,0.0,0.0,0.0,0.0,0.0,0.0,0.0,1.0,0.0
04/10/2023,18.0,157.0,1.0,16.0,0.0,0.0,5944.0,0.0,1.0,1.0,1.0,67.0,0.0,0.0,1.0,0.0,0.0,0.0,0.0,0.0,1.0,0.0,0.0,0.0,0.0,0.0,0.0,0.0,1.0,0.0,0.0,1.0,0.0,0.0,0.0,0.0,0.0,0.0,0.0,0.0,0.0,0.0,0.0,1.0,0.0
07/03/2023,69.0,90.0,1.0,18.0,0.0,0.0,5944.0,0.0,1.0,1.0,1.0,351.0,0.0,0.0,1.0,0.0,0.0,0.0,0.0,0.0,1.0,0.0,0.0,0.0,0.0,0.0,0.0,1.0,0.0,0.0,0.0,1.0,0.0,0.0,0.0,0.0,0.0,0.0,0.0,0.0,0.0,0.0,0.0,1.0,0.0
09/15/2023,62.0,83.0,1.0,17.0,0.0,0.0,5814.0,0.0,0.0,1.0,1.0,543.0,0.0,1.0,1.0,0.0,0.0,0.0,2.0,1.0,0.0,0.0,0.0,1.0,0.0,1.0,0.0,0.0,0.0,0.0,1.0,0.0,0.0,0.0,1.0,0.0,0.0,0.0,0.0,0.0,0.0,0.0,0.0,0.0,0.0
11/23/2023,39.0,177.0,1.0,16.0,0.0,0.0,4111.0,0.0,0.0,1.0,1.0,789.0,0.0,0.0,1.0,0.0,0.0,0.0,0.0,0.0,1.0,0.0,0.0,0.0,0.0,0.0,1.0,0.0,0.0,0.0,1.0,0.0,0.0,0.0,0.0,0.0,0.0,0.0,0.0,0.0,0.0,0.0,0.0,1.0,0.0
05/10/2023,64.0,102.0,1.0,16.0,0.0,0.0,7299.0,1.0,0.0,1.0,1.0,113.0,0.0,0.0,1.0,0.0,0.0,0.0,0.0,0.0,1.0,0.0,0.0,0.0,0.0,1.0,0.0,0.0,0.0,0.0,0.0,0.0,0.0,0.0,0.0,1.0,0.0,0.0,0.0,0.0,0.0,0.0,0.0,0.0,0.0
05/29/2023,68.0,114.0,1.0,16.0,0.0,0.0,5411.0,0.0,0.0,1.0,1.0,409.0,0.0,1.0,1.0,0.0,0.0,0.0,0.0,0.0,1.0,0.0,0.0,0.0,0.0,1.0,0.0,0.0,0.0,0.0,1.0,0.0,0.0,0.0,0.0,0.0,0.0,0.0,0.0,0.0,0.0,0.0,0.0,1.0,0.0
08/14/2023,77.0,266.0,1.0,16.0,0.0,0.0,6011.0,1.0,0.0,1.0,1.0,510.0,0.0,0.0,1.0,0.0,0.0,0.0,0.0,0.0,1.0,0.0,0.0,0.0,0.0,0.0,0.0,1.0,0.0,0.0,0.0,0.0,0.0,0.0,0.0,0.0,0.0,0.0,0.0,0.0,0.0,0.0,0.0,1.0,0.0
11/23/2023,71.0,40.0,1.0,17.0,0.0,0.0,5311.0,0.0,0.0,1.0,1.0,917.0,0.0,1.0,1.0,0.0,0.0,0.0,2.0,1.0,0.0,0.0,0.0,1.0,0.0,0.0,0.0,1.0,0.0,0.0,1.0,0.0,0.0,0.0,0.0,0.0,0.0,0.0,0.0,0.0,0.0,0.0,0.0,1.0,0.0
06/13/2023,35.0,176.0,1.0,17.0,0.0,0.0,7299.0,1.0,0.0,1.0,1.0,565.0,0.0,1.0,1.0,0.0,0.0,0.0,2.0,0.0,1.0,0.0,0.0,1.0,0.0,0.0,1.0,0.0,0.0,0.0,0.0,0.0,0.0,0.0,0.0,0.0,0.0,0.0,0.0,0.0,0.0,0.0,0.0,1.0,0.0
05/15/2023,68.0,224.0,1.0,16.0,0.0,0.0,6011.0,1.0,0.0,1.0,1.0,315.0,0.0,0.0,1.0,0.0,0.0,0.0,0.0,0.0,1.0,0.0,0.0,0.0,0.0,1.0,0.0,0.0,0.0,0.0,0.0,0.0,0.0,0.0,0.0,0.0,0.0,0.0,0.0,0.0,0.0,0.0,0.0,1.0,0.0
03/13/2023,58.0,124.0,1.0,16.0,0.0,0.0,5732.0,0.0,1.0,1.0,1.0,381.0,0.0,0.0,1.0,0.0,0.0,0.0,0.0,0.0,1.0,0.0,0.0,1.0,0.0,0.0,1.0,0.0,0.0,0.0,0.0,1.0,0.0,0.0,0.0,0.0,0.0,0.0,0.0,0.0,0.0,0.0,0.0,1.0,0.0
02/06/2023,29.0,257.0,1.0,16.0,0.0,0.0,5311.0,0.0,0.0,1.0,1.0,341.0,0.0,0.0,1.0,0.0,0.0,0.0,0.0,0.0,1.0,0.0,0.0,0.0,0.0,1.0,0.0,0.0,0.0,0.0,1.0,0.0,0.0,0.0,0.0,0.0,0.0,0.0,0.0,0.0,0.0,0.0,1.0,0.0,0.0
08/04/2023,25.0,83.0,1.0,17.0,0.0,0.0,4111.0,0.0,0.0,1.0,1.0,353.0,0.0,1.0,1.0,0.0,0.0,0.0,0.0,0.0,1.0,0.0,1.0,0.0,0.0,0.0,0.0,0.0,1.0,0.0,1.0,0.0,0.0,0.0,0.0,0.0,0.0,0.0,0.0,0.0,0.0,0.0,0.0,1.0,0.0
02/28/2023,27.0,10.0,1.0,17.0,0.0,0.0,4111.0,0.0,0.0,1.0,1.0,272.0,0.0,0.0,2.0,0.0,1.0,0.0,0.0,1.0,0.0,0.0,1.0,0.0,0.0,0.0,1.0,0.0,0.0,0.0,1.0,0.0,0.0,0.0,0.0,0.0,0.0,0.0,0.0,0.0,0.0,0.0,0.0,1.0,0.0
09/05/2023,31.0,129.0,1.0,16.0,0.0,0.0,7995.0,1.0,0.0,1.0,1.0,476.0,0.0,0.0,3.0,1.0,1.0,0.0,0.0,0.0,1.0,0.0,1.0,0.0,0.0,0.0,1.0,0.0,0.0,0.0,0.0,0.0,0.0,0.0,0.0,0.0,0.0,0.0,0.0,0.0,0.0,0.0,0.0,1.0,0.0
09/27/2023,40.0,66.0,1.0,16.0,0.0,0.0,7995.0,1.0,0.0,1.0,1.0,333.0,0.0,1.0,5.0,1.0,1.0,0.0,2.0,1.0,0.0,0.0,1.0,0.0,0.0,0.0,1.0,0.0,0.0,0.0,0.0,0.0,0.0,0.0,0.0,0.0,0.0,0.0,0.0,0.0,0.0,0.0,0.0,1.0,0.0
10/16/2023,57.0,143.0,1.0,17.0,0.0,0.0,5921.0,1.0,0.0,1.0,1.0,424.0,0.0,1.0,1.0,0.0,0.0,0.0,2.0,0.0,1.0,0.0,1.0,0.0,0.0,0.0,1.0,0.0,0.0,0.0,0.0,0.0,0.0,0.0,0.0,0.0,0.0,0.0,0.0,0.0,0.0,0.0,0.0,1.0,0.0
01/24/2023,55.0,216.0,1.0,17.0,0.0,0.0,4121.0,0.0,0.0,1.0,1.0,424.0,0.0,0.0,2.0,0.0,1.0,0.0,0.0,0.0,1.0,0.0,0.0,1.0,0.0,0.0,0.0,1.0,0.0,0.0,1.0,0.0,0.0,0.0,0.0,0.0,0.0,0.0,0.0,0.0,0.0,0.0,0.0,1.0,0.0
09/28/2023,20.0,176.0,1.0,16.0,0.0,0.0,7299.0,1.0,0.0,1.0,1.0,124.0,0.0,0.0,1.0,0.0,0.0,0.0,0.0,0.0,1.0,0.0,0.0,0.0,0.0,0.0,0.0,0.0,1.0,0.0,0.0,0.0,0.0,0.0,0.0,0.0,0.0,0.0,0.0,0.0,0.0,0.0,0.0,1.0,0.0
08/25/2023,31.0,14.0,1.0,18.0,0.0,0.0,5999.0,1.0,0.0,1.0,1.0,421.0,0.0,0.0,1.0,0.0,0.0,0.0,0.0,0.0,1.0,0.0,1.0,0.0,0.0,0.0,1.0,0.0,0.0,0.0,0.0,0.0,0.0,0.0,0.0,0.0,0.0,0.0,0.0,0.0,0.0,0.0,0.0,1.0,0.0
03/03/2023,67.0,141.0,1.0,16.0,0.0,0.0,5921.0,1.0,0.0,1.0,1.0,205.0,0.0,0.0,1.0,0.0,0.0,0.0,0.0,0.0,1.0,0.0,1.0,0.0,0.0,1.0,0.0,0.0,0.0,0.0,0.0,0.0,0.0,0.0,0.0,0.0,0.0,0.0,0.0,0.0,0.0,0.0,0.0,1.0,0.0
03/14/2023,73.0,94.0,5.0,17.0,0.0,0.0,7299.0,1.0,0.0,1.0,1.0,768.0,0.0,0.0,1.0,0.0,0.0,0.0,0.0,1.0,0.0,0.0,0.0,1.0,0.0,0.0,0.0,1.0,0.0,0.0,0.0,0.0,0.0,0.0,0.0,0.0,0.0,0.0,0.0,0.0,0.0,0.0,0.0,1.0,0.0
10/30/2023,25.0,129.0,1.0,16.0,0.0,0.0,4829.0,1.0,0.0,1.0,1.0,529.0,0.0,1.0,2.0,0.0,1.0,0.0,2.0,0.0,1.0,0.0,0.0,1.0,0.0,0.0,0.0,0.0,1.0,0.0,0.0,0.0,0.0,0.0,0.0,1.0,0.0,0.0,0.0,0.0,0.0,0.0,0.0,0.0,0.0
09/06/2023,49.0,173.0,1.0,16.0,0.0,0.0,7299.0,1.0,0.0,1.0,1.0,333.0,0.0,0.0,1.0,0.0,0.0,0.0,0.0,0.0,1.0,0.0,0.0,0.0,0.0,0.0,1.0,0.0,0.0,0.0,0.0,0.0,0.0,0.0,0.0,0.0,0.0,0.0,0.0,0.0,0.0,0.0,0.0,1.0,0.0
06/26/2023,22.0,135.0,1.0,17.0,0.0,0.0,5734.0,0.0,1.0,1.0,1.0,828.0,0.0,1.0,1.0,0.0,0.0,0.0,0.0,0.0,1.0,0.0,0.0,0.0,0.0,0.0,0.0,0.0,1.0,0.0,0.0,1.0,0.0,0.0,0.0,0.0,0.0,0.0,0.0,0.0,0.0,0.0,0.0,1.0,0.0
09/13/2023,65.0,180.0,1.0,17.0,0.0,0.0,4121.0,0.0,0.0,1.0,1.0,341.0,0.0,1.0,3.0,1.0,1.0,0.0,2.0,0.0,1.0,0.0,1.0,0.0,0.0,0.0,0.0,1.0,0.0,0.0,1.0,0.0,0.0,0.0,0.0,0.0,0.0,0.0,0.0,0.0,0.0,0.0,0.0,1.0,0.0
07/18/2023,52.0,180.0,1.0,18.0,0.0,0.0,5812.0,0.0,0.0,1.0,1.0,129.0,0.0,0.0,1.0,0.0,0.0,0.0,0.0,0.0,1.0,0.0,1.0,0.0,0.0,0.0,1.0,0.0,0.0,0.0,1.0,0.0,0.0,0.0,0.0,0.0,0.0,0.0,0.0,0.0,0.0,0.0,0.0,1.0,0.0
04/03/2023,49.0,28.0,1.0,16.0,0.0,0.0,5734.0,0.0,1.0,1.0,1.0,103.0,0.0,0.0,1.0,0.0,0.0,0.0,0.0,0.0,1.0,0.0,0.0,0.0,0.0,1.0,0.0,0.0,0.0,0.0,0.0,1.0,0.0,0.0,0.0,0.0,0.0,0.0,0.0,0.0,0.0,0.0,0.0,1.0,0.0
09/21/2023,50.0,163.0,1.0,18.0,0.0,0.0,7299.0,1.0,0.0,1.0,1.0,160.0,0.0,1.0,1.0,0.0,0.0,0.0,2.0,0.0,1.0,0.0,0.0,0.0,0.0,1.0,0.0,0.0,0.0,0.0,0.0,0.0,0.0,0.0,0.0,0.0,0.0,0.0,0.0,0.0,0.0,0.0,0.0,1.0,0.0
08/01/2023,36.0,52.0,1.0,16.0,0.0,0.0,7299.0,1.0,0.0,1.0,1.0,284.0,0.0,0.0,2.0,0.0,1.0,0.0,3.0,1.0,0.0,0.0,0.0,1.0,0.0,0.0,1.0,0.0,0.0,0.0,0.0,0.0,0.0,0.0,0.0,0.0,0.0,0.0,0.0,0.0,0.0,0.0,0.0,1.0,0.0
07/12/2023,34.0,189.0,1.0,16.0,0.0,0.0,5921.0,1.0,0.0,1.0,1.0,309.0,0.0,0.0,1.0,0.0,0.0,0.0,0.0,1.0,0.0,0.0,0.0,1.0,0.0,1.0,0.0,0.0,0.0,0.0,0.0,0.0,0.0,0.0,0.0,0.0,0.0,0.0,0.0,0.0,0.0,0.0,0.0,1.0,0.0
10/20/2023,56.0,213.0,3.0,16.0,0.0,0.0,5944.0,0.0,1.0,1.0,1.0,371.0,0.0,1.0,1.0,0.0,0.0,0.0,0.0,0.0,1.0,0.0,1.0,0.0,0.0,0.0,1.0,0.0,0.0,0.0,0.0,1.0,0.0,0.0,0.0,0.0,0.0,0.0,0.0,0.0,0.0,0.0,0.0,1.0,0.0
05/18/2023,51.0,66.0,1.0,16.0,0.0,0.0,5734.0,0.0,1.0,1.0,1.0,249.0,0.0,0.0,1.0,0.0,0.0,0.0,0.0,1.0,0.0,0.0,1.0,0.0,0.0,0.0,0.0,1.0,0.0,0.0,0.0,1.0,0.0,0.0,0.0,0.0,0.0,0.0,0.0,0.0,0.0,0.0,0.0,1.0,0.0
02/21/2023,46.0,177.0,1.0,16.0,0.0,0.0,5812.0,0.0,0.0,1.0,1.0,160.0,0.0,0.0,1.0,0.0,0.0,0.0,0.0,0.0,1.0,0.0,0.0,1.0,0.0,0.0,1.0,0.0,0.0,0.0,1.0,0.0,0.0,0.0,0.0,0.0,0.0,0.0,0.0,0.0,0.0,0.0,0.0,1.0,0.0
05/30/2023,42.0,122.0,1.0,17.0,0.0,0.0,7995.0,1.0,0.0,1.0,1.0,385.0,0.0,0.0,1.0,0.0,0.0,0.0,0.0,0.0,1.0,0.0,0.0,0.0,0.0,0.0,1.0,0.0,0.0,0.0,0.0,0.0,0.0,0.0,0.0,0.0,0.0,0.0,0.0,0.0,0.0,0.0,0.0,1.0,0.0
02/13/2023,58.0,108.0,1.0,16.0,0.0,0.0,7995.0,1.0,0.0,1.0,1.0,385.0,0.0,0.0,1.0,0.0,0.0,1.0,2.0,1.0,0.0,0.0,0.0,1.0,0.0,1.0,0.0,0.0,0.0,0.0,0.0,0.0,0.0,0.0,0.0,0.0,0.0,1.0,0.0,0.0,0.0,0.0,0.0,0.0,0.0
03/06/2023,22.0,94.0,1.0,16.0,0.0,0.0,7995.0,1.0,0.0,1.0,1.0,283.0,0.0,0.0,1.0,0.0,0.0,0.0,0.0,0.0,1.0,0.0,1.0,0.0,0.0,0.0,0.0,0.0,1.0,0.0,0.0,0.0,0.0,0.0,0.0,0.0,0.0,0.0,0.0,0.0,0.0,0.0,0.0,1.0,0.0
05/25/2023,61.0,161.0,1.0,16.0,0.0,0.0,4111.0,0.0,0.0,1.0,1.0,303.0,0.0,0.0,1.0,0.0,0.0,0.0,0.0,1.0,0.0,0.0,1.0,0.0,0.0,1.0,0.0,0.0,0.0,0.0,1.0,0.0,0.0,0.0,0.0,0.0,0.0,0.0,0.0,0.0,0.0,0.0,0.0,1.0,0.0
02/08/2023,77.0,178.0,1.0,17.0,0.0,0.0,5999.0,1.0,0.0,1.0,1.0,189.0,0.0,0.0,3.0,1.0,1.0,0.0,1.0,0.0,1.0,0.0,1.0,0.0,0.0,0.0,0.0,1.0,0.0,0.0,0.0,0.0,0.0,0.0,0.0,0.0,0.0,0.0,0.0,0.0,1.0,0.0,0.0,0.0,0.0
12/14/2023,21.0,82.0,1.0,17.0,0.0,0.0,7299.0,1.0,0.0,1.0,1.0,1858.0,0.0,1.0,4.0,1.0,1.0,0.0,2.0,0.0,1.0,0.0,0.0,1.0,0.0,0.0,0.0,0.0,1.0,0.0,0.0,0.0,0.0,0.0,0.0,0.0,0.0,0.0,0.0,0.0,0.0,0.0,0.0,1.0,0.0
03/21/2023,53.0,62.0,1.0,17.0,0.0,0.0,5411.0,0.0,0.0,1.0,1.0,366.0,0.0,0.0,1.0,0.0,0.0,1.0,0.0,1.0,0.0,0.0,1.0,0.0,0.0,1.0,0.0,0.0,0.0,0.0,1.0,0.0,0.0,0.0,0.0,0.0,0.0,0.0,0.0,0.0,0.0,0.0,0.0,1.0,0.0
07/11/2023,27.0,206.0,1.0,16.0,0.0,0.0,5812.0,0.0,0.0,1.0,1.0,363.0,0.0,1.0,1.0,0.0,0.0,0.0,0.0,0.0,1.0,0.0,0.0,0.0,0.0,0.0,0.0,0.0,1.0,0.0,1.0,0.0,0.0,0.0,0.0,0.0,0.0,0.0,0.0,0.0,0.0,0.0,0.0,1.0,0.0
02/28/2023,33.0,100.0,1.0,17.0,0.0,0.0,5921.0,1.0,0.0,1.0,1.0,476.0,0.0,0.0,1.0,0.0,0.0,0.0,0.0,0.0,1.0,0.0,0.0,0.0,0.0,1.0,0.0,0.0,0.0,0.0,0.0,0.0,0.0,0.0,0.0,0.0,0.0,0.0,0.0,0.0,0.0,0.0,0.0,1.0,0.0
07/05/2023,57.0,178.0,1.0,16.0,0.0,0.0,5734.0,0.0,1.0,1.0,1.0,628.0,0.0,0.0,1.0,0.0,0.0,0.0,0.0,0.0,1.0,0.0,0.0,0.0,0.0,0.0,0.0,1.0,0.0,0.0,0.0,1.0,0.0,0.0,0.0,0.0,0.0,0.0,1.0,0.0,0.0,0.0,0.0,0.0,0.0
11/01/2023,40.0,17.0,1.0,16.0,0.0,0.0,7299.0,1.0,0.0,1.0,1.0,431.0,0.0,1.0,1.0,0.0,0.0,0.0,2.0,1.0,0.0,0.0,0.0,1.0,0.0,0.0,1.0,0.0,0.0,0.0,0.0,0.0,0.0,0.0,0.0,0.0,0.0,0.0,0.0,0.0,0.0,0.0,0.0,1.0,0.0
10/04/2023,26.0,172.0,1.0,16.0,0.0,0.0,7995.0,1.0,0.0,1.0,1.0,351.0,0.0,0.0,4.0,1.0,1.0,0.0,0.0,1.0,0.0,0.0,0.0,1.0,0.0,0.0,1.0,0.0,0.0,0.0,0.0,0.0,0.0,0.0,0.0,0.0,0.0,0.0,0.0,0.0,0.0,0.0,0.0,1.0,0.0
08/08/2023,49.0,105.0,1.0,17.0,0.0,0.0,5734.0,0.0,1.0,1.0,1.0,121.0,0.0,1.0,1.0,0.0,0.0,0.0,0.0,0.0,1.0,0.0,0.0,0.0,0.0,1.0,0.0,0.0,0.0,0.0,0.0,1.0,0.0,0.0,0.0,0.0,0.0,0.0,0.0,0.0,0.0,0.0,0.0,1.0,0.0
10/12/2023,76.0,178.0,1.0,18.0,0.0,0.0,4111.0,0.0,0.0,1.0,1.0,828.0,0.0,1.0,5.0,1.0,1.0,0.0,0.0,0.0,1.0,0.0,0.0,1.0,0.0,0.0,0.0,1.0,0.0,0.0,1.0,0.0,0.0,0.0,0.0,0.0,0.0,0.0,0.0,0.0,0.0,0.0,0.0,1.0,0.0
12/13/2023,49.0,225.0,1.0,17.0,0.0,0.0,5999.0,1.0,0.0,1.0,1.0,405.0,0.0,1.0,1.0,0.0,0.0,1.0,2.0,0.0,1.0,0.0,0.0,1.0,0.0,1.0,0.0,0.0,0.0,0.0,0.0,0.0,0.0,0.0,0.0,0.0,0.0,0.0,0.0,0.0,0.0,0.0,0.0,1.0,0.0
06/12/2023,39.0,142.0,1.0,17.0,0.0,0.0,5921.0,1.0,0.0,1.0,1.0,428.0,0.0,0.0,1.0,0.0,0.0,0.0,0.0,0.0,1.0,0.0,1.0,0.0,0.0,1.0,0.0,0.0,0.0,0.0,0.0,0.0,0.0,1.0,0.0,0.0,0.0,0.0,0.0,0.0,0.0,0.0,0.0,0.0,0.0
11/22/2023,69.0,118.0,1.0,16.0,0.0,0.0,4111.0,0.0,0.0,1.0,1.0,424.0,0.0,1.0,1.0,0.0,0.0,0.0,2.0,0.0,1.0,0.0,0.0,1.0,0.0,1.0,0.0,0.0,0.0,0.0,1.0,0.0,0.0,0.0,0.0,1.0,0.0,0.0,0.0,0.0,0.0,0.0,0.0,0.0,0.0
02/20/2023,45.0,29.0,1.0,18.0,0.0,0.0,6011.0,1.0,0.0,1.0,1.0,281.0,0.0,0.0,1.0,0.0,0.0,0.0,0.0,0.0,1.0,0.0,1.0,0.0,0.0,0.0,1.0,0.0,0.0,0.0,0.0,0.0,0.0,0.0,0.0,0.0,0.0,0.0,0.0,0.0,0.0,0.0,0.0,1.0,0.0
10/16/2023,26.0,198.0,1.0,17.0,0.0,0.0,5999.0,1.0,0.0,1.0,1.0,476.0,0.0,0.0,3.0,1.0,1.0,0.0,0.0,1.0,0.0,0.0,0.0,1.0,0.0,0.0,0.0,0.0,1.0,0.0,0.0,0.0,0.0,0.0,0.0,0.0,0.0,0.0,0.0,0.0,0.0,0.0,0.0,1.0,0.0
03/28/2023,28.0,205.0,1.0,18.0,0.0,0.0,6011.0,1.0,0.0,1.0,1.0,455.0,0.0,0.0,1.0,0.0,0.0,0.0,0.0,0.0,1.0,0.0,0.0,1.0,0.0,0.0,0.0,0.0,1.0,0.0,0.0,0.0,0.0,0.0,0.0,0.0,0.0,0.0,0.0,0.0,0.0,0.0,0.0,1.0,0.0
01/24/2023,30.0,24.0,1.0,17.0,0.0,0.0,5921.0,1.0,0.0,1.0,1.0,449.0,0.0,0.0,1.0,0.0,0.0,0.0,0.0,0.0,1.0,0.0,1.0,0.0,0.0,0.0,1.0,0.0,0.0,0.0,0.0,0.0,0.0,0.0,0.0,0.0,0.0,0.0,0.0,0.0,0.0,0.0,0.0,1.0,0.0
06/12/2023,29.0,107.0,1.0,16.0,0.0,0.0,5732.0,0.0,1.0,1.0,1.0,482.0,0.0,1.0,1.0,0.0,0.0,0.0,0.0,0.0,1.0,0.0,0.0,1.0,0.0,0.0,1.0,0.0,0.0,0.0,0.0,1.0,0.0,0.0,1.0,0.0,0.0,0.0,0.0,0.0,0.0,0.0,0.0,0.0,0.0
01/12/2023,49.0,119.0,1.0,16.0,0.0,0.0,5921.0,1.0,0.0,1.0,1.0,229.0,0.0,0.0,4.0,1.0,1.0,0.0,3.0,1.0,0.0,0.0,0.0,1.0,0.0,0.0,1.0,0.0,0.0,0.0,0.0,0.0,0.0,0.0,0.0,0.0,0.0,0.0,0.0,0.0,0.0,0.0,0.0,1.0,0.0
09/18/2023,49.0,141.0,1.0,16.0,0.0,0.0,5814.0,0.0,0.0,1.0,1.0,227.0,0.0,1.0,1.0,0.0,0.0,0.0,0.0,0.0,1.0,0.0,0.0,1.0,0.0,0.0,1.0,0.0,0.0,0.0,1.0,0.0,0.0,0.0,0.0,0.0,0.0,0.0,0.0,0.0,0.0,0.0,0.0,1.0,0.0
06/05/2023,48.0,97.0,1.0,16.0,0.0,0.0,5411.0,0.0,0.0,1.0,1.0,335.0,0.0,0.0,2.0,0.0,1.0,0.0,0.0,0.0,1.0,0.0,1.0,0.0,0.0,1.0,0.0,0.0,0.0,0.0,1.0,0.0,0.0,0.0,0.0,0.0,0.0,0.0,0.0,0.0,0.0,0.0,0.0,1.0,0.0
10/17/2023,63.0,108.0,1.0,16.0,0.0,0.0,6011.0,1.0,0.0,1.0,1.0,686.0,0.0,1.0,1.0,0.0,0.0,1.0,2.0,1.0,0.0,0.0,0.0,1.0,0.0,0.0,0.0,1.0,0.0,0.0,0.0,0.0,0.0,0.0,0.0,0.0,0.0,0.0,0.0,0.0,0.0,0.0,0.0,1.0,0.0
07/05/2023,66.0,166.0,1.0,16.0,0.0,0.0,7995.0,1.0,0.0,1.0,1.0,1858.0,0.0,1.0,1.0,0.0,0.0,0.0,2.0,0.0,1.0,0.0,0.0,0.0,0.0,0.0,0.0,1.0,0.0,0.0,0.0,0.0,0.0,0.0,0.0,0.0,0.0,0.0,0.0,0.0,0.0,0.0,0.0,1.0,0.0
06/12/2023,19.0,14.0,1.0,17.0,0.0,0.0,5734.0,0.0,1.0,1.0,1.0,148.0,0.0,0.0,1.0,0.0,0.0,0.0,0.0,0.0,1.0,0.0,0.0,0.0,0.0,0.0,0.0,0.0,1.0,0.0,0.0,1.0,0.0,0.0,0.0,0.0,0.0,0.0,0.0,0.0,0.0,0.0,0.0,1.0,0.0
01/30/2023,32.0,33.0,1.0,16.0,0.0,0.0,5812.0,0.0,0.0,1.0,1.0,201.0,0.0,0.0,1.0,0.0,0.0,0.0,0.0,0.0,1.0,0.0,0.0,0.0,0.0,0.0,1.0,0.0,0.0,0.0,1.0,0.0,0.0,0.0,0.0,0.0,0.0,0.0,0.0,0.0,0.0,0.0,0.0,1.0,0.0
11/29/2023,47.0,127.0,3.0,17.0,0.0,0.0,4111.0,0.0,0.0,1.0,1.0,393.0,0.0,0.0,3.0,1.0,1.0,0.0,0.0,1.0,0.0,0.0,0.0,1.0,0.0,1.0,0.0,0.0,0.0,0.0,1.0,0.0,0.0,0.0,0.0,0.0,0.0,1.0,0.0,0.0,0.0,0.0,0.0,0.0,0.0
03/27/2023,50.0,131.0,1.0,16.0,0.0,0.0,4121.0,0.0,0.0,1.0,1.0,872.0,0.0,1.0,1.0,0.0,0.0,0.0,0.0,1.0,0.0,0.0,1.0,0.0,0.0,1.0,0.0,0.0,0.0,0.0,1.0,0.0,0.0,0.0,0.0,0.0,0.0,0.0,0.0,0.0,0.0,0.0,0.0,1.0,0.0
09/25/2023,22.0,45.0,1.0,17.0,0.0,0.0,5311.0,0.0,0.0,1.0,1.0,1387.0,0.0,1.0,1.0,0.0,0.0,0.0,0.0,0.0,1.0,0.0,0.0,0.0,0.0,0.0,0.0,0.0,1.0,0.0,1.0,0.0,0.0,0.0,0.0,0.0,0.0,0.0,0.0,0.0,0.0,0.0,0.0,1.0,0.0
09/04/2023,46.0,154.0,1.0,16.0,0.0,0.0,4829.0,1.0,0.0,1.0,1.0,364.0,0.0,1.0,1.0,0.0,0.0,0.0,2.0,1.0,0.0,0.0,0.0,0.0,0.0,0.0,1.0,0.0,0.0,0.0,0.0,0.0,0.0,0.0,0.0,0.0,0.0,0.0,0.0,0.0,0.0,0.0,0.0,1.0,0.0
12/19/2023,64.0,28.0,1.0,16.0,0.0,0.0,5814.0,0.0,0.0,1.0,1.0,167.0,0.0,1.0,1.0,0.0,0.0,0.0,0.0,0.0,1.0,0.0,0.0,0.0,0.0,1.0,0.0,0.0,0.0,0.0,1.0,0.0,0.0,0.0,0.0,0.0,0.0,0.0,0.0,0.0,0.0,0.0,0.0,1.0,0.0
11/13/2023,60.0,168.0,1.0,17.0,0.0,0.0,5944.0,0.0,1.0,1.0,1.0,789.0,0.0,0.0,1.0,0.0,0.0,0.0,0.0,0.0,1.0,0.0,0.0,1.0,0.0,0.0,1.0,0.0,0.0,0.0,0.0,1.0,0.0,0.0,0.0,0.0,0.0,0.0,0.0,0.0,0.0,0.0,0.0,1.0,0.0
07/17/2023,56.0,165.0,1.0,16.0,0.0,0.0,5734.0,0.0,1.0,1.0,1.0,289.0,0.0,0.0,1.0,0.0,0.0,0.0,0.0,0.0,1.0,0.0,1.0,0.0,0.0,0.0,0.0,1.0,0.0,0.0,0.0,1.0,0.0,0.0,0.0,0.0,0.0,0.0,0.0,0.0,0.0,0.0,0.0,1.0,0.0
02/06/2023,24.0,58.0,1.0,18.0,0.0,0.0,5999.0,1.0,0.0,1.0,1.0,304.0,0.0,0.0,1.0,0.0,0.0,0.0,0.0,0.0,1.0,0.0,1.0,0.0,0.0,0.0,0.0,0.0,1.0,0.0,0.0,0.0,0.0,0.0,0.0,0.0,0.0,0.0,0.0,0.0,0.0,0.0,0.0,1.0,0.0
01/02/2023,67.0,151.0,1.0,16.0,0.0,0.0,4121.0,0.0,0.0,1.0,1.0,283.0,0.0,0.0,1.0,0.0,0.0,0.0,0.0,0.0,1.0,0.0,0.0,1.0,0.0,0.0,0.0,1.0,0.0,0.0,1.0,0.0,0.0,0.0,0.0,0.0,0.0,0.0,0.0,0.0,0.0,0.0,0.0,1.0,0.0
05/22/2023,37.0,70.0,1.0,17.0,0.0,0.0,5814.0,0.0,0.0,1.0,1.0,529.0,0.0,0.0,1.0,0.0,0.0,1.0,0.0,0.0,1.0,0.0,0.0,0.0,0.0,0.0,1.0,0.0,0.0,0.0,1.0,0.0,0.0,0.0,0.0,0.0,0.0,0.0,0.0,0.0,0.0,0.0,0.0,1.0,0.0
03/27/2023,38.0,37.0,1.0,17.0,0.0,0.0,5411.0,0.0,0.0,1.0,1.0,342.0,0.0,0.0,1.0,0.0,0.0,0.0,0.0,0.0,1.0,0.0,1.0,0.0,0.0,1.0,0.0,0.0,0.0,0.0,1.0,0.0,0.0,0.0,0.0,0.0,0.0,0.0,0.0,0.0,0.0,0.0,0.0,1.0,0.0
02/10/2023,49.0,115.0,1.0,16.0,0.0,0.0,5812.0,0.0,0.0,1.0,1.0,379.0,0.0,0.0,1.0,0.0,0.0,0.0,0.0,0.0,1.0,0.0,0.0,1.0,0.0,1.0,0.0,0.0,0.0,0.0,1.0,0.0,0.0,0.0,0.0,0.0,0.0,0.0,0.0,1.0,0.0,0.0,0.0,0.0,0.0
07/31/2023,63.0,147.0,1.0,16.0,0.0,0.0,5812.0,0.0,0.0,1.0,1.0,88.0,0.0,0.0,1.0,0.0,0.0,0.0,0.0,0.0,1.0,0.0,0.0,0.0,0.0,0.0,0.0,1.0,0.0,0.0,1.0,0.0,0.0,0.0,0.0,0.0,0.0,0.0,0.0,0.0,0.0,0.0,0.0,1.0,0.0
01/30/2023,36.0,283.0,1.0,17.0,0.0,0.0,4111.0,0.0,0.0,1.0,1.0,170.0,0.0,0.0,1.0,0.0,0.0,0.0,0.0,0.0,1.0,0.0,0.0,0.0,0.0,0.0,1.0,0.0,0.0,0.0,1.0,0.0,0.0,0.0,0.0,0.0,0.0,0.0,0.0,0.0,0.0,0.0,0.0,1.0,0.0
05/30/2023,25.0,162.0,1.0,18.0,0.0,0.0,5732.0,0.0,1.0,1.0,1.0,959.0,0.0,0.0,1.0,0.0,0.0,0.0,0.0,0.0,1.0,0.0,0.0,0.0,0.0,0.0,0.0,0.0,1.0,0.0,0.0,1.0,0.0,0.0,0.0,0.0,0.0,0.0,0.0,0.0,0.0,0.0,0.0,1.0,0.0
08/14/2023,73.0,100.0,1.0,16.0,0.0,0.0,5921.0,1.0,0.0,1.0,1.0,543.0,0.0,1.0,1.0,0.0,0.0,0.0,2.0,1.0,0.0,0.0,1.0,0.0,0.0,0.0,0.0,1.0,0.0,0.0,0.0,0.0,0.0,0.0,0.0,0.0,0.0,0.0,0.0,0.0,0.0,0.0,0.0,1.0,0.0
05/22/2023,27.0,91.0,1.0,17.0,0.0,0.0,5812.0,0.0,0.0,1.0,1.0,828.0,0.0,0.0,1.0,0.0,0.0,0.0,0.0,0.0,1.0,0.0,0.0,1.0,0.0,0.0,0.0,0.0,1.0,0.0,1.0,0.0,0.0,0.0,0.0,0.0,0.0,0.0,0.0,0.0,0.0,0.0,0.0,1.0,0.0
11/15/2023,18.0,116.0,1.0,18.0,0.0,0.0,5411.0,0.0,0.0,1.0,1.0,624.0,0.0,0.0,1.0,0.0,0.0,0.0,0.0,0.0,1.0,0.0,0.0,0.0,0.0,0.0,0.0,0.0,1.0,0.0,1.0,0.0,0.0,0.0,0.0,0.0,0.0,0.0,0.0,0.0,0.0,0.0,0.0,1.0,0.0
08/10/2023,25.0,97.0,1.0,16.0,0.0,0.0,5734.0,0.0,1.0,1.0,1.0,239.0,0.0,1.0,1.0,0.0,0.0,0.0,0.0,0.0,1.0,0.0,1.0,0.0,0.0,0.0,0.0,0.0,1.0,0.0,0.0,1.0,0.0,0.0,0.0,0.0,0.0,0.0,0.0,0.0,0.0,0.0,0.0,1.0,0.0
09/18/2023,58.0,64.0,1.0,16.0,0.0,0.0,5944.0,0.0,1.0,1.0,1.0,109.0,0.0,1.0,1.0,0.0,0.0,0.0,0.0,1.0,0.0,0.0,0.0,1.0,0.0,1.0,0.0,0.0,0.0,0.0,0.0,1.0,0.0,1.0,0.0,0.0,0.0,0.0,0.0,0.0,0.0,0.0,0.0,0.0,0.0
03/01/2023,61.0,157.0,1.0,17.0,0.0,0.0,7299.0,1.0,0.0,1.0,1.0,135.0,0.0,0.0,1.0,0.0,0.0,0.0,0.0,0.0,1.0,0.0,0.0,1.0,0.0,1.0,0.0,0.0,0.0,0.0,0.0,0.0,0.0,0.0,0.0,0.0,0.0,0.0,0.0,0.0,0.0,0.0,0.0,1.0,0.0
10/04/2023,76.0,102.0,1.0,16.0,0.0,0.0,5411.0,0.0,0.0,1.0,1.0,387.0,0.0,0.0,1.0,0.0,0.0,0.0,0.0,0.0,1.0,0.0,0.0,1.0,0.0,0.0,0.0,1.0,0.0,0.0,1.0,0.0,0.0,0.0,0.0,0.0,0.0,0.0,0.0,0.0,0.0,0.0,0.0,1.0,0.0
10/11/2023,64.0,53.0,1.0,17.0,0.0,0.0,7995.0,1.0,0.0,1.0,1.0,428.0,0.0,1.0,1.0,0.0,0.0,0.0,2.0,0.0,1.0,0.0,1.0,0.0,0.0,0.0,0.0,1.0,0.0,0.0,0.0,0.0,0.0,0.0,0.0,0.0,0.0,0.0,0.0,0.0,0.0,0.0,0.0,1.0,0.0
05/04/2023,32.0,144.0,1.0,16.0,0.0,0.0,6011.0,1.0,0.0,1.0,1.0,285.0,0.0,0.0,1.0,0.0,0.0,0.0,0.0,1.0,0.0,0.0,0.0,1.0,0.0,0.0,1.0,0.0,0.0,0.0,0.0,0.0,0.0,0.0,0.0,0.0,0.0,0.0,0.0,0.0,0.0,0.0,0.0,1.0,0.0
05/22/2023,57.0,38.0,1.0,17.0,0.0,0.0,5311.0,0.0,0.0,1.0,1.0,160.0,0.0,0.0,1.0,0.0,0.0,0.0,0.0,0.0,1.0,0.0,1.0,0.0,0.0,0.0,1.0,0.0,0.0,0.0,1.0,0.0,0.0,0.0,0.0,0.0,0.0,0.0,0.0,0.0,0.0,0.0,0.0,1.0,0.0
01/16/2023,22.0,258.0,1.0,18.0,0.0,0.0,7299.0,1.0,0.0,1.0,1.0,185.0,0.0,0.0,1.0,0.0,0.0,0.0,0.0,0.0,1.0,0.0,0.0,0.0,0.0,0.0,0.0,0.0,1.0,0.0,0.0,0.0,0.0,0.0,0.0,0.0,0.0,0.0,0.0,0.0,0.0,0.0,0.0,1.0,0.0
11/06/2023,74.0,128.0,1.0,17.0,0.0,0.0,5814.0,0.0,0.0,1.0,1.0,280.0,0.0,1.0,1.0,0.0,0.0,0.0,0.0,0.0,1.0,0.0,0.0,0.0,0.0,0.0,0.0,1.0,0.0,0.0,1.0,0.0,0.0,0.0,0.0,0.0,0.0,0.0,0.0,0.0,0.0,0.0,0.0,1.0,0.0
10/19/2023,44.0,42.0,1.0,16.0,0.0,0.0,5732.0,0.0,1.0,1.0,1.0,25.0,1.0,0.0,2.0,0.0,1.0,0.0,0.0,0.0,1.0,0.0,1.0,0.0,0.0,1.0,0.0,0.0,0.0,0.0,0.0,1.0,0.0,0.0,0.0,0.0,0.0,0.0,0.0,0.0,0.0,0.0,0.0,1.0,0.0
08/14/2023,45.0,185.0,1.0,17.0,0.0,0.0,5411.0,0.0,0.0,1.0,1.0,371.0,0.0,1.0,1.0,0.0,0.0,0.0,0.0,0.0,1.0,0.0,0.0,0.0,0.0,0.0,1.0,0.0,0.0,0.0,1.0,0.0,0.0,0.0,0.0,0.0,0.0,0.0,0.0,0.0,0.0,0.0,0.0,1.0,0.0
11/09/2023,41.0,108.0,1.0,16.0,0.0,0.0,5732.0,0.0,1.0,1.0,1.0,25.0,1.0,0.0,1.0,0.0,0.0,0.0,0.0,0.0,1.0,0.0,0.0,0.0,0.0,0.0,1.0,0.0,0.0,0.0,0.0,1.0,0.0,0.0,0.0,0.0,0.0,0.0,0.0,0.0,0.0,0.0,0.0,1.0,0.0
03/29/2023,37.0,95.0,1.0,16.0,0.0,0.0,5411.0,0.0,0.0,1.0,1.0,199.0,0.0,0.0,1.0,0.0,0.0,0.0,0.0,0.0,1.0,0.0,1.0,0.0,0.0,0.0,1.0,0.0,0.0,0.0,1.0,0.0,0.0,0.0,0.0,0.0,0.0,0.0,0.0,0.0,0.0,0.0,0.0,1.0,0.0
03/20/2023,23.0,63.0,1.0,18.0,0.0,0.0,5732.0,0.0,1.0,1.0,1.0,872.0,0.0,0.0,1.0,0.0,0.0,1.0,0.0,1.0,0.0,0.0,0.0,0.0,0.0,0.0,0.0,0.0,1.0,0.0,0.0,1.0,0.0,0.0,0.0,0.0,0.0,0.0,1.0,0.0,0.0,0.0,0.0,0.0,0.0
02/23/2023,51.0,76.0,1.0,16.0,0.0,0.0,7995.0,1.0,0.0,1.0,1.0,565.0,0.0,0.0,1.0,0.0,0.0,0.0,0.0,0.0,1.0,0.0,1.0,0.0,0.0,0.0,0.0,1.0,0.0,0.0,0.0,0.0,0.0,0.0,0.0,0.0,0.0,0.0,0.0,0.0,0.0,0.0,0.0,1.0,0.0
04/24/2023,28.0,164.0,1.0,17.0,0.0,0.0,5311.0,0.0,0.0,1.0,1.0,59.0,1.0,0.0,1.0,0.0,0.0,0.0,0.0,0.0,1.0,0.0,1.0,0.0,0.0,0.0,0.0,0.0,1.0,0.0,1.0,0.0,0.0,0.0,0.0,0.0,0.0,0.0,0.0,0.0,0.0,0.0,0.0,1.0,0.0
09/28/2023,56.0,49.0,1.0,17.0,0.0,0.0,5732.0,0.0,1.0,1.0,1.0,455.0,0.0,0.0,3.0,1.0,1.0,0.0,0.0,0.0,1.0,0.0,1.0,0.0,0.0,1.0,0.0,0.0,0.0,0.0,0.0,1.0,0.0,0.0,0.0,0.0,0.0,0.0,0.0,0.0,0.0,0.0,0.0,1.0,0.0
02/23/2023,25.0,63.0,1.0,17.0,0.0,0.0,5812.0,0.0,0.0,1.0,1.0,86.0,0.0,0.0,1.0,0.0,0.0,0.0,0.0,0.0,1.0,0.0,1.0,0.0,0.0,0.0,0.0,0.0,1.0,0.0,1.0,0.0,0.0,0.0,0.0,0.0,0.0,0.0,0.0,0.0,0.0,0.0,0.0,1.0,0.0
08/25/2023,65.0,105.0,1.0,17.0,0.0,0.0,5812.0,0.0,0.0,1.0,1.0,545.0,0.0,0.0,1.0,0.0,0.0,0.0,0.0,0.0,1.0,0.0,0.0,0.0,0.0,1.0,0.0,0.0,0.0,0.0,1.0,0.0,0.0,0.0,0.0,0.0,0.0,0.0,0.0,0.0,0.0,0.0,0.0,1.0,0.0
03/13/2023,74.0,178.0,1.0,17.0,0.0,0.0,4829.0,1.0,0.0,1.0,1.0,1268.0,0.0,0.0,2.0,0.0,1.0,1.0,2.0,1.0,0.0,0.0,0.0,1.0,0.0,0.0,0.0,1.0,0.0,0.0,0.0,0.0,0.0,0.0,0.0,0.0,0.0,0.0,0.0,0.0,0.0,0.0,0.0,1.0,0.0
11/09/2023,47.0,138.0,1.0,17.0,0.0,0.0,5411.0,0.0,0.0,1.0,1.0,563.0,0.0,1.0,1.0,0.0,0.0,0.0,0.0,1.0,0.0,0.0,0.0,1.0,0.0,0.0,1.0,0.0,0.0,0.0,1.0,0.0,0.0,0.0,0.0,0.0,0.0,0.0,0.0,0.0,0.0,0.0,0.0,1.0,0.0
05/01/2023,21.0,90.0,1.0,16.0,0.0,0.0,5812.0,0.0,0.0,1.0,1.0,229.0,0.0,0.0,1.0,0.0,0.0,0.0,0.0,0.0,1.0,0.0,0.0,0.0,0.0,0.0,0.0,0.0,1.0,0.0,1.0,0.0,0.0,0.0,0.0,0.0,0.0,0.0,0.0,0.0,0.0,0.0,0.0,1.0,0.0
10/16/2023,26.0,68.0,1.0,16.0,0.0,0.0,4121.0,0.0,0.0,1.0,1.0,90.0,0.0,0.0,1.0,0.0,0.0,0.0,0.0,0.0,1.0,0.0,1.0,0.0,0.0,0.0,0.0,0.0,1.0,0.0,1.0,0.0,0.0,0.0,0.0,0.0,0.0,0.0,0.0,0.0,0.0,0.0,0.0,1.0,0.0
02/24/2023,22.0,284.0,1.0,16.0,0.0,0.0,5999.0,1.0,0.0,1.0,1.0,46.0,1.0,0.0,1.0,0.0,0.0,0.0,0.0,0.0,1.0,0.0,0.0,0.0,0.0,0.0,0.0,0.0,1.0,0.0,0.0,0.0,0.0,0.0,0.0,0.0,0.0,0.0,0.0,0.0,0.0,0.0,0.0,1.0,0.0
04/03/2023,68.0,115.0,1.0,16.0,0.0,0.0,7995.0,1.0,0.0,1.0,1.0,265.0,0.0,0.0,1.0,0.0,0.0,0.0,0.0,0.0,1.0,0.0,0.0,1.0,0.0,1.0,0.0,0.0,0.0,0.0,0.0,0.0,0.0,0.0,0.0,0.0,0.0,0.0,0.0,0.0,0.0,0.0,0.0,1.0,0.0
10/23/2023,22.0,82.0,1.0,18.0,0.0,0.0,4829.0,1.0,0.0,1.0,1.0,625.0,0.0,1.0,1.0,0.0,0.0,1.0,3.0,0.0,1.0,0.0,0.0,1.0,0.0,0.0,0.0,0.0,1.0,0.0,0.0,0.0,0.0,0.0,0.0,0.0,0.0,0.0,0.0,0.0,0.0,0.0,0.0,1.0,0.0
07/06/2023,64.0,113.0,1.0,16.0,0.0,0.0,4111.0,0.0,0.0,1.0,1.0,337.0,0.0,0.0,1.0,0.0,0.0,0.0,0.0,1.0,0.0,0.0,1.0,0.0,0.0,0.0,0.0,1.0,0.0,0.0,1.0,0.0,0.0,0.0,0.0,0.0,0.0,1.0,0.0,0.0,0.0,0.0,0.0,0.0,0.0
07/25/2023,44.0,159.0,1.0,17.0,0.0,0.0,4111.0,0.0,0.0,1.0,1.0,109.0,0.0,0.0,1.0,0.0,0.0,0.0,0.0,0.0,1.0,0.0,1.0,0.0,0.0,0.0,1.0,0.0,0.0,0.0,1.0,0.0,0.0,0.0,0.0,0.0,0.0,0.0,0.0,0.0,0.0,0.0,0.0,1.0,0.0
05/22/2023,29.0,40.0,1.0,17.0,0.0,0.0,4829.0,1.0,0.0,1.0,1.0,304.0,0.0,1.0,1.0,0.0,0.0,0.0,2.0,0.0,1.0,0.0,0.0,1.0,0.0,0.0,1.0,0.0,0.0,0.0,0.0,0.0,0.0,0.0,0.0,0.0,0.0,0.0,0.0,0.0,0.0,0.0,0.0,1.0,0.0
07/19/2023,55.0,30.0,1.0,17.0,0.0,0.0,5311.0,0.0,0.0,1.0,1.0,160.0,0.0,1.0,3.0,1.0,1.0,0.0,0.0,0.0,1.0,0.0,0.0,0.0,0.0,0.0,0.0,1.0,0.0,0.0,1.0,0.0,0.0,0.0,0.0,0.0,0.0,0.0,0.0,0.0,0.0,0.0,0.0,1.0,0.0
10/30/2023,25.0,29.0,1.0,18.0,0.0,0.0,5311.0,0.0,0.0,1.0,1.0,335.0,0.0,1.0,1.0,0.0,0.0,0.0,2.0,0.0,1.0,0.0,0.0,0.0,0.0,0.0,0.0,0.0,1.0,0.0,1.0,0.0,0.0,0.0,0.0,0.0,0.0,0.0,0.0,0.0,0.0,0.0,0.0,1.0,0.0
09/18/2023,20.0,181.0,1.0,16.0,0.0,0.0,7299.0,1.0,0.0,1.0,1.0,176.0,0.0,1.0,4.0,1.0,1.0,0.0,2.0,0.0,1.0,0.0,0.0,1.0,0.0,0.0,0.0,0.0,1.0,0.0,0.0,0.0,0.0,0.0,0.0,0.0,0.0,0.0,0.0,0.0,0.0,0.0,0.0,1.0,0.0
01/30/2023,56.0,178.0,1.0,17.0,0.0,0.0,4121.0,0.0,0.0,1.0,1.0,641.0,0.0,0.0,1.0,0.0,0.0,0.0,0.0,1.0,0.0,0.0,0.0,1.0,0.0,0.0,0.0,1.0,0.0,0.0,1.0,0.0,0.0,0.0,0.0,0.0,0.0,0.0,0.0,0.0,0.0,0.0,0.0,1.0,0.0
01/01/2024,52.0,31.0,1.0,16.0,0.0,0.0,5311.0,0.0,0.0,1.0,1.0,304.0,0.0,0.0,1.0,0.0,0.0,0.0,0.0,0.0,1.0,0.0,0.0,0.0,0.0,0.0,1.0,0.0,0.0,0.0,1.0,0.0,0.0,0.0,0.0,0.0,0.0,0.0,0.0,0.0,0.0,0.0,0.0,1.0,0.0
03/07/2023,22.0,100.0,1.0,17.0,0.0,0.0,5734.0,0.0,1.0,1.0,1.0,276.0,0.0,0.0,1.0,0.0,0.0,0.0,0.0,0.0,1.0,0.0,0.0,0.0,0.0,0.0,0.0,0.0,1.0,0.0,0.0,1.0,0.0,0.0,0.0,0.0,0.0,0.0,0.0,0.0,0.0,0.0,0.0,1.0,0.0
11/07/2023,48.0,226.0,1.0,16.0,0.0,0.0,5311.0,0.0,0.0,1.0,1.0,202.0,0.0,0.0,3.0,1.0,1.0,0.0,0.0,0.0,1.0,0.0,0.0,1.0,0.0,0.0,1.0,0.0,0.0,0.0,1.0,0.0,0.0,0.0,0.0,0.0,0.0,0.0,0.0,0.0,0.0,0.0,0.0,1.0,0.0
10/10/2023,26.0,247.0,1.0,18.0,0.0,0.0,4829.0,1.0,0.0,1.0,1.0,330.0,0.0,0.0,1.0,0.0,0.0,0.0,0.0,0.0,1.0,0.0,0.0,0.0,0.0,0.0,0.0,0.0,1.0,0.0,0.0,0.0,0.0,0.0,0.0,0.0,0.0,0.0,0.0,0.0,0.0,0.0,0.0,1.0,0.0
09/18/2023,51.0,55.0,1.0,17.0,0.0,0.0,7299.0,1.0,0.0,1.0,1.0,69.0,0.0,1.0,1.0,0.0,0.0,0.0,2.0,0.0,1.0,0.0,0.0,0.0,0.0,0.0,1.0,0.0,0.0,0.0,0.0,0.0,0.0,0.0,0.0,0.0,0.0,0.0,0.0,0.0,0.0,0.0,0.0,1.0,0.0
01/13/2023,36.0,280.0,1.0,16.0,0.0,0.0,7995.0,1.0,0.0,1.0,1.0,486.0,0.0,0.0,3.0,1.0,1.0,0.0,1.0,0.0,1.0,0.0,0.0,1.0,0.0,0.0,1.0,0.0,0.0,0.0,0.0,0.0,0.0,0.0,0.0,0.0,0.0,0.0,0.0,0.0,0.0,0.0,0.0,1.0,0.0
06/15/2023,52.0,180.0,1.0,17.0,0.0,0.0,5732.0,0.0,1.0,1.0,1.0,131.0,0.0,0.0,1.0,0.0,0.0,0.0,0.0,0.0,1.0,0.0,0.0,1.0,0.0,0.0,1.0,0.0,0.0,0.0,0.0,1.0,0.0,0.0,0.0,0.0,0.0,0.0,0.0,0.0,0.0,0.0,0.0,1.0,0.0
02/03/2023,30.0,123.0,1.0,18.0,0.0,0.0,5734.0,0.0,1.0,1.0,1.0,486.0,0.0,0.0,1.0,0.0,0.0,0.0,0.0,0.0,1.0,0.0,1.0,0.0,0.0,0.0,1.0,0.0,0.0,0.0,0.0,1.0,0.0,0.0,0.0,0.0,0.0,0.0,0.0,0.0,0.0,0.0,0.0,1.0,0.0
09/26/2023,72.0,100.0,1.0,17.0,0.0,0.0,4121.0,0.0,0.0,1.0,1.0,281.0,0.0,1.0,5.0,1.0,1.0,0.0,0.0,0.0,1.0,0.0,0.0,0.0,0.0,0.0,0.0,1.0,0.0,0.0,1.0,0.0,0.0,0.0,0.0,0.0,0.0,0.0,0.0,0.0,0.0,0.0,0.0,1.0,0.0
08/25/2023,41.0,61.0,1.0,17.0,0.0,0.0,5732.0,0.0,1.0,1.0,1.0,282.0,0.0,0.0,1.0,0.0,0.0,0.0,0.0,0.0,1.0,0.0,0.0,1.0,0.0,0.0,1.0,0.0,0.0,0.0,0.0,1.0,0.0,0.0,0.0,0.0,0.0,0.0,0.0,0.0,0.0,0.0,0.0,1.0,0.0
04/07/2023,64.0,63.0,1.0,16.0,0.0,0.0,5411.0,0.0,0.0,1.0,1.0,393.0,0.0,0.0,1.0,0.0,0.0,0.0,0.0,0.0,1.0,0.0,1.0,0.0,0.0,1.0,0.0,0.0,0.0,0.0,1.0,0.0,0.0,0.0,0.0,0.0,0.0,0.0,0.0,0.0,0.0,0.0,0.0,1.0,0.0
09/12/2023,53.0,185.0,1.0,16.0,0.0,0.0,5734.0,0.0,1.0,1.0,1.0,351.0,0.0,0.0,1.0,0.0,0.0,0.0,0.0,1.0,0.0,0.0,0.0,1.0,0.0,1.0,0.0,0.0,0.0,0.0,0.0,1.0,0.0,0.0,0.0,0.0,0.0,0.0,0.0,0.0,0.0,0.0,0.0,1.0,0.0
09/18/2023,23.0,154.0,1.0,17.0,0.0,0.0,5814.0,0.0,0.0,1.0,1.0,301.0,0.0,1.0,3.0,1.0,1.0,0.0,0.0,0.0,1.0,0.0,0.0,0.0,0.0,0.0,0.0,0.0,1.0,0.0,1.0,0.0,0.0,0.0,0.0,0.0,0.0,0.0,0.0,0.0,0.0,0.0,0.0,1.0,0.0
02/20/2023,57.0,39.0,1.0,16.0,0.0,0.0,5734.0,0.0,1.0,1.0,1.0,282.0,0.0,0.0,1.0,0.0,0.0,0.0,0.0,0.0,1.0,0.0,1.0,0.0,0.0,0.0,0.0,1.0,0.0,0.0,0.0,1.0,0.0,0.0,0.0,0.0,0.0,0.0,0.0,0.0,0.0,0.0,0.0,1.0,0.0
01/12/2023,28.0,46.0,1.0,18.0,0.0,0.0,5734.0,0.0,1.0,1.0,1.0,356.0,0.0,0.0,1.0,0.0,0.0,0.0,0.0,0.0,1.0,0.0,0.0,1.0,0.0,0.0,0.0,0.0,1.0,0.0,0.0,1.0,0.0,0.0,0.0,0.0,0.0,0.0,0.0,0.0,0.0,0.0,0.0,1.0,0.0
09/18/2023,41.0,48.0,1.0,18.0,0.0,0.0,5734.0,0.0,1.0,1.0,1.0,882.0,0.0,1.0,1.0,0.0,0.0,0.0,0.0,0.0,1.0,0.0,0.0,0.0,0.0,0.0,1.0,0.0,0.0,0.0,0.0,1.0,0.0,0.0,0.0,0.0,0.0,0.0,0.0,0.0,0.0,0.0,0.0,1.0,0.0
03/30/2023,63.0,15.0,1.0,16.0,0.0,0.0,5944.0,0.0,1.0,1.0,1.0,68.0,0.0,0.0,1.0,0.0,0.0,0.0,0.0,0.0,1.0,0.0,0.0,0.0,0.0,1.0,0.0,0.0,0.0,0.0,0.0,1.0,0.0,0.0,0.0,0.0,0.0,0.0,0.0,0.0,0.0,0.0,0.0,1.0,0.0
04/03/2023,45.0,63.0,1.0,16.0,0.0,0.0,5921.0,1.0,0.0,1.0,1.0,169.0,0.0,0.0,1.0,0.0,0.0,0.0,0.0,0.0,1.0,0.0,1.0,0.0,0.0,0.0,1.0,0.0,0.0,0.0,0.0,0.0,0.0,0.0,0.0,0.0,0.0,0.0,0.0,0.0,0.0,0.0,0.0,1.0,0.0
10/30/2023,34.0,141.0,1.0,18.0,0.0,0.0,7995.0,1.0,0.0,1.0,1.0,211.0,0.0,1.0,1.0,0.0,0.0,0.0,2.0,1.0,0.0,0.0,0.0,1.0,0.0,1.0,0.0,0.0,0.0,0.0,0.0,0.0,0.0,0.0,0.0,0.0,0.0,0.0,0.0,0.0,0.0,0.0,0.0,1.0,0.0
06/21/2023,44.0,45.0,1.0,16.0,0.0,0.0,4829.0,1.0,0.0,1.0,1.0,46.0,1.0,0.0,1.0,0.0,0.0,0.0,0.0,0.0,1.0,0.0,1.0,0.0,0.0,1.0,0.0,0.0,0.0,0.0,0.0,0.0,0.0,0.0,0.0,0.0,0.0,0.0,0.0,0.0,0.0,0.0,0.0,1.0,0.0
05/04/2023,60.0,287.0,1.0,17.0,0.0,0.0,7299.0,1.0,0.0,1.0,1.0,158.0,0.0,1.0,3.0,1.0,1.0,0.0,2.0,0.0,1.0,0.0,0.0,1.0,0.0,0.0,1.0,0.0,0.0,0.0,0.0,0.0,0.0,0.0,0.0,0.0,0.0,0.0,0.0,0.0,0.0,0.0,0.0,1.0,0.0
09/11/2023,28.0,96.0,1.0,18.0,0.0,0.0,5311.0,0.0,0.0,1.0,1.0,410.0,0.0,1.0,1.0,0.0,0.0,1.0,2.0,1.0,0.0,0.0,1.0,0.0,0.0,0.0,0.0,0.0,1.0,0.0,1.0,0.0,0.0,0.0,0.0,0.0,0.0,0.0,0.0,0.0,0.0,0.0,0.0,1.0,0.0
09/20/2023,60.0,114.0,1.0,16.0,0.0,0.0,5732.0,0.0,1.0,1.0,1.0,196.0,0.0,1.0,3.0,1.0,1.0,0.0,0.0,0.0,1.0,0.0,0.0,1.0,0.0,0.0,1.0,0.0,0.0,0.0,0.0,1.0,0.0,0.0,0.0,0.0,0.0,0.0,0.0,0.0,0.0,0.0,0.0,1.0,0.0
01/18/2023,63.0,142.0,1.0,17.0,0.0,0.0,5944.0,0.0,1.0,1.0,1.0,265.0,0.0,0.0,1.0,0.0,0.0,0.0,0.0,0.0,1.0,0.0,0.0,0.0,0.0,0.0,0.0,1.0,0.0,0.0,0.0,1.0,0.0,0.0,0.0,0.0,0.0,0.0,0.0,0.0,0.0,0.0,0.0,1.0,0.0
01/04/2023,41.0,213.0,1.0,17.0,0.0,0.0,5734.0,0.0,1.0,1.0,1.0,258.0,0.0,0.0,1.0,0.0,0.0,0.0,0.0,0.0,1.0,0.0,1.0,0.0,0.0,0.0,1.0,0.0,0.0,0.0,0.0,1.0,0.0,0.0,0.0,0.0,0.0,0.0,0.0,0.0,0.0,0.0,0.0,1.0,0.0
02/20/2023,26.0,254.0,1.0,16.0,0.0,0.0,4111.0,0.0,0.0,1.0,1.0,221.0,0.0,0.0,1.0,0.0,0.0,0.0,0.0,0.0,1.0,0.0,0.0,0.0,0.0,0.0,0.0,0.0,1.0,0.0,1.0,0.0,0.0,0.0,0.0,0.0,0.0,0.0,0.0,0.0,0.0,0.0,0.0,1.0,0.0
09/28/2023,65.0,119.0,1.0,17.0,0.0,0.0,5732.0,0.0,1.0,1.0,1.0,427.0,0.0,0.0,1.0,0.0,0.0,0.0,0.0,0.0,1.0,0.0,0.0,1.0,0.0,0.0,0.0,1.0,0.0,0.0,0.0,1.0,0.0,0.0,0.0,0.0,0.0,0.0,0.0,0.0,0.0,1.0,0.0,0.0,0.0
04/24/2023,49.0,161.0,1.0,17.0,0.0,0.0,5814.0,0.0,0.0,1.0,1.0,223.0,0.0,0.0,1.0,0.0,0.0,0.0,0.0,1.0,0.0,0.0,1.0,0.0,0.0,0.0,1.0,0.0,0.0,0.0,1.0,0.0,0.0,0.0,0.0,0.0,0.0,0.0,0.0,0.0,0.0,0.0,0.0,1.0,0.0
02/27/2023,32.0,45.0,1.0,17.0,0.0,0.0,5732.0,0.0,1.0,1.0,1.0,368.0,0.0,0.0,2.0,0.0,1.0,0.0,0.0,1.0,0.0,0.0,0.0,1.0,0.0,1.0,0.0,0.0,0.0,0.0,0.0,1.0,0.0,0.0,0.0,0.0,0.0,0.0,0.0,0.0,0.0,0.0,0.0,1.0,0.0
09/28/2023,60.0,74.0,1.0,18.0,0.0,0.0,5814.0,0.0,0.0,1.0,1.0,205.0,0.0,0.0,1.0,0.0,0.0,0.0,0.0,0.0,1.0,0.0,1.0,0.0,0.0,0.0,0.0,1.0,0.0,0.0,1.0,0.0,0.0,0.0,0.0,0.0,0.0,0.0,0.0,0.0,0.0,0.0,0.0,1.0,0.0
01/03/2023,41.0,118.0,1.0,17.0,0.0,0.0,4121.0,0.0,0.0,1.0,1.0,304.0,0.0,0.0,1.0,0.0,0.0,0.0,0.0,1.0,0.0,0.0,1.0,0.0,0.0,1.0,0.0,0.0,0.0,0.0,1.0,0.0,0.0,0.0,0.0,0.0,0.0,1.0,0.0,0.0,0.0,0.0,0.0,0.0,0.0
06/26/2023,78.0,282.0,1.0,16.0,0.0,0.0,5944.0,0.0,1.0,1.0,1.0,187.0,0.0,0.0,1.0,0.0,0.0,0.0,0.0,0.0,1.0,0.0,1.0,0.0,0.0,0.0,0.0,1.0,0.0,0.0,0.0,1.0,0.0,0.0,0.0,0.0,0.0,0.0,0.0,0.0,0.0,0.0,0.0,1.0,0.0
07/24/2023,55.0,78.0,1.0,16.0,0.0,0.0,4829.0,1.0,0.0,1.0,1.0,135.0,0.0,1.0,1.0,0.0,0.0,0.0,2.0,0.0,1.0,0.0,0.0,1.0,0.0,0.0,1.0,0.0,0.0,0.0,0.0,0.0,0.0,0.0,0.0,0.0,0.0,0.0,0.0,0.0,0.0,0.0,0.0,1.0,0.0
12/13/2023,49.0,63.0,1.0,17.0,0.0,0.0,4829.0,1.0,0.0,1.0,1.0,755.0,0.0,1.0,1.0,0.0,0.0,0.0,2.0,0.0,1.0,0.0,1.0,0.0,0.0,0.0,1.0,0.0,0.0,0.0,0.0,0.0,0.0,0.0,0.0,0.0,0.0,0.0,0.0,0.0,0.0,0.0,0.0,1.0,0.0
10/31/2023,19.0,101.0,1.0,16.0,0.0,0.0,7299.0,1.0,0.0,1.0,1.0,201.0,0.0,1.0,1.0,0.0,0.0,0.0,2.0,0.0,1.0,0.0,0.0,1.0,0.0,0.0,0.0,0.0,1.0,0.0,0.0,0.0,0.0,0.0,0.0,0.0,0.0,0.0,0.0,0.0,0.0,0.0,0.0,1.0,0.0
12/25/2023,19.0,248.0,1.0,17.0,0.0,0.0,7995.0,1.0,0.0,1.0,1.0,243.0,0.0,0.0,1.0,0.0,0.0,0.0,0.0,0.0,1.0,0.0,0.0,0.0,0.0,0.0,0.0,0.0,1.0,0.0,0.0,0.0,0.0,0.0,0.0,0.0,0.0,0.0,0.0,0.0,0.0,0.0,0.0,1.0,0.0
08/17/2023,72.0,150.0,1.0,16.0,0.0,0.0,5311.0,0.0,0.0,1.0,1.0,342.0,0.0,0.0,1.0,0.0,0.0,0.0,0.0,0.0,1.0,0.0,0.0,1.0,0.0,0.0,0.0,1.0,0.0,0.0,1.0,0.0,0.0,0.0,0.0,0.0,0.0,0.0,0.0,0.0,0.0,0.0,0.0,1.0,0.0
05/25/2023,76.0,66.0,1.0,16.0,0.0,0.0,5944.0,0.0,1.0,1.0,1.0,1125.0,0.0,0.0,1.0,0.0,0.0,0.0,0.0,0.0,1.0,0.0,0.0,0.0,0.0,0.0,0.0,1.0,0.0,0.0,0.0,1.0,0.0,0.0,0.0,0.0,0.0,0.0,0.0,0.0,0.0,0.0,0.0,1.0,0.0
01/02/2023,60.0,40.0,1.0,17.0,0.0,0.0,5732.0,0.0,1.0,1.0,1.0,239.0,0.0,0.0,1.0,0.0,0.0,0.0,0.0,0.0,1.0,0.0,0.0,0.0,0.0,0.0,1.0,0.0,0.0,0.0,0.0,1.0,0.0,0.0,0.0,0.0,0.0,0.0,0.0,0.0,0.0,0.0,0.0,1.0,0.0
11/10/2023,48.0,44.0,1.0,16.0,0.0,0.0,7299.0,1.0,0.0,1.0,1.0,572.0,0.0,0.0,1.0,0.0,0.0,0.0,0.0,0.0,1.0,0.0,0.0,0.0,0.0,1.0,0.0,0.0,0.0,0.0,0.0,0.0,0.0,0.0,0.0,0.0,0.0,0.0,0.0,0.0,0.0,0.0,0.0,1.0,0.0
05/01/2023,38.0,90.0,1.0,16.0,0.0,0.0,7995.0,1.0,0.0,1.0,1.0,241.0,0.0,1.0,1.0,0.0,0.0,0.0,2.0,0.0,1.0,0.0,1.0,0.0,0.0,1.0,0.0,0.0,0.0,0.0,0.0,0.0,0.0,0.0,0.0,0.0,0.0,0.0,0.0,0.0,0.0,0.0,0.0,1.0,0.0
02/06/2023,33.0,133.0,1.0,17.0,0.0,0.0,5814.0,0.0,0.0,1.0,1.0,917.0,0.0,0.0,1.0,0.0,0.0,0.0,0.0,0.0,1.0,0.0,1.0,0.0,0.0,1.0,0.0,0.0,0.0,0.0,1.0,0.0,0.0,0.0,0.0,0.0,0.0,0.0,0.0,0.0,0.0,1.0,0.0,0.0,0.0
12/11/2023,30.0,34.0,1.0,16.0,0.0,0.0,4829.0,1.0,0.0,1.0,1.0,113.0,0.0,1.0,1.0,0.0,0.0,0.0,2.0,0.0,1.0,0.0,0.0,1.0,0.0,0.0,1.0,0.0,0.0,0.0,0.0,0.0,0.0,0.0,0.0,0.0,0.0,0.0,0.0,0.0,0.0,0.0,0.0,1.0,0.0
12/08/2023,72.0,90.0,1.0,16.0,0.0,0.0,5734.0,0.0,1.0,1.0,1.0,241.0,0.0,1.0,3.0,1.0,1.0,0.0,0.0,0.0,1.0,0.0,0.0,0.0,0.0,0.0,0.0,1.0,0.0,0.0,0.0,1.0,0.0,0.0,0.0,0.0,0.0,0.0,0.0,0.0,0.0,0.0,0.0,1.0,0.0
04/04/2023,19.0,175.0,1.0,16.0,0.0,0.0,5411.0,0.0,0.0,1.0,1.0,158.0,0.0,0.0,1.0,0.0,0.0,0.0,0.0,1.0,0.0,0.0,0.0,1.0,0.0,0.0,0.0,0.0,1.0,0.0,1.0,0.0,0.0,0.0,0.0,0.0,0.0,0.0,0.0,0.0,0.0,0.0,0.0,1.0,0.0
02/06/2023,30.0,80.0,1.0,16.0,0.0,0.0,7299.0,1.0,0.0,1.0,1.0,303.0,0.0,0.0,1.0,0.0,0.0,0.0,0.0,0.0,1.0,0.0,0.0,1.0,0.0,1.0,0.0,0.0,0.0,0.0,0.0,0.0,0.0,0.0,0.0,0.0,0.0,0.0,0.0,0.0,0.0,0.0,0.0,1.0,0.0
07/17/2023,51.0,105.0,1.0,16.0,0.0,0.0,5732.0,0.0,1.0,1.0,1.0,389.0,0.0,0.0,5.0,1.0,1.0,0.0,0.0,0.0,1.0,0.0,0.0,0.0,0.0,0.0,0.0,1.0,0.0,0.0,0.0,1.0,0.0,0.0,0.0,0.0,0.0,0.0,0.0,0.0,0.0,0.0,0.0,1.0,0.0
12/01/2023,21.0,106.0,1.0,17.0,0.0,0.0,4111.0,0.0,0.0,1.0,1.0,261.0,0.0,0.0,1.0,0.0,0.0,0.0,0.0,0.0,1.0,0.0,1.0,0.0,0.0,0.0,0.0,0.0,1.0,0.0,1.0,0.0,0.0,0.0,0.0,0.0,0.0,0.0,0.0,0.0,0.0,0.0,0.0,1.0,0.0
02/20/2023,31.0,26.0,1.0,17.0,0.0,0.0,4111.0,0.0,0.0,1.0,1.0,393.0,0.0,0.0,1.0,0.0,0.0,1.0,0.0,0.0,1.0,0.0,1.0,0.0,0.0,1.0,0.0,0.0,0.0,0.0,1.0,0.0,0.0,0.0,0.0,0.0,0.0,0.0,0.0,0.0,0.0,0.0,0.0,1.0,0.0
02/13/2023,59.0,53.0,1.0,16.0,0.0,0.0,5999.0,1.0,0.0,1.0,1.0,132.0,0.0,0.0,1.0,0.0,0.0,0.0,0.0,1.0,0.0,0.0,0.0,1.0,0.0,0.0,1.0,0.0,0.0,0.0,0.0,0.0,0.0,0.0,0.0,0.0,0.0,0.0,0.0,0.0,0.0,0.0,0.0,1.0,0.0
01/23/2023,33.0,166.0,1.0,16.0,0.0,0.0,5999.0,1.0,0.0,1.0,1.0,235.0,0.0,0.0,1.0,0.0,0.0,0.0,0.0,0.0,1.0,0.0,1.0,0.0,0.0,1.0,0.0,0.0,0.0,0.0,0.0,0.0,0.0,0.0,0.0,0.0,0.0,0.0,0.0,0.0,0.0,0.0,0.0,1.0,0.0
05/11/2023,80.0,47.0,1.0,16.0,0.0,0.0,7995.0,1.0,0.0,1.0,1.0,476.0,0.0,0.0,1.0,0.0,0.0,0.0,0.0,0.0,1.0,0.0,0.0,0.0,0.0,0.0,0.0,1.0,0.0,0.0,0.0,0.0,0.0,0.0,0.0,0.0,0.0,0.0,0.0,0.0,0.0,0.0,0.0,1.0,0.0
12/07/2023,57.0,135.0,1.0,16.0,0.0,0.0,5311.0,0.0,0.0,1.0,1.0,410.0,0.0,1.0,1.0,0.0,0.0,0.0,0.0,0.0,1.0,0.0,1.0,0.0,0.0,0.0,1.0,0.0,0.0,0.0,1.0,0.0,0.0,0.0,0.0,0.0,0.0,0.0,0.0,0.0,0.0,0.0,0.0,1.0,0.0
11/27/2023,22.0,35.0,1.0,18.0,0.0,0.0,5944.0,0.0,1.0,1.0,1.0,455.0,0.0,1.0,1.0,0.0,0.0,0.0,0.0,0.0,1.0,0.0,0.0,1.0,0.0,0.0,0.0,0.0,1.0,0.0,0.0,1.0,0.0,0.0,0.0,0.0,0.0,0.0,0.0,0.0,0.0,0.0,0.0,1.0,0.0
02/20/2023,21.0,146.0,1.0,18.0,0.0,0.0,5812.0,0.0,0.0,1.0,1.0,190.0,0.0,0.0,1.0,0.0,0.0,0.0,0.0,0.0,1.0,0.0,0.0,1.0,0.0,0.0,0.0,0.0,1.0,0.0,1.0,0.0,0.0,0.0,0.0,0.0,0.0,0.0,0.0,0.0,0.0,0.0,0.0,1.0,0.0
07/05/2023,67.0,80.0,1.0,17.0,0.0,0.0,5734.0,0.0,1.0,1.0,1.0,32.0,1.0,1.0,1.0,0.0,0.0,0.0,0.0,1.0,0.0,0.0,1.0,0.0,0.0,0.0,0.0,1.0,0.0,0.0,0.0,1.0,0.0,0.0,0.0,0.0,0.0,0.0,0.0,0.0,0.0,0.0,0.0,1.0,0.0
02/27/2023,53.0,170.0,1.0,17.0,0.0,0.0,5812.0,0.0,0.0,1.0,1.0,550.0,0.0,0.0,1.0,0.0,0.0,0.0,0.0,0.0,1.0,0.0,0.0,1.0,0.0,1.0,0.0,0.0,0.0,0.0,1.0,0.0,0.0,0.0,0.0,0.0,0.0,0.0,0.0,0.0,0.0,0.0,0.0,1.0,0.0
06/20/2023,29.0,153.0,1.0,18.0,0.0,0.0,5732.0,0.0,1.0,1.0,1.0,266.0,0.0,1.0,1.0,0.0,0.0,0.0,0.0,0.0,1.0,0.0,1.0,0.0,0.0,1.0,0.0,0.0,0.0,0.0,0.0,1.0,0.0,0.0,0.0,0.0,0.0,0.0,0.0,0.0,0.0,0.0,0.0,1.0,0.0
11/20/2023,41.0,297.0,1.0,16.0,0.0,0.0,5732.0,0.0,1.0,1.0,1.0,881.0,0.0,1.0,1.0,0.0,0.0,0.0,2.0,0.0,1.0,0.0,1.0,0.0,0.0,1.0,0.0,0.0,0.0,0.0,0.0,1.0,0.0,0.0,0.0,0.0,0.0,0.0,0.0,1.0,0.0,0.0,0.0,0.0,0.0
10/04/2023,20.0,24.0,1.0,16.0,0.0,0.0,5311.0,0.0,0.0,1.0,1.0,449.0,0.0,1.0,1.0,0.0,0.0,0.0,2.0,0.0,1.0,0.0,1.0,0.0,0.0,0.0,0.0,0.0,1.0,0.0,1.0,0.0,0.0,0.0,0.0,0.0,0.0,0.0,0.0,0.0,0.0,0.0,0.0,1.0,0.0
01/09/2023,33.0,134.0,1.0,16.0,0.0,0.0,5944.0,0.0,1.0,1.0,1.0,145.0,0.0,0.0,1.0,0.0,0.0,0.0,0.0,0.0,1.0,0.0,0.0,1.0,0.0,0.0,1.0,0.0,0.0,0.0,0.0,1.0,0.0,0.0,0.0,0.0,0.0,0.0,0.0,0.0,0.0,0.0,0.0,1.0,0.0
06/12/2023,80.0,45.0,2.0,16.0,0.0,0.0,6011.0,1.0,0.0,1.0,1.0,395.0,0.0,0.0,2.0,0.0,1.0,0.0,0.0,0.0,1.0,0.0,0.0,0.0,0.0,0.0,0.0,1.0,0.0,0.0,0.0,0.0,0.0,0.0,0.0,0.0,0.0,0.0,0.0,0.0,0.0,0.0,0.0,1.0,0.0
02/21/2023,51.0,264.0,1.0,17.0,0.0,0.0,5734.0,0.0,1.0,1.0,1.0,187.0,0.0,0.0,2.0,0.0,1.0,0.0,1.0,0.0,1.0,0.0,0.0,1.0,0.0,0.0,1.0,0.0,0.0,0.0,0.0,1.0,0.0,0.0,0.0,0.0,0.0,0.0,0.0,1.0,0.0,0.0,0.0,0.0,0.0
06/15/2023,42.0,51.0,1.0,17.0,0.0,0.0,5732.0,0.0,1.0,1.0,1.0,427.0,0.0,0.0,1.0,0.0,0.0,0.0,0.0,1.0,0.0,0.0,0.0,1.0,0.0,0.0,1.0,0.0,0.0,0.0,0.0,1.0,0.0,0.0,0.0,0.0,0.0,0.0,0.0,0.0,0.0,0.0,0.0,1.0,0.0
07/27/2023,20.0,72.0,1.0,16.0,0.0,0.0,4121.0,0.0,0.0,1.0,1.0,210.0,0.0,0.0,1.0,0.0,0.0,0.0,0.0,1.0,0.0,0.0,0.0,1.0,0.0,0.0,0.0,0.0,1.0,0.0,1.0,0.0,0.0,0.0,0.0,0.0,0.0,0.0,0.0,0.0,0.0,0.0,0.0,1.0,0.0
03/29/2023,42.0,186.0,1.0,17.0,0.0,0.0,7995.0,1.0,0.0,1.0,1.0,266.0,0.0,0.0,3.0,1.0,1.0,0.0,1.0,1.0,0.0,0.0,1.0,0.0,0.0,0.0,1.0,0.0,0.0,0.0,0.0,0.0,0.0,0.0,0.0,0.0,0.0,0.0,0.0,0.0,0.0,0.0,0.0,1.0,0.0
06/16/2023,50.0,144.0,1.0,18.0,0.0,0.0,5921.0,1.0,0.0,1.0,1.0,227.0,0.0,0.0,1.0,0.0,0.0,0.0,0.0,0.0,1.0,0.0,1.0,0.0,0.0,1.0,0.0,0.0,0.0,0.0,0.0,0.0,0.0,0.0,0.0,0.0,0.0,0.0,1.0,0.0,0.0,0.0,0.0,0.0,0.0
11/08/2023,74.0,150.0,1.0,17.0,0.0,0.0,5732.0,0.0,1.0,1.0,1.0,189.0,0.0,0.0,3.0,1.0,1.0,0.0,0.0,0.0,1.0,0.0,0.0,0.0,0.0,0.0,0.0,1.0,0.0,0.0,0.0,1.0,0.0,0.0,0.0,0.0,0.0,0.0,0.0,0.0,0.0,0.0,0.0,1.0,0.0
02/06/2023,46.0,143.0,1.0,17.0,0.0,0.0,5999.0,1.0,0.0,1.0,1.0,368.0,0.0,0.0,1.0,0.0,0.0,0.0,0.0,0.0,1.0,0.0,0.0,0.0,0.0,0.0,1.0,0.0,0.0,0.0,0.0,0.0,0.0,0.0,0.0,0.0,0.0,0.0,0.0,0.0,0.0,0.0,0.0,1.0,0.0
08/03/2023,42.0,106.0,1.0,17.0,0.0,0.0,5734.0,0.0,1.0,1.0,1.0,144.0,0.0,0.0,1.0,0.0,0.0,0.0,0.0,0.0,1.0,0.0,0.0,0.0,0.0,1.0,0.0,0.0,0.0,0.0,0.0,1.0,0.0,0.0,0.0,0.0,0.0,0.0,0.0,0.0,0.0,0.0,0.0,1.0,0.0
09/04/2023,63.0,286.0,3.0,17.0,0.0,0.0,5999.0,1.0,0.0,1.0,1.0,464.0,0.0,1.0,4.0,1.0,1.0,0.0,2.0,0.0,1.0,0.0,0.0,1.0,0.0,1.0,0.0,0.0,0.0,0.0,0.0,0.0,0.0,0.0,0.0,0.0,0.0,0.0,0.0,0.0,0.0,0.0,0.0,1.0,0.0
03/23/2023,56.0,285.0,1.0,16.0,0.0,0.0,7995.0,1.0,0.0,1.0,1.0,96.0,0.0,0.0,2.0,0.0,1.0,0.0,0.0,0.0,1.0,0.0,0.0,0.0,0.0,0.0,0.0,1.0,0.0,0.0,0.0,0.0,0.0,0.0,0.0,0.0,0.0,0.0,0.0,0.0,0.0,0.0,0.0,1.0,0.0
01/30/2023,33.0,32.0,1.0,16.0,0.0,0.0,4121.0,0.0,0.0,1.0,1.0,1115.0,0.0,0.0,2.0,0.0,1.0,0.0,0.0,1.0,0.0,0.0,0.0,1.0,0.0,1.0,0.0,0.0,0.0,0.0,1.0,0.0,0.0,0.0,0.0,0.0,0.0,0.0,0.0,0.0,0.0,0.0,0.0,1.0,0.0
02/16/2023,47.0,12.0,1.0,17.0,0.0,0.0,5732.0,0.0,1.0,1.0,1.0,241.0,0.0,0.0,1.0,0.0,0.0,0.0,0.0,0.0,1.0,0.0,1.0,0.0,0.0,0.0,1.0,0.0,0.0,0.0,0.0,1.0,0.0,0.0,0.0,0.0,0.0,0.0,0.0,0.0,0.0,0.0,0.0,1.0,0.0
04/24/2023,41.0,53.0,1.0,16.0,0.0,0.0,5311.0,0.0,0.0,1.0,1.0,371.0,0.0,0.0,3.0,1.0,1.0,0.0,0.0,1.0,0.0,0.0,1.0,0.0,0.0,0.0,1.0,0.0,0.0,0.0,1.0,0.0,0.0,0.0,0.0,0.0,0.0,0.0,0.0,0.0,0.0,0.0,0.0,1.0,0.0
08/29/2023,65.0,64.0,1.0,16.0,0.0,0.0,4111.0,0.0,0.0,1.0,1.0,401.0,0.0,1.0,1.0,0.0,0.0,0.0,0.0,0.0,1.0,0.0,0.0,0.0,0.0,0.0,0.0,1.0,0.0,0.0,1.0,0.0,0.0,0.0,0.0,0.0,0.0,0.0,0.0,0.0,0.0,0.0,0.0,1.0,0.0
10/09/2023,41.0,173.0,1.0,18.0,0.0,0.0,4121.0,0.0,0.0,1.0,1.0,393.0,0.0,1.0,1.0,0.0,0.0,0.0,2.0,0.0,1.0,0.0,1.0,0.0,0.0,1.0,0.0,0.0,0.0,0.0,1.0,0.0,0.0,0.0,0.0,0.0,0.0,0.0,0.0,0.0,0.0,0.0,0.0,1.0,0.0
07/31/2023,42.0,42.0,1.0,17.0,0.0,0.0,4829.0,1.0,0.0,1.0,1.0,67.0,0.0,1.0,1.0,0.0,0.0,0.0,2.0,0.0,1.0,0.0,0.0,1.0,0.0,1.0,0.0,0.0,0.0,0.0,0.0,0.0,0.0,0.0,0.0,0.0,0.0,0.0,0.0,0.0,0.0,0.0,0.0,1.0,0.0
11/06/2023,24.0,142.0,1.0,17.0,0.0,0.0,4829.0,1.0,0.0,1.0,1.0,106.0,0.0,0.0,1.0,0.0,0.0,0.0,0.0,0.0,1.0,0.0,0.0,1.0,0.0,0.0,0.0,0.0,1.0,0.0,0.0,0.0,0.0,0.0,0.0,0.0,0.0,0.0,0.0,0.0,0.0,0.0,0.0,1.0,0.0
06/29/2023,50.0,63.0,1.0,16.0,0.0,0.0,5999.0,1.0,0.0,1.0,1.0,186.0,0.0,0.0,1.0,0.0,0.0,0.0,0.0,0.0,1.0,0.0,0.0,0.0,0.0,1.0,0.0,0.0,0.0,0.0,0.0,0.0,0.0,0.0,0.0,0.0,0.0,0.0,0.0,0.0,0.0,0.0,0.0,1.0,0.0
02/24/2023,46.0,24.0,1.0,16.0,0.0,0.0,4121.0,0.0,0.0,1.0,1.0,614.0,0.0,0.0,1.0,0.0,0.0,0.0,0.0,0.0,1.0,0.0,0.0,1.0,0.0,0.0,1.0,0.0,0.0,0.0,1.0,0.0,0.0,0.0,0.0,0.0,0.0,0.0,0.0,0.0,0.0,0.0,0.0,1.0,0.0
01/23/2023,25.0,157.0,1.0,18.0,0.0,0.0,5732.0,0.0,1.0,1.0,1.0,987.0,0.0,0.0,1.0,0.0,0.0,0.0,0.0,1.0,0.0,0.0,0.0,0.0,0.0,0.0,0.0,0.0,1.0,0.0,0.0,1.0,0.0,0.0,0.0,0.0,0.0,0.0,0.0,0.0,0.0,0.0,0.0,1.0,0.0
02/06/2023,26.0,140.0,1.0,16.0,0.0,0.0,4829.0,1.0,0.0,1.0,1.0,371.0,0.0,0.0,1.0,0.0,0.0,0.0,2.0,0.0,1.0,0.0,0.0,1.0,0.0,0.0,0.0,0.0,1.0,0.0,0.0,0.0,0.0,0.0,0.0,0.0,0.0,0.0,0.0,0.0,0.0,0.0,0.0,1.0,0.0
02/28/2023,63.0,113.0,1.0,16.0,0.0,0.0,7995.0,1.0,0.0,1.0,1.0,531.0,0.0,0.0,1.0,0.0,0.0,0.0,0.0,0.0,1.0,0.0,1.0,0.0,0.0,1.0,0.0,0.0,0.0,0.0,0.0,0.0,0.0,0.0,0.0,0.0,0.0,0.0,0.0,0.0,0.0,0.0,0.0,1.0,0.0
02/06/2023,40.0,98.0,1.0,16.0,0.0,0.0,5999.0,1.0,0.0,1.0,1.0,166.0,0.0,0.0,2.0,0.0,1.0,0.0,1.0,0.0,1.0,0.0,0.0,1.0,0.0,0.0,1.0,0.0,0.0,0.0,0.0,0.0,0.0,0.0,0.0,0.0,0.0,0.0,0.0,0.0,0.0,0.0,0.0,1.0,0.0
09/01/2023,51.0,278.0,1.0,16.0,0.0,0.0,5814.0,0.0,0.0,1.0,1.0,565.0,0.0,1.0,1.0,0.0,0.0,0.0,2.0,0.0,1.0,0.0,0.0,0.0,0.0,0.0,0.0,1.0,0.0,0.0,1.0,0.0,0.0,0.0,0.0,0.0,0.0,0.0,0.0,0.0,0.0,0.0,0.0,1.0,0.0
11/06/2023,44.0,99.0,1.0,17.0,0.0,0.0,5732.0,0.0,1.0,1.0,1.0,258.0,0.0,1.0,1.0,0.0,0.0,0.0,0.0,0.0,1.0,0.0,0.0,0.0,0.0,1.0,0.0,0.0,0.0,0.0,0.0,1.0,0.0,0.0,0.0,0.0,0.0,0.0,0.0,0.0,0.0,0.0,0.0,1.0,0.0
09/20/2023,52.0,119.0,1.0,17.0,0.0,0.0,5734.0,0.0,1.0,1.0,1.0,801.0,0.0,1.0,3.0,1.0,1.0,0.0,0.0,0.0,1.0,0.0,0.0,1.0,0.0,0.0,0.0,1.0,0.0,0.0,0.0,1.0,0.0,0.0,0.0,0.0,0.0,0.0,0.0,0.0,0.0,0.0,0.0,1.0,0.0
12/25/2023,53.0,101.0,1.0,16.0,0.0,0.0,5311.0,0.0,0.0,1.0,1.0,364.0,0.0,1.0,1.0,0.0,0.0,0.0,0.0,0.0,1.0,0.0,0.0,0.0,0.0,0.0,0.0,1.0,0.0,0.0,1.0,0.0,0.0,0.0,0.0,0.0,0.0,0.0,0.0,0.0,0.0,0.0,0.0,1.0,0.0
09/04/2023,29.0,54.0,1.0,16.0,0.0,0.0,4111.0,0.0,0.0,1.0,1.0,808.0,0.0,0.0,1.0,0.0,0.0,0.0,0.0,0.0,1.0,0.0,0.0,0.0,0.0,0.0,1.0,0.0,0.0,0.0,1.0,0.0,0.0,0.0,0.0,0.0,0.0,0.0,0.0,0.0,0.0,0.0,0.0,1.0,0.0
11/09/2023,65.0,164.0,1.0,17.0,0.0,0.0,5812.0,0.0,0.0,1.0,1.0,239.0,0.0,1.0,1.0,0.0,0.0,0.0,0.0,0.0,1.0,0.0,1.0,0.0,0.0,0.0,0.0,1.0,0.0,0.0,1.0,0.0,0.0,0.0,0.0,0.0,0.0,0.0,0.0,0.0,0.0,0.0,0.0,1.0,0.0
06/23/2023,27.0,89.0,1.0,16.0,0.0,0.0,5311.0,0.0,0.0,1.0,1.0,372.0,0.0,1.0,1.0,0.0,0.0,0.0,0.0,1.0,0.0,0.0,1.0,0.0,0.0,0.0,0.0,0.0,1.0,0.0,1.0,0.0,0.0,0.0,0.0,0.0,0.0,0.0,0.0,0.0,0.0,0.0,0.0,1.0,0.0
06/19/2023,64.0,79.0,1.0,16.0,0.0,0.0,4121.0,0.0,0.0,1.0,1.0,59.0,1.0,0.0,1.0,0.0,0.0,0.0,0.0,0.0,1.0,0.0,0.0,0.0,0.0,0.0,0.0,1.0,0.0,0.0,1.0,0.0,0.0,0.0,0.0,0.0,0.0,0.0,0.0,0.0,0.0,0.0,0.0,1.0,0.0
10/03/2023,45.0,260.0,1.0,16.0,0.0,0.0,5814.0,0.0,0.0,1.0,1.0,258.0,0.0,0.0,1.0,0.0,0.0,0.0,0.0,0.0,1.0,0.0,1.0,0.0,0.0,1.0,0.0,0.0,0.0,0.0,1.0,0.0,0.0,0.0,0.0,0.0,0.0,0.0,0.0,0.0,0.0,0.0,0.0,1.0,0.0
07/04/2023,56.0,264.0,1.0,18.0,0.0,0.0,7299.0,1.0,0.0,1.0,1.0,233.0,0.0,1.0,1.0,0.0,0.0,0.0,2.0,0.0,1.0,0.0,1.0,0.0,0.0,0.0,1.0,0.0,0.0,0.0,0.0,0.0,0.0,0.0,0.0,0.0,0.0,0.0,0.0,0.0,0.0,0.0,0.0,1.0,0.0
08/25/2023,31.0,99.0,1.0,16.0,0.0,0.0,5411.0,0.0,0.0,1.0,1.0,321.0,0.0,1.0,1.0,0.0,0.0,1.0,2.0,1.0,0.0,0.0,0.0,1.0,0.0,1.0,0.0,0.0,0.0,0.0,1.0,0.0,0.0,0.0,0.0,0.0,0.0,0.0,0.0,0.0,0.0,0.0,0.0,1.0,0.0
07/10/2023,66.0,12.0,1.0,18.0,0.0,0.0,5732.0,0.0,1.0,1.0,1.0,1480.0,0.0,0.0,1.0,0.0,0.0,0.0,0.0,0.0,1.0,0.0,0.0,0.0,0.0,1.0,0.0,0.0,0.0,0.0,0.0,1.0,0.0,0.0,0.0,0.0,0.0,0.0,0.0,0.0,0.0,0.0,0.0,1.0,0.0
03/20/2023,59.0,153.0,1.0,16.0,0.0,0.0,5732.0,0.0,1.0,1.0,1.0,186.0,0.0,0.0,1.0,0.0,0.0,0.0,0.0,0.0,1.0,0.0,0.0,0.0,0.0,0.0,0.0,1.0,0.0,0.0,0.0,1.0,0.0,0.0,0.0,0.0,0.0,0.0,0.0,0.0,0.0,0.0,0.0,1.0,0.0
09/12/2023,80.0,76.0,1.0,16.0,0.0,0.0,5732.0,0.0,1.0,1.0,1.0,603.0,0.0,1.0,2.0,0.0,1.0,0.0,0.0,0.0,1.0,0.0,0.0,0.0,0.0,0.0,0.0,1.0,0.0,0.0,0.0,1.0,0.0,0.0,0.0,0.0,0.0,0.0,0.0,0.0,0.0,0.0,0.0,1.0,0.0
01/06/2023,27.0,291.0,4.0,16.0,0.0,0.0,5311.0,0.0,0.0,1.0,1.0,292.0,0.0,0.0,1.0,0.0,0.0,0.0,0.0,0.0,1.0,0.0,1.0,0.0,0.0,0.0,1.0,0.0,0.0,0.0,1.0,0.0,0.0,0.0,0.0,0.0,0.0,0.0,0.0,0.0,0.0,0.0,0.0,1.0,0.0
02/13/2023,25.0,139.0,1.0,17.0,0.0,0.0,4829.0,1.0,0.0,1.0,1.0,249.0,0.0,0.0,1.0,0.0,0.0,0.0,0.0,0.0,1.0,0.0,0.0,0.0,0.0,0.0,0.0,0.0,1.0,0.0,0.0,0.0,0.0,0.0,0.0,0.0,0.0,0.0,0.0,0.0,0.0,0.0,0.0,1.0,0.0
03/09/2023,26.0,218.0,1.0,16.0,0.0,0.0,7995.0,1.0,0.0,1.0,1.0,352.0,0.0,0.0,1.0,0.0,0.0,0.0,0.0,0.0,1.0,0.0,1.0,0.0,0.0,0.0,0.0,0.0,1.0,0.0,0.0,0.0,0.0,0.0,0.0,0.0,0.0,0.0,0.0,0.0,0.0,0.0,0.0,1.0,0.0
07/25/2023,25.0,134.0,1.0,16.0,0.0,0.0,4111.0,0.0,0.0,1.0,1.0,307.0,0.0,0.0,1.0,0.0,0.0,0.0,0.0,1.0,0.0,0.0,1.0,0.0,0.0,0.0,0.0,0.0,1.0,0.0,1.0,0.0,0.0,1.0,0.0,0.0,0.0,0.0,0.0,0.0,0.0,0.0,0.0,0.0,0.0
01/09/2023,74.0,290.0,1.0,16.0,0.0,0.0,5812.0,0.0,0.0,1.0,1.0,283.0,0.0,0.0,2.0,0.0,1.0,0.0,0.0,1.0,0.0,0.0,1.0,0.0,0.0,0.0,0.0,1.0,0.0,0.0,1.0,0.0,0.0,0.0,0.0,0.0,0.0,0.0,0.0,0.0,0.0,0.0,0.0,1.0,0.0
06/08/2023,69.0,152.0,1.0,16.0,0.0,0.0,5812.0,0.0,0.0,1.0,1.0,469.0,0.0,1.0,2.0,0.0,1.0,0.0,2.0,0.0,1.0,0.0,0.0,1.0,0.0,0.0,0.0,1.0,0.0,0.0,1.0,0.0,0.0,0.0,0.0,0.0,0.0,0.0,0.0,0.0,0.0,0.0,0.0,1.0,0.0
07/31/2023,63.0,119.0,1.0,18.0,0.0,0.0,5732.0,0.0,1.0,1.0,1.0,210.0,0.0,0.0,1.0,0.0,0.0,0.0,0.0,0.0,1.0,0.0,0.0,0.0,0.0,0.0,0.0,1.0,0.0,0.0,0.0,1.0,0.0,0.0,0.0,0.0,0.0,0.0,0.0,0.0,0.0,0.0,0.0,1.0,0.0
12/29/2023,56.0,31.0,1.0,16.0,0.0,0.0,6011.0,1.0,0.0,1.0,1.0,269.0,0.0,0.0,1.0,0.0,0.0,0.0,2.0,1.0,0.0,0.0,0.0,1.0,0.0,0.0,0.0,1.0,0.0,0.0,0.0,0.0,0.0,0.0,0.0,0.0,0.0,0.0,0.0,0.0,0.0,0.0,0.0,1.0,0.0
04/18/2023,54.0,25.0,1.0,17.0,0.0,0.0,4829.0,1.0,0.0,1.0,1.0,959.0,0.0,0.0,1.0,0.0,0.0,0.0,0.0,0.0,1.0,0.0,0.0,1.0,0.0,0.0,1.0,0.0,0.0,0.0,0.0,0.0,0.0,0.0,0.0,0.0,0.0,0.0,0.0,0.0,0.0,0.0,0.0,1.0,0.0
08/07/2023,41.0,204.0,1.0,17.0,0.0,0.0,5944.0,0.0,1.0,1.0,1.0,90.0,0.0,0.0,1.0,0.0,0.0,0.0,0.0,0.0,1.0,0.0,0.0,1.0,0.0,1.0,0.0,0.0,0.0,0.0,0.0,1.0,0.0,0.0,0.0,0.0,0.0,0.0,0.0,0.0,0.0,0.0,0.0,1.0,0.0
12/18/2023,64.0,86.0,1.0,18.0,0.0,0.0,5732.0,0.0,1.0,1.0,1.0,43.0,1.0,0.0,1.0,0.0,0.0,0.0,0.0,1.0,0.0,0.0,0.0,0.0,0.0,0.0,0.0,1.0,0.0,0.0,0.0,1.0,0.0,0.0,0.0,0.0,0.0,0.0,0.0,0.0,0.0,0.0,0.0,1.0,0.0
06/13/2023,46.0,40.0,1.0,16.0,0.0,0.0,5411.0,0.0,0.0,1.0,1.0,236.0,0.0,0.0,3.0,1.0,1.0,0.0,0.0,0.0,1.0,0.0,0.0,1.0,0.0,0.0,1.0,0.0,0.0,0.0,1.0,0.0,0.0,0.0,0.0,0.0,0.0,0.0,0.0,0.0,0.0,0.0,0.0,1.0,0.0
04/13/2023,60.0,93.0,1.0,17.0,0.0,0.0,5812.0,0.0,0.0,1.0,1.0,777.0,0.0,0.0,1.0,0.0,0.0,0.0,0.0,0.0,1.0,0.0,1.0,0.0,0.0,0.0,1.0,0.0,0.0,0.0,1.0,0.0,0.0,0.0,0.0,0.0,0.0,0.0,0.0,0.0,0.0,1.0,0.0,0.0,0.0
11/16/2023,36.0,213.0,1.0,16.0,0.0,0.0,6011.0,1.0,0.0,1.0,1.0,872.0,0.0,1.0,5.0,1.0,1.0,0.0,2.0,0.0,1.0,0.0,1.0,0.0,0.0,0.0,1.0,0.0,0.0,0.0,0.0,0.0,0.0,0.0,0.0,0.0,0.0,0.0,0.0,0.0,0.0,0.0,0.0,1.0,0.0
09/06/2023,30.0,250.0,1.0,16.0,0.0,0.0,5734.0,0.0,1.0,1.0,1.0,417.0,0.0,0.0,1.0,0.0,0.0,0.0,0.0,0.0,1.0,0.0,0.0,0.0,0.0,1.0,0.0,0.0,0.0,0.0,0.0,1.0,0.0,0.0,0.0,0.0,0.0,0.0,0.0,0.0,0.0,0.0,0.0,1.0,0.0
01/04/2023,25.0,135.0,1.0,17.0,0.0,0.0,5311.0,0.0,0.0,1.0,1.0,236.0,0.0,0.0,5.0,1.0,1.0,0.0,0.0,1.0,0.0,0.0,0.0,1.0,0.0,0.0,0.0,0.0,1.0,0.0,1.0,0.0,0.0,0.0,0.0,0.0,0.0,0.0,0.0,0.0,0.0,0.0,0.0,1.0,0.0
12/14/2023,39.0,234.0,1.0,18.0,0.0,0.0,5734.0,0.0,1.0,1.0,1.0,446.0,0.0,0.0,4.0,1.0,1.0,0.0,0.0,0.0,1.0,0.0,0.0,1.0,0.0,0.0,1.0,0.0,0.0,0.0,0.0,1.0,0.0,0.0,0.0,0.0,0.0,0.0,0.0,0.0,0.0,0.0,0.0,1.0,0.0
06/09/2023,57.0,128.0,1.0,17.0,0.0,0.0,6011.0,1.0,0.0,1.0,1.0,471.0,0.0,0.0,1.0,0.0,0.0,0.0,0.0,0.0,1.0,0.0,0.0,1.0,0.0,0.0,0.0,1.0,0.0,0.0,0.0,0.0,0.0,0.0,0.0,0.0,0.0,0.0,0.0,0.0,0.0,0.0,0.0,1.0,0.0
04/17/2023,57.0,182.0,1.0,18.0,0.0,0.0,7995.0,1.0,0.0,1.0,1.0,266.0,0.0,0.0,1.0,0.0,0.0,0.0,0.0,0.0,1.0,0.0,0.0,0.0,0.0,1.0,0.0,0.0,0.0,0.0,0.0,0.0,0.0,0.0,0.0,0.0,0.0,0.0,0.0,1.0,0.0,0.0,0.0,0.0,0.0
03/27/2023,77.0,58.0,1.0,17.0,0.0,0.0,5812.0,0.0,0.0,1.0,1.0,198.0,0.0,0.0,1.0,0.0,0.0,0.0,0.0,1.0,0.0,0.0,1.0,0.0,0.0,0.0,0.0,1.0,0.0,0.0,1.0,0.0,0.0,0.0,0.0,0.0,0.0,0.0,0.0,0.0,0.0,0.0,0.0,1.0,0.0
04/05/2023,44.0,156.0,1.0,18.0,0.0,0.0,5812.0,0.0,0.0,1.0,1.0,295.0,0.0,0.0,1.0,0.0,0.0,0.0,0.0,0.0,1.0,0.0,0.0,0.0,0.0,0.0,1.0,0.0,0.0,0.0,1.0,0.0,0.0,0.0,0.0,0.0,0.0,0.0,0.0,1.0,0.0,0.0,0.0,0.0,0.0
11/29/2023,57.0,25.0,1.0,16.0,0.0,0.0,7299.0,1.0,0.0,1.0,1.0,333.0,0.0,1.0,1.0,0.0,0.0,0.0,2.0,0.0,1.0,0.0,0.0,0.0,0.0,1.0,0.0,0.0,0.0,0.0,0.0,0.0,0.0,0.0,0.0,0.0,0.0,0.0,0.0,0.0,0.0,0.0,0.0,1.0,0.0
11/08/2023,20.0,149.0,1.0,18.0,0.0,0.0,5944.0,0.0,1.0,1.0,1.0,336.0,0.0,0.0,1.0,0.0,0.0,0.0,0.0,0.0,1.0,0.0,0.0,0.0,0.0,0.0,0.0,0.0,1.0,0.0,0.0,1.0,0.0,0.0,0.0,0.0,0.0,0.0,0.0,0.0,0.0,0.0,0.0,1.0,0.0
10/02/2023,28.0,26.0,1.0,16.0,0.0,0.0,5311.0,0.0,0.0,1.0,1.0,612.0,0.0,0.0,1.0,0.0,0.0,0.0,0.0,0.0,1.0,0.0,1.0,0.0,0.0,0.0,0.0,0.0,1.0,0.0,1.0,0.0,0.0,0.0,0.0,0.0,0.0,0.0,0.0,0.0,0.0,0.0,0.0,1.0,0.0
11/17/2023,18.0,80.0,1.0,16.0,0.0,0.0,5999.0,1.0,0.0,1.0,1.0,708.0,0.0,1.0,1.0,0.0,0.0,0.0,2.0,0.0,1.0,0.0,0.0,0.0,0.0,0.0,0.0,0.0,1.0,0.0,0.0,0.0,0.0,0.0,0.0,0.0,0.0,0.0,0.0,0.0,0.0,0.0,0.0,1.0,0.0
09/06/2023,31.0,28.0,1.0,18.0,0.0,0.0,7299.0,1.0,0.0,1.0,1.0,371.0,0.0,1.0,1.0,0.0,0.0,0.0,2.0,0.0,1.0,0.0,0.0,1.0,0.0,0.0,1.0,0.0,0.0,0.0,0.0,0.0,0.0,0.0,0.0,0.0,0.0,0.0,0.0,0.0,0.0,0.0,0.0,1.0,0.0
08/24/2023,22.0,149.0,1.0,16.0,0.0,0.0,5411.0,0.0,0.0,1.0,1.0,239.0,0.0,1.0,1.0,0.0,0.0,0.0,0.0,0.0,1.0,0.0,0.0,0.0,0.0,0.0,0.0,0.0,1.0,0.0,1.0,0.0,0.0,0.0,0.0,0.0,0.0,0.0,0.0,0.0,0.0,0.0,0.0,1.0,0.0
07/24/2023,20.0,163.0,1.0,16.0,0.0,0.0,4829.0,1.0,0.0,1.0,1.0,175.0,0.0,0.0,1.0,0.0,0.0,0.0,0.0,0.0,1.0,0.0,0.0,0.0,0.0,0.0,0.0,0.0,1.0,0.0,0.0,0.0,0.0,0.0,0.0,0.0,0.0,0.0,0.0,0.0,0.0,0.0,0.0,1.0,0.0
07/10/2023,32.0,51.0,1.0,16.0,0.0,0.0,7299.0,1.0,0.0,1.0,1.0,801.0,0.0,0.0,1.0,0.0,0.0,0.0,0.0,0.0,1.0,0.0,1.0,0.0,0.0,1.0,0.0,0.0,0.0,0.0,0.0,0.0,0.0,0.0,0.0,0.0,0.0,0.0,0.0,0.0,0.0,0.0,0.0,1.0,0.0
12/19/2023,26.0,121.0,1.0,17.0,0.0,0.0,5814.0,0.0,0.0,1.0,1.0,458.0,0.0,0.0,1.0,0.0,0.0,0.0,0.0,0.0,1.0,0.0,0.0,0.0,0.0,0.0,0.0,0.0,1.0,0.0,1.0,0.0,0.0,0.0,0.0,0.0,0.0,0.0,0.0,0.0,0.0,0.0,0.0,1.0,0.0
07/12/2023,78.0,81.0,1.0,16.0,0.0,0.0,5732.0,0.0,1.0,1.0,1.0,531.0,0.0,1.0,1.0,0.0,0.0,0.0,0.0,0.0,1.0,0.0,0.0,1.0,0.0,0.0,0.0,1.0,0.0,0.0,0.0,1.0,0.0,0.0,0.0,0.0,0.0,0.0,0.0,0.0,0.0,0.0,0.0,1.0,0.0
10/13/2023,34.0,90.0,1.0,16.0,0.0,0.0,7299.0,1.0,0.0,1.0,1.0,342.0,0.0,1.0,1.0,0.0,0.0,0.0,2.0,0.0,1.0,0.0,1.0,0.0,0.0,0.0,1.0,0.0,0.0,0.0,0.0,0.0,0.0,0.0,0.0,0.0,0.0,0.0,0.0,0.0,0.0,0.0,0.0,1.0,0.0
01/01/2024,59.0,156.0,1.0,16.0,0.0,0.0,5999.0,1.0,0.0,1.0,1.0,378.0,0.0,1.0,1.0,0.0,0.0,0.0,2.0,0.0,1.0,0.0,1.0,0.0,0.0,0.0,0.0,1.0,0.0,0.0,0.0,0.0,0.0,0.0,0.0,0.0,0.0,0.0,0.0,0.0,0.0,0.0,0.0,1.0,0.0
08/31/2023,29.0,39.0,1.0,16.0,0.0,0.0,5944.0,0.0,1.0,1.0,1.0,95.0,0.0,1.0,1.0,0.0,0.0,0.0,2.0,0.0,1.0,0.0,0.0,0.0,0.0,1.0,0.0,0.0,0.0,0.0,0.0,1.0,0.0,0.0,0.0,0.0,0.0,0.0,0.0,0.0,0.0,0.0,0.0,1.0,0.0
01/09/2023,27.0,38.0,1.0,16.0,0.0,0.0,7995.0,1.0,0.0,1.0,1.0,120.0,0.0,0.0,1.0,0.0,0.0,0.0,0.0,0.0,1.0,0.0,1.0,0.0,0.0,0.0,0.0,0.0,1.0,0.0,0.0,0.0,0.0,0.0,0.0,0.0,0.0,0.0,0.0,0.0,0.0,0.0,0.0,1.0,0.0
11/01/2023,34.0,13.0,3.0,17.0,0.0,0.0,5411.0,0.0,0.0,1.0,1.0,537.0,0.0,1.0,1.0,0.0,0.0,0.0,0.0,0.0,1.0,0.0,0.0,0.0,0.0,0.0,1.0,0.0,0.0,0.0,1.0,0.0,0.0,0.0,0.0,0.0,0.0,0.0,0.0,0.0,0.0,0.0,0.0,1.0,0.0
11/13/2023,27.0,83.0,1.0,16.0,0.0,0.0,4111.0,0.0,0.0,1.0,1.0,310.0,0.0,0.0,1.0,0.0,0.0,0.0,0.0,0.0,1.0,0.0,0.0,0.0,0.0,0.0,0.0,0.0,1.0,0.0,1.0,0.0,0.0,0.0,0.0,0.0,0.0,0.0,0.0,0.0,0.0,0.0,0.0,1.0,0.0
12/05/2023,30.0,143.0,1.0,16.0,0.0,0.0,4121.0,0.0,0.0,1.0,1.0,139.0,0.0,0.0,2.0,0.0,1.0,0.0,0.0,0.0,1.0,0.0,1.0,0.0,0.0,0.0,1.0,0.0,0.0,0.0,1.0,0.0,0.0,0.0,0.0,0.0,0.0,0.0,0.0,0.0,0.0,0.0,0.0,1.0,0.0
05/15/2023,58.0,12.0,1.0,16.0,0.0,0.0,4121.0,0.0,0.0,1.0,1.0,477.0,0.0,0.0,4.0,1.0,1.0,0.0,0.0,0.0,1.0,0.0,0.0,0.0,0.0,0.0,0.0,1.0,0.0,0.0,1.0,0.0,0.0,0.0,0.0,0.0,0.0,0.0,0.0,0.0,0.0,0.0,0.0,1.0,0.0
09/11/2023,76.0,145.0,1.0,17.0,0.0,0.0,4121.0,0.0,0.0,1.0,1.0,823.0,0.0,0.0,3.0,1.0,1.0,0.0,0.0,0.0,1.0,0.0,0.0,0.0,0.0,0.0,0.0,1.0,0.0,0.0,1.0,0.0,0.0,0.0,0.0,0.0,0.0,0.0,0.0,0.0,0.0,0.0,0.0,1.0,0.0
11/22/2023,57.0,147.0,1.0,16.0,0.0,0.0,5732.0,0.0,1.0,1.0,1.0,542.0,0.0,1.0,1.0,0.0,0.0,0.0,0.0,1.0,0.0,0.0,1.0,0.0,0.0,0.0,0.0,1.0,0.0,0.0,0.0,1.0,0.0,0.0,0.0,0.0,0.0,0.0,0.0,0.0,0.0,0.0,0.0,1.0,0.0
08/21/2023,55.0,196.0,1.0,17.0,0.0,0.0,5732.0,0.0,1.0,1.0,1.0,129.0,0.0,0.0,1.0,0.0,0.0,0.0,0.0,0.0,1.0,0.0,1.0,0.0,0.0,0.0,0.0,1.0,0.0,0.0,0.0,1.0,0.0,0.0,0.0,0.0,0.0,0.0,0.0,0.0,0.0,0.0,0.0,1.0,0.0
04/12/2023,64.0,63.0,1.0,17.0,0.0,0.0,4121.0,0.0,0.0,1.0,1.0,565.0,0.0,0.0,3.0,1.0,1.0,0.0,0.0,0.0,1.0,0.0,1.0,0.0,0.0,1.0,0.0,0.0,0.0,0.0,1.0,0.0,0.0,0.0,0.0,0.0,0.0,0.0,0.0,0.0,0.0,0.0,0.0,1.0,0.0
05/08/2023,48.0,50.0,1.0,18.0,0.0,0.0,4121.0,0.0,0.0,1.0,1.0,94.0,0.0,0.0,1.0,0.0,0.0,0.0,0.0,1.0,0.0,0.0,0.0,0.0,0.0,0.0,1.0,0.0,0.0,0.0,1.0,0.0,0.0,0.0,0.0,0.0,0.0,0.0,0.0,0.0,0.0,0.0,0.0,1.0,0.0
04/10/2023,42.0,143.0,1.0,17.0,0.0,0.0,4111.0,0.0,0.0,1.0,1.0,145.0,0.0,0.0,1.0,0.0,0.0,0.0,0.0,0.0,1.0,0.0,0.0,0.0,0.0,1.0,0.0,0.0,0.0,0.0,1.0,0.0,0.0,0.0,0.0,0.0,0.0,0.0,0.0,0.0,0.0,0.0,0.0,1.0,0.0
02/03/2023,63.0,61.0,1.0,16.0,0.0,0.0,4829.0,1.0,0.0,1.0,1.0,285.0,0.0,0.0,2.0,0.0,1.0,0.0,1.0,0.0,1.0,0.0,0.0,0.0,0.0,1.0,0.0,0.0,0.0,0.0,0.0,0.0,0.0,0.0,0.0,0.0,0.0,0.0,0.0,0.0,0.0,0.0,0.0,1.0,0.0
09/06/2023,68.0,227.0,1.0,17.0,0.0,0.0,5732.0,0.0,1.0,1.0,1.0,282.0,0.0,0.0,2.0,0.0,1.0,0.0,0.0,0.0,1.0,0.0,0.0,0.0,0.0,1.0,0.0,0.0,0.0,0.0,0.0,1.0,0.0,0.0,0.0,0.0,0.0,0.0,0.0,0.0,0.0,0.0,0.0,1.0,0.0
09/04/2023,36.0,171.0,1.0,17.0,0.0,0.0,5734.0,0.0,1.0,1.0,1.0,68.0,0.0,0.0,1.0,0.0,0.0,0.0,0.0,1.0,0.0,0.0,0.0,1.0,0.0,0.0,1.0,0.0,0.0,0.0,0.0,1.0,0.0,0.0,0.0,0.0,0.0,0.0,0.0,0.0,0.0,0.0,0.0,1.0,0.0
08/28/2023,47.0,276.0,1.0,16.0,0.0,0.0,5732.0,0.0,1.0,1.0,1.0,763.0,0.0,0.0,1.0,0.0,0.0,0.0,0.0,0.0,1.0,0.0,0.0,0.0,0.0,1.0,0.0,0.0,0.0,0.0,0.0,1.0,0.0,0.0,0.0,0.0,0.0,0.0,0.0,0.0,0.0,0.0,0.0,1.0,0.0
06/26/2023,51.0,127.0,1.0,16.0,0.0,0.0,5734.0,0.0,1.0,1.0,1.0,223.0,0.0,1.0,1.0,0.0,0.0,0.0,0.0,1.0,0.0,0.0,1.0,0.0,0.0,0.0,1.0,0.0,0.0,0.0,0.0,1.0,0.0,0.0,0.0,0.0,0.0,0.0,0.0,0.0,0.0,0.0,0.0,1.0,0.0
01/09/2023,38.0,19.0,1.0,16.0,0.0,0.0,5814.0,0.0,0.0,1.0,1.0,265.0,0.0,0.0,1.0,0.0,0.0,0.0,0.0,0.0,1.0,0.0,0.0,1.0,0.0,1.0,0.0,0.0,0.0,0.0,1.0,0.0,0.0,0.0,0.0,0.0,0.0,0.0,0.0,0.0,0.0,1.0,0.0,0.0,0.0
07/04/2023,25.0,183.0,4.0,16.0,0.0,0.0,7299.0,1.0,0.0,1.0,1.0,117.0,0.0,0.0,3.0,1.0,1.0,0.0,0.0,0.0,1.0,0.0,0.0,1.0,0.0,0.0,0.0,0.0,1.0,0.0,0.0,0.0,0.0,0.0,0.0,0.0,0.0,0.0,0.0,0.0,0.0,0.0,0.0,1.0,0.0
10/02/2023,53.0,12.0,1.0,18.0,0.0,0.0,4121.0,0.0,0.0,1.0,1.0,477.0,0.0,0.0,1.0,0.0,0.0,0.0,0.0,0.0,1.0,0.0,0.0,0.0,0.0,1.0,0.0,0.0,0.0,0.0,1.0,0.0,0.0,0.0,0.0,0.0,0.0,0.0,0.0,0.0,0.0,0.0,0.0,1.0,0.0
10/23/2023,27.0,81.0,1.0,16.0,0.0,0.0,5999.0,1.0,0.0,1.0,1.0,282.0,0.0,1.0,1.0,0.0,0.0,0.0,2.0,0.0,1.0,0.0,0.0,1.0,0.0,0.0,0.0,0.0,1.0,0.0,0.0,0.0,0.0,0.0,0.0,0.0,0.0,0.0,0.0,0.0,0.0,0.0,0.0,1.0,0.0
09/14/2023,49.0,79.0,1.0,17.0,0.0,0.0,5411.0,0.0,0.0,1.0,1.0,90.0,0.0,0.0,1.0,0.0,0.0,0.0,0.0,0.0,1.0,0.0,0.0,1.0,0.0,0.0,1.0,0.0,0.0,0.0,1.0,0.0,0.0,0.0,0.0,0.0,0.0,0.0,0.0,0.0,0.0,0.0,0.0,1.0,0.0
01/31/2023,60.0,96.0,1.0,16.0,0.0,0.0,7299.0,1.0,0.0,1.0,1.0,493.0,0.0,0.0,1.0,0.0,0.0,0.0,0.0,0.0,1.0,0.0,0.0,1.0,0.0,0.0,0.0,1.0,0.0,0.0,0.0,0.0,0.0,0.0,0.0,0.0,0.0,0.0,0.0,0.0,0.0,0.0,0.0,1.0,0.0
02/27/2023,21.0,131.0,1.0,16.0,0.0,0.0,7995.0,1.0,0.0,1.0,1.0,129.0,0.0,0.0,1.0,0.0,0.0,0.0,0.0,0.0,1.0,0.0,0.0,0.0,0.0,0.0,0.0,0.0,1.0,0.0,0.0,0.0,0.0,0.0,0.0,0.0,0.0,0.0,0.0,0.0,0.0,0.0,0.0,1.0,0.0
05/16/2023,72.0,47.0,1.0,16.0,0.0,0.0,5999.0,1.0,0.0,1.0,1.0,686.0,0.0,0.0,1.0,0.0,0.0,0.0,0.0,0.0,1.0,0.0,1.0,0.0,0.0,0.0,0.0,1.0,0.0,0.0,0.0,0.0,0.0,0.0,0.0,0.0,0.0,0.0,0.0,0.0,0.0,0.0,0.0,1.0,0.0
09/25/2023,67.0,218.0,1.0,16.0,0.0,0.0,6011.0,1.0,0.0,1.0,1.0,299.0,0.0,1.0,1.0,0.0,0.0,0.0,2.0,1.0,0.0,0.0,1.0,0.0,0.0,0.0,0.0,1.0,0.0,0.0,0.0,0.0,0.0,0.0,0.0,0.0,0.0,0.0,0.0,0.0,0.0,0.0,0.0,1.0,0.0
07/06/2023,24.0,151.0,1.0,18.0,0.0,0.0,5944.0,0.0,1.0,1.0,1.0,667.0,0.0,1.0,1.0,0.0,0.0,0.0,0.0,0.0,1.0,0.0,0.0,0.0,0.0,0.0,0.0,0.0,1.0,0.0,0.0,1.0,0.0,0.0,0.0,0.0,0.0,0.0,0.0,0.0,0.0,0.0,0.0,1.0,0.0
11/22/2023,53.0,73.0,1.0,16.0,0.0,0.0,5944.0,0.0,1.0,1.0,1.0,760.0,0.0,0.0,1.0,0.0,0.0,0.0,0.0,0.0,1.0,0.0,0.0,0.0,0.0,0.0,0.0,1.0,0.0,0.0,0.0,1.0,0.0,0.0,0.0,0.0,0.0,0.0,0.0,0.0,0.0,0.0,0.0,1.0,0.0
05/15/2023,43.0,283.0,1.0,17.0,0.0,0.0,7995.0,1.0,0.0,1.0,1.0,223.0,0.0,0.0,1.0,0.0,0.0,0.0,0.0,0.0,1.0,0.0,0.0,0.0,0.0,0.0,1.0,0.0,0.0,0.0,0.0,0.0,0.0,0.0,0.0,0.0,0.0,0.0,0.0,0.0,0.0,0.0,0.0,1.0,0.0
11/27/2023,63.0,49.0,1.0,17.0,0.0,0.0,5944.0,0.0,1.0,1.0,1.0,880.0,0.0,1.0,1.0,0.0,0.0,0.0,0.0,0.0,1.0,0.0,1.0,0.0,0.0,1.0,0.0,0.0,0.0,0.0,0.0,1.0,0.0,0.0,0.0,0.0,0.0,0.0,0.0,0.0,0.0,0.0,0.0,1.0,0.0
11/10/2023,46.0,174.0,1.0,18.0,0.0,0.0,7995.0,1.0,0.0,1.0,1.0,698.0,0.0,1.0,3.0,1.0,1.0,0.0,2.0,0.0,1.0,0.0,0.0,1.0,0.0,0.0,1.0,0.0,0.0,0.0,0.0,0.0,0.0,0.0,0.0,0.0,0.0,0.0,0.0,0.0,0.0,0.0,0.0,1.0,0.0
10/23/2023,18.0,62.0,4.0,18.0,0.0,0.0,5411.0,0.0,0.0,1.0,1.0,90.0,0.0,1.0,1.0,0.0,0.0,0.0,2.0,0.0,1.0,0.0,0.0,1.0,0.0,0.0,0.0,0.0,1.0,0.0,1.0,0.0,0.0,0.0,0.0,0.0,0.0,0.0,0.0,0.0,0.0,0.0,0.0,1.0,0.0
09/27/2023,30.0,105.0,1.0,18.0,0.0,0.0,5732.0,0.0,1.0,1.0,1.0,734.0,0.0,1.0,1.0,0.0,0.0,0.0,0.0,0.0,1.0,0.0,1.0,0.0,0.0,1.0,0.0,0.0,0.0,0.0,0.0,1.0,0.0,0.0,0.0,0.0,0.0,0.0,0.0,0.0,0.0,0.0,0.0,1.0,0.0
07/26/2023,57.0,233.0,1.0,17.0,0.0,0.0,7995.0,1.0,0.0,1.0,1.0,124.0,0.0,1.0,3.0,1.0,1.0,0.0,2.0,1.0,0.0,0.0,1.0,0.0,0.0,0.0,0.0,1.0,0.0,0.0,0.0,0.0,0.0,0.0,0.0,0.0,0.0,0.0,0.0,0.0,0.0,0.0,0.0,1.0,0.0
06/05/2023,62.0,133.0,1.0,16.0,0.0,0.0,4829.0,1.0,0.0,1.0,1.0,468.0,0.0,0.0,1.0,0.0,0.0,0.0,0.0,0.0,1.0,0.0,1.0,0.0,0.0,0.0,0.0,1.0,0.0,0.0,0.0,0.0,0.0,0.0,1.0,0.0,0.0,0.0,0.0,0.0,0.0,0.0,0.0,0.0,0.0
05/29/2023,78.0,122.0,1.0,16.0,0.0,0.0,5311.0,0.0,0.0,1.0,1.0,526.0,0.0,0.0,1.0,0.0,0.0,0.0,0.0,1.0,0.0,0.0,0.0,1.0,0.0,0.0,0.0,1.0,0.0,0.0,1.0,0.0,0.0,0.0,0.0,0.0,0.0,0.0,0.0,0.0,0.0,0.0,0.0,1.0,0.0
11/03/2023,18.0,277.0,1.0,16.0,0.0,0.0,6011.0,1.0,0.0,1.0,1.0,1115.0,0.0,1.0,1.0,0.0,0.0,0.0,2.0,0.0,1.0,0.0,0.0,0.0,0.0,0.0,0.0,0.0,1.0,0.0,0.0,0.0,0.0,1.0,0.0,0.0,0.0,0.0,0.0,0.0,0.0,0.0,0.0,0.0,0.0
05/19/2023,51.0,12.0,1.0,16.0,0.0,0.0,5734.0,0.0,1.0,1.0,1.0,184.0,0.0,0.0,4.0,1.0,1.0,0.0,0.0,1.0,0.0,0.0,0.0,1.0,0.0,1.0,0.0,0.0,0.0,0.0,0.0,1.0,0.0,0.0,0.0,0.0,0.0,0.0,0.0,0.0,0.0,0.0,0.0,1.0,0.0
12/07/2023,24.0,161.0,1.0,17.0,0.0,0.0,5732.0,0.0,1.0,1.0,1.0,90.0,0.0,1.0,1.0,0.0,0.0,0.0,2.0,0.0,1.0,0.0,1.0,0.0,0.0,0.0,0.0,0.0,1.0,0.0,0.0,1.0,0.0,0.0,0.0,0.0,0.0,0.0,0.0,0.0,0.0,0.0,0.0,1.0,0.0
06/08/2023,18.0,169.0,1.0,18.0,0.0,0.0,5732.0,0.0,1.0,1.0,1.0,609.0,0.0,0.0,1.0,0.0,0.0,0.0,0.0,1.0,0.0,0.0,0.0,1.0,0.0,0.0,0.0,0.0,1.0,0.0,0.0,1.0,0.0,0.0,0.0,0.0,0.0,0.0,0.0,0.0,0.0,0.0,0.0,1.0,0.0
12/18/2023,74.0,191.0,1.0,16.0,0.0,0.0,4111.0,0.0,0.0,1.0,1.0,395.0,0.0,1.0,1.0,0.0,0.0,0.0,0.0,0.0,1.0,0.0,0.0,0.0,0.0,0.0,0.0,1.0,0.0,0.0,1.0,0.0,0.0,0.0,0.0,0.0,0.0,0.0,0.0,0.0,0.0,0.0,0.0,1.0,0.0
02/15/2023,54.0,115.0,1.0,16.0,0.0,0.0,5734.0,0.0,1.0,1.0,1.0,135.0,0.0,0.0,1.0,0.0,0.0,0.0,0.0,0.0,1.0,0.0,1.0,0.0,0.0,0.0,1.0,0.0,0.0,0.0,0.0,1.0,0.0,0.0,0.0,0.0,0.0,0.0,0.0,0.0,0.0,0.0,0.0,1.0,0.0
02/09/2023,44.0,75.0,1.0,16.0,0.0,0.0,5411.0,0.0,0.0,1.0,1.0,468.0,0.0,0.0,3.0,1.0,1.0,0.0,0.0,0.0,1.0,0.0,0.0,0.0,0.0,1.0,0.0,0.0,0.0,0.0,1.0,0.0,0.0,0.0,0.0,0.0,0.0,0.0,0.0,0.0,0.0,0.0,0.0,1.0,0.0
05/02/2023,53.0,123.0,1.0,16.0,0.0,0.0,5732.0,0.0,1.0,1.0,1.0,768.0,0.0,0.0,1.0,0.0,0.0,0.0,0.0,0.0,1.0,0.0,0.0,0.0,0.0,0.0,0.0,1.0,0.0,0.0,0.0,1.0,0.0,0.0,0.0,0.0,0.0,0.0,0.0,0.0,0.0,0.0,0.0,1.0,0.0
08/25/2023,48.0,147.0,1.0,16.0,0.0,0.0,5999.0,1.0,0.0,1.0,1.0,198.0,0.0,0.0,1.0,0.0,0.0,0.0,0.0,0.0,1.0,0.0,1.0,0.0,0.0,0.0,1.0,0.0,0.0,0.0,0.0,0.0,0.0,0.0,0.0,0.0,0.0,0.0,0.0,0.0,0.0,0.0,0.0,1.0,0.0
02/06/2023,31.0,179.0,1.0,16.0,0.0,0.0,6011.0,1.0,0.0,1.0,1.0,354.0,0.0,0.0,1.0,0.0,0.0,0.0,0.0,0.0,1.0,0.0,0.0,0.0,0.0,0.0,1.0,0.0,0.0,0.0,0.0,0.0,0.0,0.0,0.0,0.0,0.0,0.0,0.0,0.0,0.0,0.0,0.0,1.0,0.0
06/06/2023,54.0,172.0,1.0,18.0,0.0,0.0,7995.0,1.0,0.0,1.0,1.0,686.0,0.0,0.0,1.0,0.0,0.0,0.0,0.0,0.0,1.0,0.0,1.0,0.0,0.0,0.0,1.0,0.0,0.0,0.0,0.0,0.0,0.0,0.0,0.0,0.0,0.0,0.0,0.0,0.0,0.0,0.0,0.0,1.0,0.0
06/27/2023,69.0,100.0,1.0,17.0,0.0,0.0,7299.0,1.0,0.0,1.0,1.0,199.0,0.0,0.0,1.0,0.0,0.0,0.0,0.0,0.0,1.0,0.0,0.0,0.0,0.0,0.0,0.0,1.0,0.0,0.0,0.0,0.0,0.0,0.0,0.0,0.0,0.0,0.0,0.0,0.0,0.0,0.0,0.0,1.0,0.0
04/06/2023,51.0,149.0,1.0,17.0,0.0,0.0,5411.0,0.0,0.0,1.0,1.0,486.0,0.0,1.0,1.0,0.0,0.0,0.0,0.0,0.0,1.0,0.0,0.0,1.0,0.0,0.0,0.0,1.0,0.0,0.0,1.0,0.0,0.0,0.0,0.0,0.0,0.0,0.0,0.0,0.0,0.0,0.0,0.0,1.0,0.0
10/25/2023,32.0,130.0,1.0,17.0,0.0,0.0,5999.0,1.0,0.0,1.0,1.0,266.0,0.0,1.0,1.0,0.0,0.0,0.0,2.0,0.0,1.0,0.0,1.0,0.0,0.0,0.0,1.0,0.0,0.0,0.0,0.0,0.0,0.0,0.0,0.0,0.0,0.0,0.0,0.0,0.0,0.0,0.0,0.0,1.0,0.0
08/17/2023,37.0,143.0,1.0,16.0,0.0,0.0,6011.0,1.0,0.0,1.0,1.0,423.0,0.0,0.0,1.0,0.0,0.0,0.0,0.0,0.0,1.0,0.0,0.0,0.0,0.0,0.0,1.0,0.0,0.0,0.0,0.0,0.0,0.0,0.0,0.0,0.0,0.0,0.0,0.0,0.0,0.0,0.0,0.0,1.0,0.0
12/05/2023,66.0,84.0,1.0,16.0,0.0,0.0,5311.0,0.0,0.0,1.0,1.0,113.0,0.0,1.0,2.0,0.0,1.0,0.0,0.0,0.0,1.0,0.0,0.0,1.0,0.0,0.0,0.0,1.0,0.0,0.0,1.0,0.0,0.0,0.0,0.0,0.0,0.0,0.0,0.0,0.0,0.0,1.0,0.0,0.0,0.0
03/14/2023,40.0,189.0,1.0,16.0,0.0,0.0,5311.0,0.0,0.0,1.0,1.0,285.0,0.0,0.0,2.0,0.0,1.0,0.0,0.0,1.0,0.0,0.0,0.0,1.0,0.0,1.0,0.0,0.0,0.0,0.0,1.0,0.0,0.0,0.0,0.0,0.0,0.0,0.0,0.0,0.0,0.0,0.0,0.0,1.0,0.0
11/14/2023,21.0,34.0,2.0,18.0,0.0,0.0,5999.0,1.0,0.0,1.0,1.0,444.0,0.0,0.0,1.0,0.0,0.0,0.0,0.0,0.0,1.0,0.0,0.0,0.0,0.0,0.0,0.0,0.0,1.0,0.0,0.0,0.0,0.0,0.0,0.0,0.0,0.0,0.0,0.0,0.0,0.0,0.0,0.0,1.0,0.0
02/02/2023,68.0,55.0,2.0,17.0,0.0,0.0,7299.0,1.0,0.0,1.0,1.0,389.0,0.0,0.0,1.0,0.0,0.0,0.0,0.0,0.0,1.0,0.0,0.0,0.0,0.0,0.0,0.0,1.0,0.0,0.0,0.0,0.0,0.0,0.0,0.0,0.0,0.0,0.0,0.0,0.0,0.0,0.0,0.0,1.0,0.0
11/20/2023,19.0,95.0,1.0,17.0,0.0,0.0,5734.0,0.0,1.0,1.0,1.0,324.0,0.0,1.0,1.0,0.0,0.0,0.0,0.0,0.0,1.0,0.0,1.0,0.0,0.0,0.0,0.0,0.0,1.0,0.0,0.0,1.0,0.0,0.0,0.0,0.0,0.0,0.0,0.0,0.0,0.0,0.0,0.0,1.0,0.0
04/03/2023,53.0,243.0,1.0,16.0,0.0,0.0,5921.0,1.0,0.0,1.0,1.0,529.0,0.0,0.0,2.0,0.0,1.0,0.0,3.0,1.0,0.0,0.0,0.0,1.0,0.0,0.0,1.0,0.0,0.0,0.0,0.0,0.0,0.0,0.0,0.0,0.0,0.0,0.0,0.0,0.0,0.0,0.0,0.0,1.0,0.0
08/14/2023,59.0,161.0,1.0,18.0,0.0,0.0,5999.0,1.0,0.0,1.0,1.0,361.0,0.0,1.0,1.0,0.0,0.0,0.0,2.0,0.0,1.0,0.0,0.0,0.0,0.0,0.0,1.0,0.0,0.0,0.0,0.0,0.0,0.0,0.0,0.0,0.0,0.0,0.0,0.0,0.0,0.0,1.0,0.0,0.0,0.0
10/23/2023,20.0,141.0,1.0,17.0,0.0,0.0,5814.0,0.0,0.0,1.0,1.0,248.0,0.0,1.0,1.0,0.0,0.0,0.0,2.0,0.0,1.0,0.0,0.0,0.0,0.0,0.0,0.0,0.0,1.0,0.0,1.0,0.0,0.0,0.0,0.0,0.0,0.0,0.0,0.0,0.0,0.0,0.0,0.0,1.0,0.0
01/05/2023,46.0,114.0,1.0,16.0,0.0,0.0,5311.0,0.0,0.0,1.0,1.0,44.0,1.0,0.0,1.0,0.0,0.0,0.0,0.0,0.0,1.0,0.0,0.0,1.0,0.0,0.0,1.0,0.0,0.0,0.0,1.0,0.0,0.0,0.0,0.0,0.0,0.0,0.0,0.0,0.0,0.0,0.0,0.0,1.0,0.0
05/15/2023,35.0,63.0,1.0,17.0,0.0,0.0,6011.0,1.0,0.0,1.0,1.0,486.0,0.0,0.0,1.0,0.0,0.0,0.0,0.0,0.0,1.0,0.0,1.0,0.0,0.0,1.0,0.0,0.0,0.0,0.0,0.0,0.0,0.0,0.0,0.0,0.0,0.0,0.0,0.0,0.0,0.0,0.0,0.0,1.0,0.0
02/22/2023,78.0,99.0,1.0,17.0,0.0,0.0,5311.0,0.0,0.0,1.0,1.0,97.0,0.0,0.0,1.0,0.0,0.0,0.0,0.0,1.0,0.0,0.0,0.0,1.0,0.0,0.0,0.0,1.0,0.0,0.0,1.0,0.0,0.0,0.0,0.0,0.0,0.0,0.0,0.0,0.0,0.0,0.0,0.0,1.0,0.0
11/27/2023,27.0,278.0,1.0,16.0,0.0,0.0,6011.0,1.0,0.0,1.0,1.0,405.0,0.0,1.0,1.0,0.0,0.0,0.0,2.0,0.0,1.0,0.0,0.0,1.0,0.0,0.0,1.0,0.0,0.0,0.0,0.0,0.0,0.0,0.0,0.0,0.0,0.0,0.0,0.0,0.0,0.0,0.0,0.0,1.0,0.0
11/20/2023,76.0,246.0,1.0,16.0,0.0,0.0,5944.0,0.0,1.0,1.0,1.0,87.0,0.0,0.0,1.0,0.0,0.0,0.0,0.0,0.0,1.0,0.0,1.0,0.0,0.0,0.0,0.0,1.0,0.0,0.0,0.0,1.0,0.0,0.0,0.0,0.0,0.0,0.0,0.0,0.0,0.0,0.0,0.0,1.0,0.0
02/14/2023,28.0,105.0,1.0,17.0,0.0,0.0,7995.0,1.0,0.0,1.0,1.0,227.0,0.0,0.0,1.0,0.0,0.0,0.0,0.0,1.0,0.0,0.0,1.0,0.0,0.0,0.0,0.0,0.0,1.0,0.0,0.0,0.0,0.0,0.0,0.0,0.0,0.0,0.0,0.0,0.0,0.0,0.0,0.0,1.0,0.0
04/03/2023,32.0,74.0,1.0,16.0,0.0,0.0,5944.0,0.0,1.0,1.0,1.0,119.0,0.0,1.0,1.0,0.0,0.0,0.0,0.0,0.0,1.0,0.0,1.0,0.0,0.0,1.0,0.0,0.0,0.0,0.0,0.0,1.0,0.0,0.0,0.0,0.0,0.0,0.0,0.0,0.0,0.0,0.0,0.0,1.0,0.0
02/27/2023,27.0,69.0,1.0,18.0,0.0,0.0,5732.0,0.0,1.0,1.0,1.0,485.0,0.0,0.0,1.0,0.0,0.0,0.0,0.0,0.0,1.0,0.0,0.0,0.0,0.0,0.0,1.0,0.0,0.0,0.0,0.0,1.0,0.0,0.0,0.0,0.0,0.0,0.0,0.0,0.0,0.0,0.0,0.0,1.0,0.0
02/20/2023,59.0,135.0,1.0,16.0,0.0,0.0,7299.0,1.0,0.0,1.0,1.0,477.0,0.0,0.0,1.0,0.0,0.0,0.0,0.0,1.0,0.0,0.0,0.0,1.0,0.0,0.0,1.0,0.0,0.0,0.0,0.0,0.0,0.0,0.0,0.0,0.0,0.0,0.0,0.0,0.0,0.0,0.0,0.0,1.0,0.0
03/03/2023,21.0,74.0,1.0,17.0,0.0,0.0,5411.0,0.0,0.0,1.0,1.0,307.0,0.0,0.0,1.0,0.0,0.0,0.0,0.0,0.0,1.0,0.0,0.0,0.0,0.0,0.0,0.0,0.0,1.0,0.0,1.0,0.0,0.0,0.0,0.0,0.0,0.0,0.0,0.0,0.0,0.0,0.0,0.0,1.0,0.0
01/13/2023,35.0,135.0,1.0,17.0,0.0,0.0,5921.0,1.0,0.0,1.0,1.0,431.0,0.0,0.0,1.0,0.0,0.0,0.0,0.0,0.0,1.0,0.0,0.0,1.0,0.0,0.0,1.0,0.0,0.0,0.0,0.0,0.0,0.0,0.0,0.0,0.0,0.0,0.0,0.0,0.0,0.0,0.0,0.0,1.0,0.0
03/01/2023,29.0,103.0,1.0,16.0,0.0,0.0,5734.0,0.0,1.0,1.0,1.0,221.0,0.0,0.0,1.0,0.0,0.0,0.0,0.0,0.0,1.0,0.0,0.0,1.0,0.0,0.0,1.0,0.0,0.0,0.0,0.0,1.0,0.0,0.0,0.0,0.0,0.0,0.0,0.0,0.0,0.0,0.0,0.0,1.0,0.0
07/28/2023,33.0,82.0,1.0,18.0,0.0,0.0,6011.0,1.0,0.0,1.0,1.0,1080.0,0.0,1.0,1.0,0.0,0.0,0.0,2.0,0.0,1.0,0.0,1.0,0.0,0.0,0.0,1.0,0.0,0.0,0.0,0.0,0.0,0.0,0.0,0.0,0.0,0.0,0.0,0.0,0.0,0.0,0.0,0.0,1.0,0.0
01/30/2023,41.0,20.0,2.0,16.0,0.0,0.0,5734.0,0.0,1.0,1.0,1.0,219.0,0.0,0.0,1.0,0.0,0.0,0.0,0.0,0.0,1.0,0.0,1.0,0.0,0.0,0.0,1.0,0.0,0.0,0.0,0.0,1.0,0.0,0.0,0.0,0.0,0.0,0.0,0.0,0.0,0.0,0.0,0.0,1.0,0.0
11/20/2023,35.0,235.0,3.0,16.0,0.0,0.0,5734.0,0.0,1.0,1.0,1.0,195.0,0.0,1.0,1.0,0.0,0.0,0.0,0.0,0.0,1.0,0.0,0.0,0.0,0.0,1.0,0.0,0.0,0.0,0.0,0.0,1.0,0.0,0.0,0.0,0.0,0.0,0.0,0.0,0.0,0.0,0.0,0.0,1.0,0.0
11/03/2023,53.0,129.0,1.0,16.0,0.0,0.0,5732.0,0.0,1.0,1.0,1.0,243.0,0.0,0.0,1.0,0.0,0.0,1.0,0.0,1.0,0.0,0.0,0.0,1.0,0.0,0.0,0.0,1.0,0.0,0.0,0.0,1.0,0.0,0.0,0.0,0.0,0.0,0.0,0.0,0.0,0.0,0.0,0.0,1.0,0.0
04/28/2023,24.0,251.0,1.0,16.0,0.0,0.0,5814.0,0.0,0.0,1.0,1.0,438.0,0.0,0.0,1.0,0.0,0.0,0.0,0.0,0.0,1.0,0.0,0.0,0.0,0.0,0.0,0.0,0.0,1.0,0.0,1.0,0.0,0.0,0.0,0.0,0.0,0.0,0.0,0.0,0.0,0.0,0.0,0.0,1.0,0.0
01/30/2023,21.0,92.0,1.0,16.0,0.0,0.0,4829.0,1.0,0.0,1.0,1.0,233.0,0.0,0.0,1.0,0.0,0.0,0.0,0.0,1.0,0.0,0.0,0.0,1.0,0.0,0.0,0.0,0.0,1.0,0.0,0.0,0.0,0.0,0.0,0.0,0.0,0.0,0.0,0.0,0.0,0.0,0.0,0.0,1.0,0.0
11/27/2023,40.0,123.0,1.0,16.0,0.0,0.0,5411.0,0.0,0.0,1.0,1.0,177.0,0.0,1.0,1.0,0.0,0.0,0.0,0.0,1.0,0.0,0.0,1.0,0.0,0.0,0.0,1.0,0.0,0.0,0.0,1.0,0.0,0.0,0.0,0.0,0.0,0.0,0.0,0.0,0.0,0.0,0.0,0.0,1.0,0.0
09/07/2023,34.0,150.0,1.0,16.0,0.0,0.0,5311.0,0.0,0.0,1.0,1.0,311.0,0.0,0.0,1.0,0.0,0.0,0.0,0.0,0.0,1.0,0.0,0.0,0.0,0.0,0.0,1.0,0.0,0.0,0.0,1.0,0.0,0.0,0.0,0.0,0.0,1.0,0.0,0.0,0.0,0.0,0.0,0.0,0.0,0.0
12/21/2023,25.0,94.0,1.0,17.0,0.0,0.0,5311.0,0.0,0.0,1.0,1.0,823.0,0.0,1.0,1.0,0.0,0.0,0.0,2.0,1.0,0.0,0.0,0.0,0.0,0.0,0.0,0.0,0.0,1.0,0.0,1.0,0.0,0.0,0.0,0.0,0.0,0.0,0.0,0.0,0.0,0.0,0.0,0.0,1.0,0.0
02/28/2023,27.0,120.0,1.0,17.0,0.0,0.0,5732.0,0.0,1.0,1.0,1.0,1520.0,0.0,0.0,3.0,1.0,1.0,0.0,0.0,0.0,1.0,0.0,0.0,1.0,0.0,0.0,0.0,0.0,1.0,0.0,0.0,1.0,0.0,0.0,0.0,0.0,0.0,0.0,0.0,0.0,0.0,0.0,0.0,1.0,0.0
07/18/2023,51.0,150.0,1.0,17.0,0.0,0.0,5999.0,1.0,0.0,1.0,1.0,446.0,0.0,1.0,1.0,0.0,0.0,0.0,2.0,0.0,1.0,0.0,0.0,1.0,0.0,0.0,0.0,1.0,0.0,0.0,0.0,0.0,0.0,0.0,0.0,0.0,0.0,0.0,0.0,0.0,0.0,0.0,0.0,1.0,0.0
06/21/2023,48.0,140.0,1.0,16.0,0.0,0.0,5732.0,0.0,1.0,1.0,1.0,835.0,0.0,1.0,1.0,0.0,0.0,0.0,0.0,0.0,1.0,0.0,1.0,0.0,0.0,1.0,0.0,0.0,0.0,0.0,0.0,1.0,0.0,0.0,0.0,0.0,0.0,0.0,0.0,0.0,0.0,0.0,0.0,1.0,0.0
11/20/2023,34.0,19.0,1.0,17.0,0.0,0.0,5814.0,0.0,0.0,1.0,1.0,464.0,0.0,1.0,1.0,0.0,0.0,0.0,0.0,0.0,1.0,0.0,0.0,1.0,0.0,0.0,1.0,0.0,0.0,0.0,1.0,0.0,0.0,0.0,0.0,0.0,0.0,0.0,0.0,0.0,0.0,0.0,0.0,1.0,0.0
04/18/2023,27.0,185.0,1.0,17.0,0.0,0.0,7299.0,1.0,0.0,1.0,1.0,353.0,0.0,0.0,1.0,0.0,0.0,0.0,2.0,1.0,0.0,0.0,1.0,0.0,0.0,0.0,0.0,0.0,1.0,0.0,0.0,0.0,0.0,0.0,0.0,0.0,0.0,0.0,0.0,0.0,0.0,0.0,0.0,1.0,0.0
04/17/2023,23.0,158.0,5.0,16.0,0.0,0.0,5999.0,1.0,0.0,1.0,1.0,446.0,0.0,0.0,1.0,0.0,0.0,0.0,0.0,0.0,1.0,0.0,0.0,0.0,0.0,0.0,0.0,0.0,1.0,0.0,0.0,0.0,0.0,0.0,0.0,0.0,0.0,1.0,0.0,0.0,0.0,0.0,0.0,0.0,0.0
10/09/2023,42.0,128.0,1.0,18.0,0.0,0.0,5732.0,0.0,1.0,1.0,1.0,353.0,0.0,1.0,1.0,0.0,0.0,0.0,2.0,0.0,1.0,0.0,0.0,0.0,0.0,0.0,1.0,0.0,0.0,0.0,0.0,1.0,0.0,0.0,0.0,0.0,0.0,0.0,0.0,0.0,0.0,0.0,0.0,1.0,0.0
06/14/2023,20.0,238.0,1.0,17.0,0.0,0.0,5944.0,0.0,1.0,1.0,1.0,544.0,0.0,0.0,1.0,0.0,0.0,0.0,0.0,0.0,1.0,0.0,1.0,0.0,0.0,0.0,0.0,0.0,1.0,0.0,0.0,1.0,0.0,0.0,0.0,0.0,0.0,0.0,0.0,0.0,0.0,0.0,0.0,1.0,0.0
03/27/2023,29.0,144.0,1.0,16.0,0.0,0.0,4121.0,0.0,0.0,1.0,1.0,385.0,0.0,0.0,1.0,0.0,0.0,0.0,0.0,0.0,1.0,0.0,0.0,0.0,0.0,0.0,1.0,0.0,0.0,0.0,1.0,0.0,0.0,0.0,0.0,0.0,0.0,0.0,0.0,0.0,0.0,0.0,0.0,1.0,0.0
02/22/2023,27.0,123.0,1.0,17.0,0.0,0.0,4111.0,0.0,0.0,1.0,1.0,317.0,0.0,0.0,1.0,0.0,0.0,0.0,0.0,0.0,1.0,0.0,0.0,0.0,0.0,0.0,0.0,0.0,1.0,0.0,1.0,0.0,0.0,0.0,0.0,0.0,0.0,0.0,0.0,0.0,0.0,0.0,0.0,1.0,0.0
06/21/2023,48.0,288.0,1.0,16.0,0.0,0.0,7995.0,1.0,0.0,1.0,1.0,80.0,0.0,0.0,1.0,0.0,0.0,0.0,0.0,0.0,1.0,0.0,1.0,0.0,0.0,0.0,1.0,0.0,0.0,0.0,0.0,0.0,0.0,0.0,0.0,0.0,0.0,0.0,0.0,0.0,0.0,0.0,0.0,1.0,0.0
08/22/2023,47.0,59.0,1.0,18.0,0.0,0.0,5732.0,0.0,1.0,0.0,1.0,395.0,0.0,0.0,1.0,0.0,0.0,0.0,0.0,1.0,0.0,0.0,0.0,0.0,0.0,0.0,1.0,0.0,0.0,0.0,0.0,1.0,0.0,0.0,0.0,0.0,0.0,0.0,0.0,0.0,0.0,0.0,0.0,1.0,0.0
01/16/2023,21.0,150.0,1.0,16.0,0.0,0.0,5732.0,0.0,1.0,1.0,1.0,367.0,0.0,0.0,1.0,0.0,0.0,0.0,0.0,0.0,1.0,0.0,0.0,0.0,0.0,0.0,0.0,0.0,1.0,0.0,0.0,1.0,0.0,1.0,0.0,0.0,0.0,0.0,0.0,0.0,0.0,0.0,0.0,0.0,0.0
05/19/2023,39.0,122.0,1.0,18.0,0.0,0.0,4829.0,1.0,0.0,1.0,1.0,438.0,0.0,1.0,4.0,1.0,1.0,0.0,2.0,0.0,1.0,0.0,0.0,1.0,0.0,1.0,0.0,0.0,0.0,0.0,0.0,0.0,0.0,0.0,0.0,0.0,0.0,0.0,0.0,0.0,0.0,0.0,0.0,1.0,0.0
04/05/2023,64.0,94.0,1.0,17.0,0.0,0.0,7995.0,1.0,0.0,1.0,1.0,324.0,0.0,1.0,2.0,0.0,1.0,0.0,2.0,0.0,1.0,0.0,0.0,0.0,0.0,1.0,0.0,0.0,0.0,0.0,0.0,0.0,0.0,0.0,0.0,0.0,0.0,0.0,0.0,0.0,0.0,0.0,0.0,1.0,0.0
11/23/2023,45.0,152.0,1.0,16.0,0.0,0.0,5411.0,0.0,0.0,1.0,1.0,324.0,0.0,0.0,1.0,0.0,0.0,0.0,0.0,0.0,1.0,0.0,0.0,0.0,0.0,0.0,1.0,0.0,0.0,0.0,1.0,0.0,0.0,0.0,0.0,0.0,0.0,0.0,0.0,0.0,0.0,0.0,0.0,1.0,0.0
10/25/2023,61.0,220.0,1.0,16.0,0.0,0.0,4121.0,0.0,0.0,1.0,1.0,69.0,0.0,0.0,1.0,0.0,0.0,1.0,0.0,1.0,0.0,0.0,1.0,0.0,0.0,1.0,0.0,0.0,0.0,0.0,1.0,0.0,0.0,0.0,0.0,0.0,0.0,0.0,0.0,0.0,0.0,0.0,0.0,1.0,0.0
07/03/2023,34.0,157.0,1.0,16.0,0.0,0.0,5812.0,0.0,0.0,1.0,1.0,623.0,0.0,0.0,1.0,0.0,0.0,0.0,0.0,0.0,1.0,0.0,0.0,1.0,0.0,1.0,0.0,0.0,0.0,0.0,1.0,0.0,0.0,0.0,0.0,0.0,0.0,0.0,0.0,0.0,0.0,0.0,0.0,1.0,0.0
06/27/2023,64.0,240.0,1.0,18.0,0.0,0.0,5944.0,0.0,1.0,1.0,1.0,223.0,0.0,1.0,3.0,1.0,1.0,0.0,0.0,0.0,1.0,0.0,0.0,0.0,0.0,0.0,0.0,1.0,0.0,0.0,0.0,1.0,0.0,0.0,0.0,0.0,0.0,0.0,0.0,0.0,0.0,0.0,0.0,1.0,0.0
01/27/2023,21.0,115.0,2.0,16.0,0.0,0.0,4121.0,0.0,0.0,1.0,1.0,212.0,0.0,0.0,1.0,0.0,0.0,0.0,0.0,0.0,1.0,0.0,1.0,0.0,0.0,0.0,0.0,0.0,1.0,0.0,1.0,0.0,0.0,0.0,0.0,0.0,0.0,0.0,0.0,0.0,1.0,0.0,0.0,0.0,0.0
05/05/2023,22.0,37.0,1.0,16.0,0.0,0.0,5734.0,0.0,1.0,1.0,1.0,271.0,0.0,0.0,2.0,0.0,1.0,0.0,0.0,0.0,1.0,0.0,0.0,0.0,0.0,0.0,0.0,0.0,1.0,0.0,0.0,1.0,0.0,0.0,0.0,0.0,0.0,0.0,0.0,0.0,0.0,0.0,0.0,1.0,0.0
03/07/2023,50.0,124.0,1.0,16.0,0.0,0.0,6011.0,1.0,0.0,1.0,1.0,254.0,0.0,0.0,2.0,0.0,1.0,0.0,3.0,0.0,1.0,0.0,0.0,1.0,0.0,1.0,0.0,0.0,0.0,0.0,0.0,0.0,0.0,1.0,0.0,0.0,0.0,0.0,0.0,0.0,0.0,0.0,0.0,0.0,0.0
07/31/2023,56.0,189.0,1.0,16.0,0.0,0.0,4111.0,0.0,0.0,1.0,1.0,154.0,0.0,0.0,3.0,1.0,1.0,0.0,0.0,1.0,0.0,0.0,0.0,1.0,0.0,0.0,1.0,0.0,0.0,0.0,1.0,0.0,0.0,0.0,0.0,0.0,0.0,0.0,0.0,0.0,0.0,0.0,0.0,1.0,0.0
03/13/2023,34.0,277.0,1.0,16.0,0.0,0.0,5812.0,0.0,0.0,1.0,1.0,787.0,0.0,0.0,2.0,0.0,1.0,0.0,0.0,0.0,1.0,0.0,0.0,1.0,0.0,1.0,0.0,0.0,0.0,0.0,1.0,0.0,0.0,0.0,0.0,0.0,0.0,0.0,0.0,0.0,0.0,0.0,0.0,1.0,0.0
06/13/2023,21.0,33.0,1.0,16.0,0.0,0.0,4121.0,0.0,0.0,1.0,1.0,171.0,0.0,0.0,1.0,0.0,0.0,0.0,0.0,0.0,1.0,0.0,0.0,0.0,0.0,0.0,0.0,0.0,1.0,0.0,1.0,0.0,0.0,0.0,0.0,0.0,0.0,0.0,0.0,0.0,0.0,0.0,0.0,1.0,0.0
06/05/2023,61.0,137.0,5.0,17.0,0.0,0.0,5411.0,0.0,0.0,1.0,1.0,221.0,0.0,0.0,1.0,0.0,0.0,0.0,0.0,0.0,1.0,0.0,1.0,0.0,0.0,1.0,0.0,0.0,0.0,0.0,1.0,0.0,0.0,0.0,0.0,0.0,0.0,0.0,0.0,0.0,0.0,0.0,0.0,1.0,0.0
04/17/2023,63.0,32.0,1.0,16.0,0.0,0.0,4111.0,0.0,0.0,1.0,1.0,623.0,0.0,0.0,1.0,0.0,0.0,0.0,0.0,0.0,1.0,0.0,0.0,1.0,0.0,0.0,0.0,1.0,0.0,0.0,1.0,0.0,0.0,0.0,0.0,0.0,0.0,0.0,0.0,0.0,0.0,0.0,0.0,1.0,0.0
06/05/2023,49.0,177.0,1.0,16.0,0.0,0.0,5814.0,0.0,0.0,1.0,1.0,284.0,0.0,1.0,1.0,0.0,0.0,0.0,0.0,1.0,0.0,0.0,0.0,1.0,0.0,0.0,1.0,0.0,0.0,0.0,1.0,0.0,0.0,0.0,0.0,0.0,0.0,0.0,0.0,0.0,0.0,0.0,0.0,1.0,0.0
12/25/2023,23.0,219.0,1.0,17.0,0.0,0.0,5734.0,0.0,1.0,1.0,1.0,650.0,0.0,1.0,1.0,0.0,0.0,1.0,2.0,0.0,1.0,0.0,0.0,1.0,0.0,0.0,0.0,0.0,1.0,0.0,0.0,1.0,0.0,0.0,0.0,0.0,0.0,0.0,0.0,0.0,0.0,0.0,0.0,1.0,0.0
09/15/2023,25.0,37.0,1.0,17.0,0.0,0.0,4111.0,0.0,0.0,1.0,1.0,141.0,0.0,0.0,1.0,0.0,0.0,0.0,0.0,0.0,1.0,0.0,1.0,0.0,0.0,0.0,0.0,0.0,1.0,0.0,1.0,0.0,0.0,0.0,0.0,0.0,0.0,0.0,0.0,0.0,0.0,0.0,0.0,1.0,0.0
01/11/2023,60.0,106.0,1.0,17.0,0.0,0.0,6011.0,1.0,0.0,1.0,1.0,191.0,0.0,0.0,3.0,1.0,1.0,0.0,1.0,0.0,1.0,0.0,1.0,0.0,0.0,1.0,0.0,0.0,0.0,0.0,0.0,0.0,0.0,0.0,0.0,0.0,0.0,0.0,0.0,0.0,0.0,0.0,0.0,1.0,0.0
10/27/2023,18.0,288.0,1.0,17.0,0.0,0.0,5311.0,0.0,0.0,1.0,1.0,324.0,0.0,1.0,1.0,0.0,0.0,0.0,0.0,1.0,0.0,0.0,0.0,1.0,0.0,0.0,0.0,0.0,1.0,0.0,1.0,0.0,0.0,0.0,0.0,0.0,0.0,0.0,0.0,0.0,0.0,0.0,0.0,1.0,0.0
09/04/2023,58.0,11.0,1.0,16.0,0.0,0.0,5732.0,0.0,1.0,1.0,1.0,665.0,0.0,0.0,1.0,0.0,0.0,0.0,0.0,0.0,1.0,0.0,0.0,0.0,0.0,1.0,0.0,0.0,0.0,0.0,0.0,1.0,0.0,0.0,0.0,0.0,0.0,0.0,0.0,0.0,0.0,0.0,0.0,1.0,0.0
10/12/2023,20.0,84.0,1.0,16.0,0.0,0.0,5311.0,0.0,0.0,1.0,1.0,820.0,0.0,0.0,4.0,1.0,1.0,0.0,0.0,0.0,1.0,0.0,1.0,0.0,0.0,0.0,0.0,0.0,1.0,0.0,1.0,0.0,0.0,0.0,0.0,0.0,0.0,0.0,0.0,0.0,0.0,0.0,0.0,1.0,0.0
09/25/2023,32.0,89.0,1.0,18.0,0.0,0.0,4829.0,1.0,0.0,1.0,1.0,59.0,1.0,0.0,3.0,1.0,1.0,1.0,2.0,0.0,1.0,0.0,1.0,0.0,0.0,0.0,1.0,0.0,0.0,0.0,0.0,0.0,0.0,0.0,0.0,0.0,0.0,0.0,0.0,0.0,0.0,0.0,0.0,1.0,0.0
06/12/2023,27.0,48.0,1.0,17.0,0.0,0.0,4111.0,0.0,0.0,1.0,1.0,248.0,0.0,0.0,1.0,0.0,0.0,0.0,0.0,0.0,1.0,0.0,0.0,1.0,0.0,0.0,0.0,0.0,1.0,0.0,1.0,0.0,0.0,0.0,0.0,0.0,0.0,0.0,0.0,0.0,0.0,0.0,0.0,1.0,0.0
02/28/2023,39.0,186.0,1.0,17.0,0.0,0.0,4111.0,0.0,0.0,1.0,1.0,117.0,0.0,1.0,1.0,0.0,0.0,0.0,0.0,0.0,1.0,0.0,0.0,1.0,0.0,1.0,0.0,0.0,0.0,0.0,1.0,0.0,0.0,0.0,0.0,0.0,0.0,0.0,0.0,0.0,0.0,0.0,0.0,1.0,0.0
02/15/2023,37.0,139.0,1.0,16.0,0.0,0.0,5311.0,0.0,0.0,1.0,1.0,477.0,0.0,0.0,1.0,0.0,0.0,0.0,0.0,1.0,0.0,0.0,0.0,0.0,0.0,1.0,0.0,0.0,0.0,0.0,1.0,0.0,0.0,0.0,0.0,0.0,0.0,0.0,0.0,0.0,0.0,0.0,0.0,1.0,0.0
10/18/2023,20.0,282.0,4.0,18.0,0.0,0.0,4121.0,0.0,0.0,1.0,1.0,280.0,0.0,0.0,1.0,0.0,0.0,0.0,0.0,0.0,1.0,0.0,0.0,0.0,0.0,0.0,0.0,0.0,1.0,0.0,1.0,0.0,0.0,0.0,0.0,0.0,0.0,0.0,0.0,0.0,0.0,0.0,0.0,1.0,0.0
06/30/2023,57.0,131.0,1.0,16.0,0.0,0.0,4829.0,1.0,0.0,1.0,1.0,331.0,0.0,0.0,3.0,1.0,1.0,0.0,1.0,0.0,1.0,0.0,0.0,0.0,0.0,0.0,1.0,0.0,0.0,0.0,0.0,0.0,0.0,0.0,0.0,0.0,0.0,0.0,0.0,0.0,0.0,0.0,0.0,1.0,0.0
10/16/2023,77.0,53.0,1.0,16.0,0.0,0.0,5812.0,0.0,0.0,1.0,1.0,207.0,0.0,1.0,3.0,1.0,1.0,1.0,2.0,0.0,1.0,0.0,0.0,1.0,0.0,0.0,0.0,1.0,0.0,0.0,1.0,0.0,0.0,0.0,0.0,0.0,0.0,0.0,0.0,0.0,0.0,0.0,0.0,1.0,0.0
09/05/2023,47.0,223.0,1.0,18.0,0.0,0.0,5944.0,0.0,1.0,1.0,1.0,333.0,0.0,1.0,4.0,1.0,1.0,0.0,2.0,1.0,0.0,0.0,1.0,0.0,0.0,0.0,1.0,0.0,0.0,0.0,0.0,1.0,0.0,1.0,0.0,0.0,0.0,0.0,0.0,0.0,0.0,0.0,0.0,0.0,0.0
07/13/2023,62.0,144.0,1.0,16.0,0.0,0.0,4829.0,1.0,0.0,1.0,1.0,385.0,0.0,0.0,1.0,0.0,0.0,0.0,0.0,0.0,1.0,0.0,1.0,0.0,0.0,0.0,0.0,1.0,0.0,0.0,0.0,0.0,0.0,0.0,0.0,0.0,0.0,0.0,0.0,0.0,0.0,0.0,0.0,1.0,0.0
12/18/2023,27.0,120.0,1.0,17.0,0.0,0.0,5411.0,0.0,0.0,1.0,1.0,129.0,0.0,0.0,1.0,0.0,0.0,1.0,0.0,0.0,1.0,0.0,0.0,0.0,0.0,0.0,0.0,0.0,1.0,0.0,1.0,0.0,0.0,0.0,0.0,0.0,1.0,0.0,0.0,0.0,0.0,0.0,0.0,0.0,0.0
09/22/2023,27.0,20.0,1.0,16.0,0.0,0.0,5411.0,0.0,0.0,1.0,1.0,94.0,0.0,0.0,1.0,0.0,0.0,0.0,0.0,0.0,1.0,0.0,0.0,0.0,0.0,0.0,0.0,0.0,1.0,0.0,1.0,0.0,0.0,0.0,0.0,0.0,0.0,0.0,0.0,0.0,0.0,0.0,0.0,1.0,0.0
03/06/2023,27.0,73.0,1.0,18.0,0.0,0.0,4829.0,1.0,0.0,1.0,1.0,248.0,0.0,0.0,1.0,0.0,0.0,0.0,0.0,0.0,1.0,0.0,1.0,0.0,0.0,0.0,0.0,0.0,1.0,0.0,0.0,0.0,0.0,0.0,0.0,0.0,0.0,0.0,0.0,0.0,0.0,0.0,0.0,1.0,0.0
01/09/2023,21.0,31.0,1.0,16.0,0.0,0.0,4829.0,1.0,0.0,1.0,1.0,190.0,0.0,0.0,1.0,0.0,0.0,0.0,0.0,0.0,1.0,0.0,0.0,0.0,0.0,0.0,0.0,0.0,1.0,0.0,0.0,0.0,0.0,0.0,0.0,0.0,0.0,0.0,0.0,0.0,0.0,0.0,0.0,1.0,0.0
06/09/2023,72.0,292.0,1.0,16.0,0.0,0.0,4121.0,0.0,0.0,1.0,1.0,249.0,0.0,1.0,3.0,1.0,1.0,0.0,0.0,0.0,1.0,0.0,0.0,1.0,0.0,0.0,0.0,1.0,0.0,0.0,1.0,0.0,0.0,0.0,0.0,0.0,0.0,0.0,0.0,0.0,0.0,0.0,0.0,1.0,0.0
10/30/2023,37.0,103.0,1.0,17.0,0.0,0.0,4111.0,0.0,0.0,1.0,1.0,787.0,0.0,0.0,1.0,0.0,0.0,1.0,0.0,0.0,1.0,0.0,0.0,1.0,0.0,0.0,1.0,0.0,0.0,0.0,1.0,0.0,0.0,0.0,0.0,0.0,0.0,0.0,0.0,0.0,1.0,0.0,0.0,0.0,0.0
04/10/2023,68.0,15.0,1.0,17.0,0.0,0.0,7299.0,1.0,0.0,1.0,1.0,449.0,0.0,1.0,2.0,0.0,1.0,0.0,2.0,0.0,1.0,0.0,1.0,0.0,0.0,1.0,0.0,0.0,0.0,0.0,0.0,0.0,0.0,0.0,0.0,0.0,0.0,0.0,0.0,0.0,0.0,0.0,0.0,1.0,0.0
06/05/2023,59.0,30.0,1.0,17.0,0.0,0.0,5411.0,0.0,0.0,1.0,1.0,261.0,0.0,1.0,1.0,0.0,0.0,0.0,0.0,0.0,1.0,0.0,1.0,0.0,0.0,1.0,0.0,0.0,0.0,0.0,1.0,0.0,0.0,0.0,0.0,0.0,0.0,0.0,0.0,0.0,0.0,0.0,0.0,1.0,0.0
12/25/2023,42.0,233.0,1.0,18.0,0.0,0.0,4121.0,0.0,0.0,1.0,1.0,379.0,0.0,1.0,4.0,1.0,1.0,0.0,0.0,0.0,1.0,0.0,0.0,0.0,0.0,1.0,0.0,0.0,0.0,0.0,1.0,0.0,0.0,0.0,0.0,0.0,0.0,0.0,0.0,0.0,0.0,0.0,0.0,1.0,0.0
01/26/2023,70.0,50.0,1.0,16.0,0.0,0.0,5732.0,0.0,1.0,1.0,1.0,410.0,0.0,0.0,2.0,0.0,1.0,0.0,1.0,0.0,1.0,0.0,0.0,0.0,0.0,0.0,0.0,1.0,0.0,0.0,0.0,1.0,0.0,0.0,0.0,0.0,0.0,0.0,0.0,0.0,0.0,0.0,0.0,1.0,0.0
05/24/2023,20.0,118.0,1.0,16.0,0.0,0.0,5734.0,0.0,1.0,1.0,1.0,256.0,0.0,1.0,1.0,0.0,0.0,0.0,2.0,1.0,0.0,0.0,1.0,0.0,0.0,0.0,0.0,0.0,1.0,0.0,0.0,1.0,0.0,0.0,0.0,0.0,0.0,0.0,0.0,0.0,0.0,0.0,0.0,1.0,0.0
11/02/2023,50.0,124.0,1.0,16.0,0.0,0.0,4111.0,0.0,0.0,1.0,1.0,412.0,0.0,0.0,3.0,1.0,1.0,0.0,0.0,0.0,1.0,0.0,0.0,1.0,0.0,1.0,0.0,0.0,0.0,0.0,1.0,0.0,0.0,0.0,0.0,1.0,0.0,0.0,0.0,0.0,0.0,0.0,0.0,0.0,0.0
02/09/2023,28.0,16.0,1.0,16.0,0.0,0.0,5732.0,0.0,1.0,1.0,1.0,307.0,0.0,0.0,1.0,0.0,0.0,0.0,0.0,0.0,1.0,0.0,1.0,0.0,0.0,0.0,0.0,0.0,1.0,0.0,0.0,1.0,0.0,0.0,0.0,0.0,0.0,0.0,0.0,0.0,0.0,0.0,0.0,1.0,0.0
03/30/2023,73.0,152.0,1.0,16.0,0.0,0.0,5311.0,0.0,0.0,1.0,1.0,540.0,0.0,0.0,4.0,1.0,1.0,0.0,0.0,1.0,0.0,0.0,0.0,1.0,0.0,0.0,0.0,1.0,0.0,0.0,1.0,0.0,0.0,0.0,0.0,0.0,0.0,0.0,0.0,0.0,0.0,0.0,0.0,1.0,0.0
03/13/2023,27.0,57.0,1.0,16.0,0.0,0.0,5921.0,1.0,0.0,1.0,1.0,118.0,0.0,0.0,1.0,0.0,0.0,0.0,0.0,0.0,1.0,0.0,0.0,0.0,0.0,0.0,0.0,0.0,1.0,0.0,0.0,0.0,0.0,0.0,0.0,0.0,0.0,0.0,0.0,0.0,0.0,0.0,0.0,1.0,0.0
12/06/2023,63.0,35.0,1.0,18.0,0.0,0.0,5812.0,0.0,0.0,1.0,1.0,385.0,0.0,0.0,1.0,0.0,0.0,0.0,0.0,0.0,1.0,0.0,0.0,0.0,0.0,0.0,0.0,1.0,0.0,0.0,1.0,0.0,0.0,0.0,0.0,0.0,0.0,0.0,0.0,0.0,0.0,0.0,0.0,1.0,0.0
12/04/2023,42.0,152.0,1.0,16.0,0.0,0.0,5944.0,0.0,1.0,1.0,1.0,835.0,0.0,1.0,1.0,0.0,0.0,1.0,2.0,0.0,1.0,0.0,0.0,0.0,0.0,0.0,1.0,0.0,0.0,0.0,0.0,1.0,0.0,0.0,0.0,0.0,0.0,0.0,0.0,0.0,0.0,0.0,0.0,1.0,0.0
01/19/2023,62.0,158.0,1.0,16.0,0.0,0.0,5999.0,1.0,0.0,1.0,1.0,205.0,0.0,0.0,1.0,0.0,0.0,0.0,2.0,1.0,0.0,0.0,1.0,0.0,0.0,1.0,0.0,0.0,0.0,0.0,0.0,0.0,0.0,0.0,0.0,0.0,0.0,0.0,0.0,0.0,0.0,0.0,0.0,1.0,0.0
12/25/2023,72.0,117.0,1.0,17.0,0.0,0.0,5999.0,1.0,0.0,1.0,1.0,477.0,0.0,1.0,1.0,0.0,0.0,0.0,2.0,0.0,1.0,0.0,0.0,0.0,0.0,0.0,0.0,1.0,0.0,0.0,0.0,0.0,0.0,0.0,0.0,1.0,0.0,0.0,0.0,0.0,0.0,0.0,0.0,0.0,0.0
01/10/2023,41.0,88.0,1.0,17.0,0.0,0.0,5734.0,0.0,1.0,1.0,1.0,579.0,0.0,0.0,1.0,0.0,0.0,0.0,0.0,0.0,1.0,0.0,0.0,0.0,0.0,1.0,0.0,0.0,0.0,0.0,0.0,1.0,0.0,0.0,0.0,0.0,0.0,0.0,0.0,0.0,0.0,0.0,0.0,1.0,0.0
09/25/2023,27.0,265.0,1.0,16.0,0.0,0.0,5311.0,0.0,0.0,1.0,1.0,234.0,0.0,0.0,1.0,0.0,0.0,0.0,0.0,0.0,1.0,0.0,0.0,0.0,0.0,0.0,0.0,0.0,1.0,0.0,1.0,0.0,0.0,0.0,0.0,0.0,0.0,0.0,0.0,0.0,0.0,0.0,0.0,1.0,0.0
01/02/2023,46.0,75.0,1.0,16.0,0.0,0.0,5944.0,0.0,1.0,1.0,1.0,324.0,0.0,0.0,1.0,0.0,0.0,0.0,0.0,0.0,1.0,0.0,0.0,1.0,0.0,0.0,1.0,0.0,0.0,0.0,0.0,1.0,0.0,0.0,0.0,0.0,0.0,0.0,0.0,0.0,0.0,0.0,0.0,1.0,0.0
11/01/2023,28.0,93.0,1.0,16.0,0.0,0.0,4829.0,1.0,0.0,1.0,1.0,325.0,0.0,1.0,2.0,0.0,1.0,0.0,2.0,0.0,1.0,0.0,0.0,0.0,0.0,0.0,0.0,0.0,1.0,0.0,0.0,0.0,0.0,0.0,0.0,0.0,0.0,0.0,0.0,0.0,0.0,0.0,0.0,1.0,0.0
05/29/2023,20.0,150.0,1.0,18.0,0.0,0.0,5814.0,0.0,0.0,1.0,1.0,201.0,0.0,0.0,1.0,0.0,0.0,0.0,0.0,0.0,1.0,0.0,1.0,0.0,0.0,0.0,0.0,0.0,1.0,0.0,1.0,0.0,0.0,0.0,0.0,1.0,0.0,0.0,0.0,0.0,0.0,0.0,0.0,0.0,0.0
08/28/2023,48.0,115.0,1.0,17.0,0.0,0.0,7995.0,1.0,0.0,1.0,1.0,283.0,0.0,1.0,1.0,0.0,0.0,0.0,2.0,0.0,1.0,0.0,0.0,0.0,0.0,1.0,0.0,0.0,0.0,0.0,0.0,0.0,0.0,0.0,0.0,0.0,0.0,0.0,0.0,0.0,0.0,0.0,0.0,1.0,0.0
12/29/2023,56.0,134.0,1.0,17.0,0.0,0.0,7299.0,1.0,0.0,1.0,1.0,517.0,0.0,1.0,1.0,0.0,0.0,0.0,2.0,0.0,1.0,0.0,0.0,0.0,0.0,0.0,0.0,1.0,0.0,0.0,0.0,0.0,0.0,0.0,0.0,0.0,0.0,0.0,0.0,0.0,1.0,0.0,0.0,0.0,0.0
09/04/2023,54.0,118.0,1.0,16.0,0.0,0.0,7299.0,1.0,0.0,1.0,1.0,826.0,0.0,1.0,1.0,0.0,0.0,0.0,2.0,1.0,0.0,0.0,0.0,1.0,0.0,1.0,0.0,0.0,0.0,0.0,0.0,0.0,0.0,0.0,0.0,0.0,0.0,0.0,0.0,0.0,0.0,0.0,0.0,1.0,0.0
01/05/2023,67.0,79.0,1.0,16.0,0.0,0.0,6011.0,1.0,0.0,1.0,1.0,100.0,0.0,0.0,1.0,0.0,0.0,0.0,2.0,0.0,1.0,0.0,1.0,0.0,0.0,0.0,0.0,1.0,0.0,0.0,0.0,0.0,0.0,0.0,0.0,0.0,0.0,0.0,0.0,0.0,1.0,0.0,0.0,0.0,0.0
11/10/2023,35.0,47.0,1.0,16.0,0.0,0.0,5734.0,0.0,1.0,1.0,1.0,190.0,0.0,1.0,1.0,0.0,0.0,0.0,0.0,1.0,0.0,0.0,0.0,0.0,0.0,0.0,1.0,0.0,0.0,0.0,0.0,1.0,0.0,0.0,0.0,0.0,0.0,0.0,0.0,0.0,0.0,0.0,0.0,1.0,0.0
10/23/2023,60.0,140.0,1.0,16.0,0.0,0.0,5311.0,0.0,0.0,1.0,1.0,207.0,0.0,0.0,1.0,0.0,0.0,0.0,0.0,0.0,1.0,0.0,0.0,0.0,0.0,1.0,0.0,0.0,0.0,0.0,1.0,0.0,0.0,0.0,0.0,0.0,0.0,0.0,0.0,0.0,0.0,0.0,0.0,1.0,0.0
06/27/2023,68.0,141.0,1.0,16.0,0.0,0.0,4111.0,0.0,0.0,1.0,1.0,367.0,0.0,0.0,1.0,0.0,0.0,0.0,0.0,0.0,1.0,0.0,0.0,0.0,0.0,1.0,0.0,0.0,0.0,0.0,1.0,0.0,0.0,0.0,0.0,0.0,0.0,0.0,0.0,0.0,0.0,0.0,0.0,1.0,0.0
12/20/2023,37.0,142.0,1.0,18.0,0.0,0.0,7995.0,1.0,0.0,1.0,1.0,122.0,0.0,0.0,1.0,0.0,0.0,0.0,0.0,0.0,1.0,0.0,1.0,0.0,0.0,0.0,1.0,0.0,0.0,0.0,0.0,0.0,0.0,0.0,0.0,0.0,0.0,0.0,0.0,0.0,0.0,0.0,0.0,1.0,0.0
04/06/2023,41.0,82.0,1.0,17.0,0.0,0.0,5732.0,0.0,1.0,1.0,1.0,648.0,0.0,0.0,1.0,0.0,0.0,1.0,0.0,0.0,1.0,0.0,0.0,1.0,0.0,0.0,1.0,0.0,0.0,0.0,0.0,1.0,0.0,0.0,0.0,0.0,0.0,0.0,0.0,0.0,0.0,0.0,0.0,1.0,0.0
04/18/2023,49.0,108.0,1.0,17.0,0.0,0.0,5921.0,1.0,0.0,1.0,1.0,532.0,0.0,0.0,1.0,0.0,0.0,0.0,0.0,0.0,1.0,0.0,0.0,0.0,0.0,1.0,0.0,0.0,0.0,0.0,0.0,0.0,0.0,0.0,0.0,0.0,0.0,0.0,0.0,0.0,0.0,0.0,0.0,1.0,0.0
07/17/2023,59.0,25.0,1.0,18.0,0.0,0.0,5732.0,0.0,1.0,1.0,1.0,304.0,0.0,1.0,1.0,0.0,0.0,0.0,0.0,0.0,1.0,0.0,1.0,0.0,0.0,0.0,0.0,1.0,0.0,0.0,0.0,1.0,0.0,0.0,0.0,0.0,0.0,0.0,0.0,0.0,0.0,0.0,0.0,1.0,0.0
03/14/2023,25.0,52.0,1.0,17.0,0.0,0.0,5734.0,0.0,1.0,1.0,1.0,187.0,0.0,0.0,3.0,1.0,1.0,0.0,1.0,0.0,1.0,0.0,1.0,0.0,0.0,0.0,0.0,0.0,1.0,0.0,0.0,1.0,0.0,0.0,0.0,0.0,0.0,0.0,0.0,0.0,0.0,0.0,0.0,1.0,0.0
03/21/2023,52.0,243.0,1.0,16.0,0.0,0.0,4829.0,1.0,0.0,1.0,1.0,258.0,0.0,0.0,2.0,0.0,1.0,0.0,0.0,1.0,0.0,0.0,1.0,0.0,0.0,0.0,1.0,0.0,0.0,0.0,0.0,0.0,0.0,0.0,0.0,0.0,0.0,0.0,0.0,0.0,0.0,0.0,0.0,1.0,0.0
01/02/2023,46.0,160.0,1.0,17.0,0.0,0.0,5734.0,0.0,1.0,1.0,1.0,261.0,0.0,0.0,1.0,0.0,0.0,0.0,0.0,1.0,0.0,0.0,1.0,0.0,0.0,0.0,1.0,0.0,0.0,0.0,0.0,1.0,0.0,0.0,0.0,0.0,0.0,0.0,0.0,0.0,0.0,0.0,0.0,1.0,0.0
12/28/2023,46.0,101.0,1.0,16.0,0.0,0.0,5732.0,0.0,1.0,1.0,1.0,476.0,0.0,1.0,1.0,0.0,0.0,0.0,0.0,0.0,1.0,0.0,0.0,0.0,0.0,1.0,0.0,0.0,0.0,0.0,0.0,1.0,0.0,0.0,0.0,0.0,0.0,0.0,0.0,0.0,0.0,0.0,0.0,1.0,0.0
02/03/2023,59.0,142.0,1.0,16.0,0.0,0.0,5814.0,0.0,0.0,1.0,1.0,241.0,0.0,0.0,1.0,0.0,0.0,0.0,0.0,1.0,0.0,0.0,0.0,1.0,0.0,0.0,1.0,0.0,0.0,0.0,1.0,0.0,0.0,0.0,0.0,0.0,0.0,0.0,0.0,0.0,0.0,0.0,0.0,1.0,0.0
07/21/2023,46.0,77.0,1.0,16.0,0.0,0.0,5311.0,0.0,0.0,1.0,1.0,726.0,0.0,1.0,1.0,0.0,0.0,0.0,0.0,0.0,1.0,0.0,0.0,1.0,0.0,0.0,1.0,0.0,0.0,0.0,1.0,0.0,0.0,0.0,0.0,0.0,0.0,0.0,0.0,0.0,0.0,0.0,0.0,1.0,0.0
08/28/2023,49.0,144.0,3.0,16.0,0.0,0.0,7299.0,1.0,0.0,1.0,1.0,395.0,0.0,1.0,1.0,0.0,0.0,0.0,2.0,0.0,1.0,0.0,0.0,1.0,0.0,0.0,1.0,0.0,0.0,0.0,0.0,0.0,0.0,0.0,0.0,0.0,0.0,0.0,0.0,0.0,0.0,0.0,0.0,1.0,0.0
04/12/2023,19.0,117.0,1.0,16.0,0.0,0.0,5732.0,0.0,1.0,1.0,1.0,543.0,0.0,0.0,1.0,0.0,0.0,0.0,0.0,0.0,1.0,0.0,0.0,0.0,0.0,0.0,0.0,0.0,1.0,0.0,0.0,1.0,0.0,0.0,0.0,0.0,0.0,0.0,0.0,0.0,0.0,0.0,0.0,1.0,0.0
08/22/2023,59.0,163.0,1.0,16.0,0.0,0.0,5944.0,0.0,1.0,1.0,1.0,267.0,0.0,0.0,2.0,0.0,1.0,0.0,0.0,0.0,1.0,0.0,0.0,1.0,0.0,0.0,1.0,0.0,0.0,0.0,0.0,1.0,0.0,0.0,0.0,0.0,0.0,0.0,0.0,0.0,0.0,0.0,0.0,1.0,0.0
08/31/2023,18.0,243.0,1.0,17.0,0.0,0.0,5732.0,0.0,1.0,1.0,1.0,283.0,0.0,0.0,2.0,0.0,1.0,0.0,1.0,0.0,1.0,0.0,0.0,0.0,0.0,0.0,0.0,0.0,1.0,0.0,0.0,1.0,0.0,0.0,0.0,0.0,0.0,0.0,0.0,0.0,1.0,0.0,0.0,0.0,0.0
07/19/2023,79.0,30.0,1.0,16.0,0.0,0.0,5734.0,0.0,1.0,1.0,1.0,658.0,0.0,0.0,1.0,0.0,0.0,0.0,0.0,0.0,1.0,0.0,1.0,0.0,0.0,0.0,0.0,1.0,0.0,0.0,0.0,1.0,0.0,0.0,0.0,0.0,0.0,0.0,0.0,0.0,0.0,0.0,0.0,1.0,0.0
12/01/2023,27.0,91.0,1.0,16.0,0.0,0.0,4829.0,1.0,0.0,1.0,1.0,438.0,0.0,0.0,4.0,1.0,1.0,0.0,0.0,0.0,1.0,0.0,0.0,1.0,0.0,0.0,0.0,0.0,1.0,0.0,0.0,0.0,0.0,0.0,0.0,0.0,0.0,0.0,0.0,0.0,0.0,0.0,0.0,1.0,0.0
02/09/2023,62.0,139.0,1.0,17.0,0.0,0.0,4829.0,1.0,0.0,1.0,1.0,433.0,0.0,0.0,1.0,0.0,0.0,0.0,0.0,0.0,1.0,0.0,0.0,0.0,0.0,0.0,0.0,1.0,0.0,0.0,0.0,0.0,0.0,0.0,0.0,0.0,0.0,0.0,0.0,0.0,0.0,0.0,0.0,1.0,0.0
09/25/2023,24.0,87.0,1.0,16.0,0.0,0.0,5732.0,0.0,1.0,1.0,1.0,311.0,0.0,0.0,1.0,0.0,0.0,0.0,0.0,1.0,0.0,0.0,1.0,0.0,0.0,0.0,0.0,0.0,1.0,0.0,0.0,1.0,0.0,0.0,0.0,0.0,0.0,0.0,0.0,0.0,0.0,0.0,0.0,1.0,0.0
02/27/2023,58.0,24.0,1.0,16.0,0.0,0.0,5734.0,0.0,1.0,1.0,1.0,97.0,0.0,0.0,1.0,0.0,0.0,0.0,0.0,0.0,1.0,0.0,1.0,0.0,0.0,0.0,1.0,0.0,0.0,0.0,0.0,1.0,0.0,0.0,0.0,0.0,0.0,0.0,0.0,0.0,1.0,0.0,0.0,0.0,0.0
06/19/2023,25.0,39.0,1.0,16.0,0.0,0.0,6011.0,1.0,0.0,1.0,1.0,367.0,0.0,0.0,1.0,0.0,0.0,0.0,2.0,0.0,1.0,0.0,0.0,1.0,0.0,0.0,0.0,0.0,1.0,0.0,0.0,0.0,0.0,0.0,0.0,0.0,0.0,0.0,0.0,0.0,0.0,0.0,0.0,1.0,0.0
11/14/2023,68.0,31.0,1.0,16.0,0.0,0.0,7995.0,1.0,0.0,1.0,1.0,348.0,0.0,1.0,1.0,0.0,0.0,0.0,2.0,0.0,1.0,0.0,0.0,1.0,0.0,1.0,0.0,0.0,0.0,0.0,0.0,0.0,0.0,0.0,0.0,0.0,0.0,0.0,0.0,0.0,0.0,0.0,0.0,1.0,0.0
01/02/2023,27.0,41.0,1.0,16.0,0.0,0.0,5311.0,0.0,0.0,1.0,1.0,342.0,0.0,0.0,1.0,0.0,0.0,0.0,0.0,0.0,1.0,0.0,1.0,0.0,0.0,0.0,1.0,0.0,0.0,0.0,1.0,0.0,0.0,0.0,0.0,0.0,0.0,0.0,0.0,0.0,0.0,0.0,0.0,1.0,0.0
10/16/2023,50.0,124.0,1.0,16.0,0.0,0.0,7995.0,1.0,0.0,1.0,1.0,177.0,0.0,1.0,1.0,0.0,0.0,0.0,2.0,0.0,1.0,0.0,0.0,0.0,0.0,1.0,0.0,0.0,0.0,0.0,0.0,0.0,0.0,0.0,0.0,0.0,0.0,0.0,0.0,0.0,0.0,0.0,0.0,1.0,0.0
12/06/2023,36.0,34.0,1.0,17.0,0.0,0.0,7995.0,1.0,0.0,1.0,1.0,161.0,0.0,1.0,2.0,0.0,1.0,0.0,2.0,0.0,1.0,0.0,0.0,1.0,0.0,1.0,0.0,0.0,0.0,0.0,0.0,0.0,0.0,0.0,0.0,0.0,0.0,0.0,0.0,0.0,0.0,0.0,0.0,1.0,0.0
06/07/2023,24.0,111.0,1.0,17.0,0.0,0.0,7299.0,1.0,0.0,1.0,1.0,543.0,0.0,0.0,1.0,0.0,0.0,0.0,2.0,1.0,0.0,0.0,1.0,0.0,0.0,0.0,0.0,0.0,1.0,0.0,0.0,0.0,0.0,0.0,0.0,0.0,0.0,0.0,0.0,1.0,0.0,0.0,0.0,0.0,0.0
02/13/2023,33.0,296.0,1.0,18.0,0.0,0.0,5999.0,1.0,0.0,1.0,1.0,90.0,0.0,0.0,1.0,0.0,0.0,0.0,0.0,0.0,1.0,0.0,0.0,1.0,0.0,1.0,0.0,0.0,0.0,0.0,0.0,0.0,0.0,0.0,0.0,1.0,0.0,0.0,0.0,0.0,0.0,0.0,0.0,0.0,0.0
08/28/2023,20.0,212.0,1.0,16.0,0.0,0.0,4111.0,0.0,0.0,1.0,1.0,475.0,0.0,1.0,2.0,0.0,1.0,1.0,2.0,0.0,1.0,0.0,0.0,1.0,0.0,0.0,0.0,0.0,1.0,0.0,1.0,0.0,0.0,0.0,0.0,0.0,0.0,0.0,0.0,1.0,0.0,0.0,0.0,0.0,0.0
09/21/2023,62.0,210.0,1.0,16.0,0.0,0.0,4829.0,1.0,0.0,1.0,1.0,145.0,0.0,1.0,1.0,0.0,0.0,0.0,2.0,0.0,1.0,0.0,0.0,1.0,0.0,0.0,0.0,1.0,0.0,0.0,0.0,0.0,0.0,0.0,0.0,0.0,0.0,0.0,0.0,0.0,0.0,0.0,0.0,1.0,0.0
03/17/2023,58.0,56.0,1.0,16.0,0.0,0.0,5732.0,0.0,1.0,1.0,1.0,504.0,0.0,0.0,1.0,0.0,0.0,0.0,0.0,0.0,1.0,0.0,1.0,0.0,0.0,0.0,0.0,1.0,0.0,0.0,0.0,1.0,0.0,0.0,0.0,0.0,0.0,0.0,0.0,0.0,0.0,0.0,0.0,1.0,0.0
04/10/2023,29.0,123.0,1.0,16.0,0.0,0.0,5411.0,0.0,0.0,1.0,1.0,285.0,0.0,0.0,2.0,0.0,1.0,0.0,0.0,0.0,1.0,0.0,1.0,0.0,0.0,1.0,0.0,0.0,0.0,0.0,1.0,0.0,0.0,0.0,0.0,0.0,1.0,0.0,0.0,0.0,0.0,0.0,0.0,0.0,0.0
03/02/2023,72.0,71.0,3.0,17.0,0.0,0.0,5812.0,0.0,0.0,1.0,1.0,196.0,0.0,0.0,2.0,0.0,1.0,1.0,0.0,1.0,0.0,0.0,0.0,1.0,0.0,0.0,0.0,1.0,0.0,0.0,1.0,0.0,0.0,0.0,0.0,0.0,0.0,0.0,0.0,0.0,0.0,0.0,0.0,1.0,0.0
05/10/2023,21.0,181.0,1.0,17.0,0.0,0.0,7995.0,1.0,0.0,1.0,1.0,628.0,0.0,0.0,1.0,0.0,0.0,0.0,0.0,0.0,1.0,0.0,0.0,0.0,0.0,0.0,0.0,0.0,1.0,0.0,0.0,0.0,0.0,0.0,0.0,0.0,0.0,0.0,0.0,0.0,0.0,0.0,0.0,1.0,0.0
02/17/2023,58.0,48.0,1.0,18.0,0.0,0.0,5311.0,0.0,0.0,1.0,1.0,124.0,0.0,0.0,1.0,0.0,0.0,0.0,0.0,1.0,0.0,0.0,0.0,0.0,0.0,0.0,0.0,1.0,0.0,0.0,1.0,0.0,0.0,0.0,0.0,0.0,0.0,0.0,0.0,0.0,0.0,0.0,0.0,1.0,0.0
07/17/2023,31.0,55.0,1.0,17.0,0.0,0.0,7995.0,1.0,0.0,1.0,1.0,352.0,0.0,0.0,3.0,1.0,1.0,0.0,3.0,0.0,1.0,0.0,0.0,1.0,0.0,1.0,0.0,0.0,0.0,0.0,0.0,0.0,0.0,0.0,0.0,0.0,0.0,0.0,0.0,0.0,0.0,0.0,0.0,1.0,0.0
03/27/2023,33.0,233.0,1.0,17.0,0.0,0.0,5734.0,0.0,1.0,1.0,1.0,136.0,0.0,0.0,1.0,0.0,0.0,0.0,0.0,0.0,1.0,0.0,0.0,1.0,0.0,1.0,0.0,0.0,0.0,0.0,0.0,1.0,0.0,0.0,0.0,0.0,0.0,0.0,0.0,0.0,0.0,0.0,0.0,1.0,0.0
08/14/2023,70.0,125.0,1.0,17.0,0.0,0.0,5944.0,0.0,1.0,1.0,1.0,346.0,0.0,0.0,1.0,0.0,0.0,0.0,0.0,0.0,1.0,0.0,1.0,0.0,0.0,1.0,0.0,0.0,0.0,0.0,0.0,1.0,0.0,0.0,0.0,0.0,0.0,0.0,0.0,0.0,0.0,0.0,0.0,1.0,0.0
07/03/2023,39.0,96.0,1.0,17.0,0.0,0.0,5311.0,0.0,0.0,1.0,1.0,698.0,0.0,0.0,4.0,1.0,1.0,0.0,0.0,1.0,0.0,0.0,0.0,1.0,0.0,0.0,1.0,0.0,0.0,0.0,1.0,0.0,0.0,0.0,0.0,0.0,0.0,1.0,0.0,0.0,0.0,0.0,0.0,0.0,0.0
04/12/2023,57.0,22.0,1.0,17.0,0.0,0.0,5999.0,1.0,0.0,1.0,1.0,777.0,0.0,0.0,1.0,0.0,0.0,0.0,0.0,1.0,0.0,0.0,0.0,1.0,0.0,0.0,0.0,1.0,0.0,0.0,0.0,0.0,0.0,0.0,0.0,0.0,0.0,0.0,0.0,0.0,0.0,0.0,0.0,1.0,0.0
03/15/2023,18.0,19.0,1.0,16.0,0.0,0.0,4111.0,0.0,0.0,1.0,1.0,882.0,0.0,0.0,4.0,1.0,1.0,0.0,0.0,0.0,1.0,0.0,0.0,0.0,0.0,0.0,0.0,0.0,1.0,0.0,1.0,0.0,0.0,0.0,0.0,0.0,0.0,0.0,0.0,0.0,0.0,0.0,0.0,1.0,0.0
02/02/2023,38.0,136.0,1.0,16.0,0.0,0.0,4121.0,0.0,0.0,1.0,1.0,175.0,0.0,0.0,2.0,0.0,1.0,0.0,0.0,0.0,1.0,0.0,0.0,1.0,0.0,0.0,1.0,0.0,0.0,0.0,1.0,0.0,0.0,0.0,0.0,0.0,0.0,0.0,0.0,0.0,0.0,0.0,0.0,1.0,0.0
05/10/2023,47.0,29.0,1.0,17.0,0.0,0.0,5921.0,1.0,0.0,1.0,1.0,69.0,0.0,0.0,5.0,1.0,1.0,0.0,1.0,0.0,1.0,0.0,0.0,0.0,0.0,0.0,1.0,0.0,0.0,0.0,0.0,0.0,0.0,0.0,0.0,0.0,0.0,0.0,0.0,0.0,0.0,0.0,1.0,0.0,0.0
01/12/2023,62.0,181.0,1.0,17.0,0.0,0.0,4111.0,0.0,0.0,1.0,1.0,271.0,0.0,0.0,1.0,0.0,0.0,0.0,0.0,0.0,1.0,0.0,0.0,0.0,0.0,1.0,0.0,0.0,0.0,0.0,1.0,0.0,0.0,0.0,0.0,0.0,0.0,0.0,0.0,0.0,0.0,0.0,0.0,1.0,0.0
05/22/2023,26.0,116.0,1.0,16.0,0.0,0.0,5921.0,1.0,0.0,1.0,1.0,387.0,0.0,0.0,2.0,0.0,1.0,0.0,3.0,1.0,0.0,0.0,0.0,0.0,0.0,0.0,0.0,0.0,1.0,0.0,0.0,0.0,0.0,0.0,0.0,0.0,0.0,0.0,0.0,0.0,0.0,0.0,0.0,1.0,0.0
12/20/2023,59.0,41.0,1.0,16.0,0.0,0.0,5999.0,1.0,0.0,1.0,1.0,220.0,0.0,0.0,1.0,0.0,0.0,0.0,0.0,0.0,1.0,0.0,0.0,0.0,0.0,0.0,1.0,0.0,0.0,0.0,0.0,0.0,0.0,0.0,0.0,0.0,0.0,0.0,0.0,0.0,0.0,0.0,0.0,1.0,0.0
04/05/2023,53.0,172.0,1.0,16.0,0.0,0.0,5921.0,1.0,0.0,1.0,1.0,624.0,0.0,0.0,2.0,0.0,1.0,0.0,1.0,0.0,1.0,0.0,0.0,1.0,0.0,0.0,0.0,1.0,0.0,0.0,0.0,0.0,0.0,0.0,0.0,0.0,0.0,0.0,0.0,0.0,0.0,0.0,0.0,1.0,0.0
10/31/2023,29.0,76.0,1.0,16.0,0.0,0.0,7995.0,1.0,0.0,1.0,1.0,102.0,0.0,1.0,1.0,0.0,0.0,0.0,2.0,0.0,1.0,0.0,1.0,0.0,0.0,1.0,0.0,0.0,0.0,0.0,0.0,0.0,0.0,0.0,0.0,0.0,0.0,0.0,0.0,0.0,0.0,0.0,0.0,1.0,0.0
03/15/2023,61.0,157.0,1.0,17.0,0.0,0.0,6011.0,1.0,0.0,1.0,1.0,319.0,0.0,0.0,1.0,0.0,0.0,0.0,2.0,0.0,1.0,0.0,0.0,0.0,0.0,0.0,0.0,1.0,0.0,0.0,0.0,0.0,0.0,0.0,0.0,0.0,0.0,0.0,0.0,0.0,0.0,0.0,0.0,1.0,0.0
02/20/2023,33.0,17.0,1.0,16.0,0.0,0.0,4121.0,0.0,0.0,1.0,1.0,229.0,0.0,0.0,1.0,0.0,0.0,0.0,0.0,0.0,1.0,0.0,0.0,0.0,0.0,1.0,0.0,0.0,0.0,0.0,1.0,0.0,0.0,0.0,0.0,0.0,0.0,0.0,0.0,0.0,0.0,0.0,0.0,1.0,0.0
07/20/2023,54.0,59.0,1.0,16.0,0.0,0.0,5944.0,0.0,1.0,1.0,1.0,312.0,0.0,0.0,1.0,0.0,0.0,0.0,0.0,1.0,0.0,0.0,0.0,1.0,0.0,0.0,0.0,1.0,0.0,0.0,0.0,1.0,0.0,0.0,0.0,0.0,0.0,0.0,0.0,0.0,0.0,0.0,0.0,1.0,0.0
03/01/2023,64.0,28.0,1.0,16.0,0.0,0.0,5734.0,0.0,1.0,1.0,1.0,227.0,0.0,0.0,1.0,0.0,0.0,0.0,0.0,0.0,1.0,0.0,1.0,0.0,0.0,0.0,0.0,1.0,0.0,0.0,0.0,1.0,0.0,0.0,0.0,0.0,0.0,0.0,0.0,0.0,0.0,0.0,0.0,1.0,0.0
12/14/2023,27.0,128.0,1.0,18.0,0.0,0.0,4829.0,1.0,0.0,1.0,1.0,431.0,0.0,1.0,2.0,0.0,1.0,0.0,2.0,0.0,1.0,0.0,1.0,0.0,0.0,0.0,1.0,0.0,0.0,0.0,0.0,0.0,0.0,0.0,0.0,0.0,0.0,0.0,0.0,0.0,0.0,0.0,0.0,1.0,0.0
03/27/2023,52.0,84.0,1.0,17.0,0.0,0.0,5999.0,1.0,0.0,1.0,1.0,550.0,0.0,0.0,5.0,1.0,1.0,0.0,0.0,1.0,0.0,0.0,0.0,1.0,0.0,0.0,0.0,1.0,0.0,0.0,0.0,0.0,0.0,0.0,0.0,0.0,0.0,0.0,0.0,0.0,0.0,0.0,0.0,1.0,0.0
03/24/2023,23.0,47.0,1.0,16.0,0.0,0.0,4829.0,1.0,0.0,1.0,1.0,128.0,0.0,0.0,1.0,0.0,0.0,0.0,0.0,0.0,1.0,0.0,0.0,0.0,0.0,0.0,0.0,0.0,1.0,0.0,0.0,0.0,0.0,0.0,0.0,0.0,0.0,0.0,0.0,1.0,0.0,0.0,0.0,0.0,0.0
08/21/2023,69.0,99.0,1.0,16.0,0.0,0.0,7299.0,1.0,0.0,1.0,1.0,69.0,0.0,1.0,1.0,0.0,0.0,0.0,2.0,0.0,1.0,0.0,1.0,0.0,0.0,0.0,0.0,1.0,0.0,0.0,0.0,0.0,0.0,0.0,0.0,0.0,0.0,0.0,0.0,0.0,0.0,0.0,0.0,1.0,0.0
02/28/2023,44.0,159.0,1.0,17.0,0.0,0.0,5921.0,1.0,0.0,1.0,1.0,64.0,0.0,0.0,1.0,0.0,0.0,0.0,0.0,1.0,0.0,0.0,0.0,1.0,0.0,0.0,1.0,0.0,0.0,0.0,0.0,0.0,0.0,0.0,0.0,0.0,0.0,0.0,0.0,0.0,0.0,0.0,0.0,1.0,0.0
07/31/2023,76.0,43.0,3.0,16.0,0.0,0.0,4111.0,0.0,0.0,1.0,1.0,625.0,0.0,0.0,1.0,0.0,0.0,0.0,0.0,1.0,0.0,0.0,0.0,1.0,0.0,0.0,0.0,1.0,0.0,0.0,1.0,0.0,0.0,0.0,0.0,0.0,0.0,0.0,0.0,0.0,0.0,0.0,0.0,1.0,0.0
12/04/2023,23.0,79.0,1.0,17.0,0.0,0.0,4121.0,0.0,0.0,1.0,1.0,204.0,0.0,0.0,1.0,0.0,0.0,0.0,0.0,0.0,1.0,0.0,1.0,0.0,0.0,0.0,0.0,0.0,1.0,0.0,1.0,0.0,0.0,0.0,0.0,0.0,0.0,0.0,1.0,0.0,0.0,0.0,0.0,0.0,0.0
03/10/2023,73.0,152.0,1.0,16.0,0.0,0.0,4111.0,0.0,0.0,1.0,1.0,235.0,0.0,0.0,1.0,0.0,0.0,0.0,0.0,0.0,1.0,0.0,1.0,0.0,0.0,0.0,0.0,1.0,0.0,0.0,1.0,0.0,0.0,0.0,0.0,0.0,0.0,0.0,0.0,0.0,0.0,0.0,0.0,1.0,0.0
03/20/2023,30.0,34.0,1.0,17.0,0.0,0.0,5732.0,0.0,1.0,1.0,1.0,366.0,0.0,0.0,1.0,0.0,0.0,1.0,2.0,0.0,1.0,0.0,0.0,1.0,0.0,1.0,0.0,0.0,0.0,0.0,0.0,1.0,0.0,0.0,0.0,0.0,0.0,0.0,0.0,0.0,0.0,0.0,0.0,1.0,0.0
11/27/2023,50.0,109.0,1.0,16.0,0.0,0.0,5921.0,1.0,0.0,1.0,1.0,129.0,0.0,1.0,1.0,0.0,0.0,0.0,2.0,1.0,0.0,0.0,0.0,1.0,0.0,1.0,0.0,0.0,0.0,0.0,0.0,0.0,0.0,0.0,0.0,0.0,0.0,0.0,0.0,0.0,0.0,0.0,0.0,1.0,0.0
07/21/2023,66.0,96.0,1.0,16.0,0.0,0.0,4111.0,0.0,0.0,1.0,1.0,285.0,0.0,1.0,1.0,0.0,0.0,0.0,0.0,1.0,0.0,0.0,0.0,1.0,0.0,0.0,0.0,1.0,0.0,0.0,1.0,0.0,0.0,0.0,0.0,0.0,0.0,0.0,0.0,0.0,0.0,0.0,0.0,1.0,0.0
10/17/2023,29.0,72.0,1.0,18.0,0.0,0.0,5944.0,0.0,1.0,1.0,1.0,146.0,0.0,0.0,1.0,0.0,0.0,0.0,0.0,0.0,1.0,0.0,0.0,1.0,0.0,1.0,0.0,0.0,0.0,0.0,0.0,1.0,0.0,0.0,0.0,0.0,0.0,0.0,0.0,0.0,0.0,0.0,0.0,1.0,0.0
09/18/2023,58.0,164.0,1.0,16.0,0.0,0.0,7995.0,1.0,0.0,1.0,1.0,61.0,0.0,0.0,1.0,0.0,0.0,0.0,0.0,0.0,1.0,0.0,1.0,0.0,0.0,1.0,0.0,0.0,0.0,0.0,0.0,0.0,0.0,0.0,0.0,0.0,0.0,0.0,0.0,0.0,0.0,0.0,0.0,1.0,0.0
03/03/2023,25.0,37.0,1.0,16.0,0.0,0.0,5732.0,0.0,1.0,1.0,1.0,917.0,0.0,0.0,1.0,0.0,0.0,0.0,0.0,0.0,1.0,0.0,0.0,0.0,0.0,0.0,0.0,0.0,1.0,0.0,0.0,1.0,0.0,0.0,0.0,0.0,0.0,0.0,0.0,0.0,0.0,0.0,0.0,1.0,0.0
05/22/2023,26.0,136.0,1.0,18.0,0.0,0.0,4121.0,0.0,0.0,1.0,1.0,167.0,0.0,0.0,1.0,0.0,0.0,0.0,0.0,0.0,1.0,0.0,0.0,0.0,0.0,0.0,1.0,0.0,0.0,0.0,1.0,0.0,0.0,0.0,0.0,0.0,0.0,0.0,0.0,0.0,0.0,0.0,0.0,1.0,0.0
09/04/2023,55.0,67.0,1.0,17.0,0.0,0.0,5734.0,0.0,1.0,1.0,1.0,1065.0,0.0,0.0,1.0,0.0,0.0,0.0,0.0,0.0,1.0,0.0,0.0,0.0,0.0,0.0,0.0,1.0,0.0,0.0,0.0,1.0,0.0,0.0,0.0,0.0,0.0,0.0,0.0,0.0,0.0,0.0,0.0,1.0,0.0
09/13/2023,23.0,196.0,1.0,18.0,0.0,0.0,4111.0,0.0,0.0,1.0,1.0,59.0,1.0,1.0,1.0,0.0,0.0,0.0,0.0,1.0,0.0,0.0,1.0,0.0,0.0,0.0,0.0,0.0,1.0,0.0,1.0,0.0,0.0,0.0,0.0,1.0,0.0,0.0,0.0,0.0,0.0,0.0,0.0,0.0,0.0
08/16/2023,20.0,159.0,1.0,17.0,0.0,0.0,7995.0,1.0,0.0,1.0,1.0,360.0,0.0,1.0,1.0,0.0,0.0,1.0,2.0,0.0,1.0,0.0,0.0,1.0,0.0,0.0,0.0,0.0,1.0,0.0,0.0,0.0,0.0,0.0,0.0,0.0,0.0,0.0,0.0,0.0,0.0,0.0,0.0,1.0,0.0
01/11/2023,70.0,140.0,1.0,18.0,0.0,0.0,7995.0,1.0,0.0,1.0,1.0,424.0,0.0,0.0,2.0,0.0,1.0,0.0,1.0,0.0,1.0,0.0,0.0,0.0,0.0,0.0,0.0,1.0,0.0,0.0,0.0,0.0,0.0,0.0,0.0,0.0,0.0,0.0,0.0,0.0,0.0,0.0,0.0,1.0,0.0
05/19/2023,70.0,89.0,1.0,16.0,0.0,0.0,5411.0,0.0,0.0,1.0,1.0,454.0,0.0,0.0,1.0,0.0,0.0,0.0,0.0,0.0,1.0,0.0,0.0,1.0,0.0,1.0,0.0,0.0,0.0,0.0,1.0,0.0,0.0,0.0,0.0,0.0,0.0,0.0,0.0,0.0,0.0,0.0,0.0,1.0,0.0
05/19/2023,24.0,35.0,1.0,16.0,0.0,0.0,5814.0,0.0,0.0,1.0,1.0,606.0,0.0,0.0,1.0,0.0,0.0,0.0,0.0,0.0,1.0,0.0,0.0,0.0,0.0,0.0,0.0,0.0,1.0,0.0,1.0,0.0,0.0,0.0,0.0,0.0,0.0,0.0,0.0,0.0,0.0,0.0,0.0,1.0,0.0
01/24/2023,44.0,197.0,1.0,16.0,0.0,0.0,4121.0,0.0,0.0,1.0,1.0,241.0,0.0,0.0,1.0,0.0,0.0,0.0,0.0,0.0,1.0,0.0,0.0,1.0,0.0,1.0,0.0,0.0,0.0,0.0,1.0,0.0,0.0,0.0,0.0,0.0,0.0,0.0,0.0,0.0,0.0,0.0,0.0,1.0,0.0
07/24/2023,74.0,72.0,1.0,17.0,0.0,0.0,5732.0,0.0,1.0,1.0,1.0,312.0,0.0,0.0,1.0,0.0,0.0,0.0,0.0,0.0,1.0,0.0,0.0,0.0,0.0,0.0,0.0,1.0,0.0,0.0,0.0,1.0,0.0,0.0,0.0,0.0,0.0,0.0,0.0,0.0,0.0,0.0,0.0,1.0,0.0
11/13/2023,32.0,103.0,1.0,16.0,0.0,0.0,4121.0,0.0,0.0,1.0,1.0,867.0,0.0,0.0,5.0,1.0,1.0,0.0,0.0,1.0,0.0,0.0,1.0,0.0,0.0,0.0,1.0,0.0,0.0,0.0,1.0,0.0,0.0,0.0,0.0,0.0,0.0,0.0,0.0,0.0,0.0,0.0,0.0,1.0,0.0
06/01/2023,42.0,246.0,1.0,16.0,0.0,0.0,5734.0,0.0,1.0,1.0,1.0,269.0,0.0,0.0,1.0,0.0,0.0,0.0,0.0,0.0,1.0,0.0,0.0,0.0,0.0,0.0,1.0,0.0,0.0,0.0,0.0,1.0,0.0,0.0,0.0,0.0,0.0,0.0,0.0,0.0,0.0,0.0,0.0,1.0,0.0
11/27/2023,65.0,279.0,1.0,18.0,0.0,0.0,5732.0,0.0,1.0,1.0,1.0,325.0,0.0,1.0,4.0,1.0,1.0,0.0,0.0,0.0,1.0,0.0,0.0,0.0,0.0,0.0,0.0,1.0,0.0,0.0,0.0,1.0,0.0,0.0,0.0,0.0,0.0,0.0,0.0,0.0,0.0,0.0,0.0,1.0,0.0
06/29/2023,20.0,109.0,1.0,16.0,0.0,0.0,4829.0,1.0,0.0,1.0,1.0,235.0,0.0,1.0,4.0,1.0,1.0,0.0,2.0,0.0,1.0,0.0,0.0,0.0,0.0,0.0,0.0,0.0,1.0,0.0,0.0,0.0,0.0,0.0,0.0,0.0,0.0,0.0,0.0,0.0,0.0,0.0,0.0,1.0,0.0
02/13/2023,57.0,147.0,1.0,17.0,0.0,0.0,4111.0,0.0,0.0,1.0,1.0,295.0,0.0,0.0,1.0,0.0,0.0,0.0,0.0,0.0,1.0,0.0,0.0,1.0,0.0,0.0,0.0,1.0,0.0,0.0,1.0,0.0,0.0,0.0,0.0,0.0,0.0,0.0,0.0,0.0,0.0,0.0,0.0,1.0,0.0
08/14/2023,18.0,292.0,1.0,16.0,0.0,0.0,7299.0,1.0,0.0,1.0,1.0,187.0,0.0,0.0,1.0,0.0,0.0,0.0,0.0,0.0,1.0,0.0,1.0,0.0,0.0,0.0,0.0,0.0,1.0,0.0,0.0,0.0,0.0,0.0,0.0,0.0,0.0,0.0,0.0,0.0,0.0,0.0,0.0,1.0,0.0
01/09/2023,23.0,200.0,1.0,17.0,0.0,0.0,4111.0,0.0,0.0,1.0,1.0,190.0,0.0,0.0,1.0,0.0,0.0,0.0,0.0,0.0,1.0,0.0,1.0,0.0,0.0,0.0,0.0,0.0,1.0,0.0,1.0,0.0,0.0,0.0,0.0,0.0,0.0,0.0,0.0,0.0,0.0,0.0,0.0,1.0,0.0
07/26/2023,21.0,131.0,1.0,16.0,0.0,0.0,4121.0,0.0,0.0,1.0,1.0,146.0,0.0,0.0,1.0,0.0,0.0,0.0,0.0,0.0,1.0,0.0,0.0,1.0,0.0,0.0,0.0,0.0,1.0,0.0,1.0,0.0,0.0,0.0,0.0,0.0,0.0,0.0,0.0,0.0,0.0,0.0,0.0,1.0,0.0
07/18/2023,24.0,71.0,1.0,17.0,0.0,0.0,5999.0,1.0,0.0,1.0,1.0,427.0,0.0,0.0,1.0,0.0,0.0,0.0,0.0,1.0,0.0,0.0,1.0,0.0,0.0,0.0,0.0,0.0,1.0,0.0,0.0,0.0,0.0,0.0,0.0,0.0,0.0,0.0,0.0,0.0,0.0,0.0,0.0,1.0,0.0
01/09/2023,26.0,66.0,1.0,16.0,0.0,0.0,5411.0,0.0,0.0,1.0,1.0,285.0,0.0,0.0,1.0,0.0,0.0,0.0,0.0,1.0,0.0,0.0,0.0,1.0,0.0,0.0,0.0,0.0,1.0,0.0,1.0,0.0,0.0,0.0,0.0,0.0,0.0,0.0,0.0,0.0,0.0,0.0,0.0,1.0,0.0
12/05/2023,54.0,137.0,3.0,16.0,0.0,0.0,7995.0,1.0,0.0,1.0,1.0,205.0,0.0,1.0,1.0,0.0,0.0,0.0,2.0,1.0,0.0,0.0,0.0,0.0,0.0,0.0,1.0,0.0,0.0,0.0,0.0,0.0,0.0,0.0,1.0,0.0,0.0,0.0,0.0,0.0,0.0,0.0,0.0,0.0,0.0
03/13/2023,58.0,95.0,1.0,17.0,0.0,0.0,4121.0,0.0,0.0,1.0,1.0,170.0,0.0,0.0,1.0,0.0,0.0,0.0,0.0,0.0,1.0,0.0,1.0,0.0,0.0,0.0,0.0,1.0,0.0,0.0,1.0,0.0,0.0,0.0,0.0,0.0,0.0,0.0,0.0,0.0,0.0,0.0,0.0,1.0,0.0
01/06/2023,60.0,239.0,1.0,17.0,0.0,0.0,5812.0,0.0,0.0,1.0,1.0,360.0,0.0,0.0,1.0,0.0,0.0,0.0,0.0,0.0,1.0,0.0,0.0,0.0,0.0,1.0,0.0,0.0,0.0,0.0,1.0,0.0,0.0,0.0,0.0,0.0,0.0,0.0,0.0,0.0,0.0,0.0,0.0,1.0,0.0
09/22/2023,26.0,16.0,1.0,17.0,0.0,0.0,5732.0,0.0,1.0,1.0,1.0,1125.0,0.0,1.0,4.0,1.0,1.0,0.0,0.0,0.0,1.0,0.0,1.0,0.0,0.0,0.0,0.0,0.0,1.0,0.0,0.0,1.0,0.0,0.0,0.0,0.0,0.0,0.0,0.0,0.0,0.0,0.0,0.0,1.0,0.0
01/11/2023,69.0,280.0,2.0,16.0,0.0,0.0,5814.0,0.0,0.0,1.0,1.0,313.0,0.0,0.0,1.0,0.0,0.0,0.0,0.0,0.0,1.0,0.0,1.0,0.0,0.0,1.0,0.0,0.0,0.0,0.0,1.0,0.0,0.0,0.0,0.0,0.0,0.0,0.0,0.0,0.0,0.0,0.0,0.0,1.0,0.0
10/31/2023,51.0,95.0,1.0,16.0,0.0,0.0,5814.0,0.0,0.0,1.0,1.0,158.0,0.0,1.0,1.0,0.0,0.0,0.0,0.0,0.0,1.0,0.0,1.0,0.0,0.0,0.0,1.0,0.0,0.0,0.0,1.0,0.0,0.0,0.0,0.0,0.0,0.0,0.0,0.0,0.0,0.0,0.0,0.0,1.0,0.0
11/09/2023,23.0,136.0,1.0,16.0,0.0,0.0,5814.0,0.0,0.0,1.0,1.0,347.0,0.0,1.0,3.0,1.0,1.0,0.0,0.0,0.0,1.0,0.0,1.0,0.0,0.0,0.0,0.0,0.0,1.0,0.0,1.0,0.0,0.0,0.0,0.0,0.0,0.0,0.0,0.0,0.0,0.0,0.0,0.0,1.0,0.0
12/11/2023,57.0,168.0,1.0,16.0,0.0,0.0,5944.0,0.0,1.0,1.0,1.0,149.0,0.0,1.0,2.0,0.0,1.0,0.0,0.0,0.0,1.0,0.0,1.0,0.0,0.0,1.0,0.0,0.0,0.0,0.0,0.0,1.0,0.0,0.0,0.0,0.0,0.0,0.0,0.0,0.0,0.0,0.0,0.0,1.0,0.0
03/27/2023,47.0,77.0,1.0,16.0,0.0,0.0,5411.0,0.0,0.0,1.0,1.0,434.0,0.0,0.0,1.0,0.0,0.0,0.0,0.0,0.0,1.0,0.0,0.0,0.0,0.0,1.0,0.0,0.0,0.0,0.0,1.0,0.0,0.0,0.0,0.0,0.0,0.0,0.0,0.0,0.0,0.0,0.0,0.0,1.0,0.0
11/10/2023,46.0,26.0,1.0,18.0,0.0,0.0,5999.0,1.0,0.0,1.0,1.0,290.0,0.0,0.0,1.0,0.0,0.0,0.0,0.0,1.0,0.0,0.0,0.0,0.0,0.0,1.0,0.0,0.0,0.0,0.0,0.0,0.0,0.0,0.0,0.0,0.0,0.0,0.0,0.0,0.0,0.0,0.0,0.0,1.0,0.0
08/01/2023,78.0,68.0,1.0,17.0,0.0,0.0,5921.0,1.0,0.0,1.0,1.0,92.0,0.0,0.0,1.0,0.0,0.0,0.0,2.0,1.0,0.0,0.0,1.0,0.0,0.0,0.0,0.0,1.0,0.0,0.0,0.0,0.0,0.0,0.0,0.0,0.0,0.0,0.0,0.0,0.0,0.0,0.0,0.0,1.0,0.0
07/26/2023,34.0,172.0,1.0,17.0,0.0,0.0,5411.0,0.0,0.0,1.0,1.0,307.0,0.0,0.0,2.0,0.0,1.0,0.0,0.0,0.0,1.0,0.0,1.0,0.0,0.0,0.0,1.0,0.0,0.0,0.0,1.0,0.0,0.0,0.0,0.0,0.0,0.0,0.0,0.0,0.0,0.0,0.0,0.0,1.0,0.0
01/30/2023,26.0,134.0,1.0,16.0,0.0,0.0,5734.0,0.0,1.0,1.0,1.0,285.0,0.0,0.0,3.0,1.0,1.0,0.0,1.0,1.0,0.0,0.0,1.0,0.0,0.0,0.0,1.0,0.0,0.0,0.0,0.0,1.0,0.0,0.0,0.0,0.0,0.0,0.0,0.0,0.0,0.0,0.0,0.0,1.0,0.0
10/30/2023,73.0,143.0,1.0,17.0,0.0,0.0,7299.0,1.0,0.0,1.0,1.0,650.0,0.0,1.0,1.0,0.0,0.0,0.0,2.0,0.0,1.0,0.0,1.0,0.0,0.0,0.0,0.0,1.0,0.0,0.0,0.0,0.0,0.0,0.0,0.0,0.0,0.0,0.0,0.0,0.0,0.0,0.0,0.0,1.0,0.0
08/07/2023,25.0,263.0,1.0,17.0,0.0,0.0,5812.0,0.0,0.0,1.0,1.0,787.0,0.0,0.0,1.0,0.0,0.0,0.0,0.0,0.0,1.0,0.0,0.0,0.0,0.0,0.0,0.0,0.0,1.0,0.0,1.0,0.0,0.0,0.0,0.0,0.0,0.0,0.0,0.0,0.0,0.0,0.0,0.0,1.0,0.0
04/11/2023,53.0,281.0,1.0,17.0,0.0,0.0,4111.0,0.0,0.0,1.0,1.0,427.0,0.0,0.0,1.0,0.0,0.0,0.0,0.0,1.0,0.0,0.0,1.0,0.0,0.0,1.0,0.0,0.0,0.0,0.0,1.0,0.0,0.0,0.0,0.0,0.0,0.0,0.0,0.0,0.0,0.0,0.0,0.0,1.0,0.0
01/03/2023,20.0,179.0,1.0,17.0,0.0,0.0,5944.0,0.0,1.0,1.0,1.0,258.0,0.0,0.0,1.0,0.0,0.0,0.0,0.0,0.0,1.0,0.0,0.0,1.0,0.0,0.0,0.0,0.0,1.0,0.0,0.0,1.0,0.0,0.0,0.0,0.0,0.0,0.0,0.0,0.0,0.0,0.0,0.0,1.0,0.0
06/08/2023,58.0,248.0,3.0,16.0,0.0,0.0,5732.0,0.0,1.0,1.0,1.0,69.0,0.0,1.0,1.0,0.0,0.0,0.0,0.0,0.0,1.0,0.0,0.0,1.0,0.0,0.0,0.0,1.0,0.0,0.0,0.0,1.0,0.0,0.0,0.0,0.0,0.0,0.0,0.0,0.0,0.0,0.0,0.0,1.0,0.0
07/31/2023,32.0,52.0,1.0,16.0,0.0,0.0,5411.0,0.0,0.0,1.0,1.0,190.0,0.0,1.0,1.0,0.0,0.0,0.0,0.0,0.0,1.0,0.0,1.0,0.0,0.0,1.0,0.0,0.0,0.0,0.0,1.0,0.0,0.0,0.0,0.0,0.0,0.0,0.0,0.0,0.0,0.0,0.0,0.0,1.0,0.0
04/24/2023,26.0,40.0,1.0,17.0,0.0,0.0,7995.0,1.0,0.0,1.0,1.0,365.0,0.0,0.0,1.0,0.0,0.0,0.0,0.0,1.0,0.0,0.0,1.0,0.0,0.0,0.0,0.0,0.0,1.0,0.0,0.0,0.0,0.0,0.0,0.0,0.0,0.0,0.0,0.0,0.0,1.0,0.0,0.0,0.0,0.0
04/19/2023,29.0,118.0,1.0,16.0,0.0,0.0,4121.0,0.0,0.0,1.0,1.0,56.0,1.0,0.0,1.0,0.0,0.0,0.0,0.0,0.0,1.0,0.0,1.0,0.0,0.0,0.0,1.0,0.0,0.0,0.0,1.0,0.0,0.0,0.0,0.0,0.0,0.0,0.0,0.0,0.0,0.0,0.0,0.0,1.0,0.0
12/20/2023,60.0,173.0,1.0,18.0,0.0,0.0,5732.0,0.0,1.0,1.0,1.0,673.0,0.0,0.0,1.0,0.0,0.0,0.0,0.0,0.0,1.0,0.0,1.0,0.0,0.0,1.0,0.0,0.0,0.0,0.0,0.0,1.0,0.0,0.0,0.0,0.0,0.0,0.0,0.0,0.0,0.0,0.0,0.0,1.0,0.0
07/03/2023,55.0,29.0,1.0,16.0,0.0,0.0,5732.0,0.0,1.0,1.0,1.0,1858.0,0.0,0.0,1.0,0.0,0.0,0.0,0.0,0.0,1.0,0.0,0.0,0.0,0.0,0.0,1.0,0.0,0.0,0.0,0.0,1.0,0.0,0.0,0.0,0.0,0.0,0.0,0.0,0.0,0.0,0.0,0.0,1.0,0.0
07/25/2023,60.0,47.0,1.0,18.0,0.0,0.0,5812.0,0.0,0.0,1.0,1.0,204.0,0.0,1.0,1.0,0.0,0.0,0.0,0.0,0.0,1.0,0.0,0.0,0.0,0.0,0.0,1.0,0.0,0.0,0.0,1.0,0.0,0.0,0.0,0.0,0.0,0.0,0.0,0.0,0.0,0.0,0.0,0.0,1.0,0.0
03/27/2023,31.0,17.0,1.0,16.0,0.0,0.0,5944.0,0.0,1.0,1.0,1.0,285.0,0.0,0.0,3.0,1.0,1.0,0.0,0.0,0.0,1.0,0.0,1.0,0.0,0.0,1.0,0.0,0.0,0.0,0.0,0.0,1.0,0.0,0.0,0.0,0.0,0.0,0.0,0.0,0.0,0.0,0.0,0.0,1.0,0.0
08/10/2023,25.0,144.0,1.0,16.0,0.0,0.0,5734.0,0.0,1.0,1.0,1.0,138.0,0.0,0.0,3.0,1.0,1.0,0.0,0.0,0.0,1.0,0.0,0.0,1.0,0.0,0.0,0.0,0.0,1.0,0.0,0.0,1.0,0.0,0.0,0.0,0.0,0.0,0.0,0.0,0.0,0.0,0.0,0.0,1.0,0.0
09/25/2023,27.0,109.0,1.0,17.0,0.0,0.0,4829.0,1.0,0.0,1.0,1.0,223.0,0.0,0.0,5.0,1.0,1.0,1.0,2.0,1.0,0.0,0.0,0.0,1.0,0.0,0.0,0.0,0.0,1.0,0.0,0.0,0.0,0.0,0.0,0.0,0.0,0.0,0.0,0.0,1.0,0.0,0.0,0.0,0.0,0.0
10/12/2023,65.0,205.0,1.0,16.0,0.0,0.0,4111.0,0.0,0.0,1.0,1.0,285.0,0.0,0.0,1.0,0.0,0.0,0.0,0.0,1.0,0.0,0.0,0.0,1.0,0.0,1.0,0.0,0.0,0.0,0.0,1.0,0.0,0.0,0.0,0.0,0.0,0.0,0.0,0.0,0.0,0.0,0.0,0.0,1.0,0.0
02/27/2023,46.0,175.0,1.0,16.0,0.0,0.0,5814.0,0.0,0.0,1.0,1.0,917.0,0.0,0.0,1.0,0.0,0.0,0.0,0.0,0.0,1.0,0.0,0.0,0.0,0.0,0.0,1.0,0.0,0.0,0.0,1.0,0.0,0.0,0.0,0.0,0.0,0.0,0.0,0.0,0.0,0.0,0.0,0.0,1.0,0.0
09/13/2023,80.0,27.0,1.0,16.0,0.0,0.0,5814.0,0.0,0.0,1.0,1.0,307.0,0.0,1.0,2.0,0.0,1.0,0.0,0.0,0.0,1.0,0.0,0.0,0.0,0.0,0.0,0.0,1.0,0.0,0.0,1.0,0.0,0.0,0.0,0.0,0.0,0.0,0.0,0.0,0.0,0.0,0.0,0.0,1.0,0.0
03/22/2023,51.0,137.0,1.0,16.0,0.0,0.0,4829.0,1.0,0.0,1.0,1.0,801.0,0.0,0.0,4.0,1.0,1.0,0.0,1.0,0.0,1.0,0.0,1.0,0.0,0.0,0.0,0.0,1.0,0.0,0.0,0.0,0.0,0.0,0.0,0.0,0.0,0.0,0.0,0.0,0.0,0.0,0.0,0.0,1.0,0.0
08/21/2023,23.0,52.0,1.0,17.0,0.0,0.0,7299.0,1.0,0.0,1.0,1.0,427.0,0.0,0.0,1.0,0.0,0.0,0.0,0.0,1.0,0.0,0.0,0.0,0.0,0.0,0.0,0.0,0.0,1.0,0.0,0.0,0.0,0.0,0.0,0.0,0.0,0.0,0.0,0.0,0.0,0.0,0.0,0.0,1.0,0.0
04/05/2023,68.0,237.0,1.0,16.0,0.0,0.0,4121.0,0.0,0.0,1.0,1.0,32.0,1.0,0.0,1.0,0.0,0.0,0.0,0.0,0.0,1.0,0.0,0.0,0.0,0.0,0.0,0.0,1.0,0.0,0.0,1.0,0.0,0.0,0.0,0.0,0.0,0.0,0.0,0.0,0.0,0.0,0.0,0.0,1.0,0.0
05/01/2023,64.0,15.0,1.0,16.0,0.0,0.0,4111.0,0.0,0.0,1.0,1.0,395.0,0.0,0.0,1.0,0.0,0.0,0.0,0.0,0.0,1.0,0.0,0.0,0.0,0.0,1.0,0.0,0.0,0.0,0.0,1.0,0.0,0.0,1.0,0.0,0.0,0.0,0.0,0.0,0.0,0.0,0.0,0.0,0.0,0.0
06/28/2023,39.0,88.0,1.0,16.0,0.0,0.0,4829.0,1.0,0.0,1.0,1.0,256.0,0.0,0.0,1.0,0.0,0.0,0.0,0.0,0.0,1.0,0.0,0.0,1.0,0.0,1.0,0.0,0.0,0.0,0.0,0.0,0.0,0.0,0.0,0.0,0.0,0.0,0.0,0.0,0.0,0.0,0.0,0.0,1.0,0.0
08/29/2023,36.0,169.0,1.0,17.0,0.0,0.0,5812.0,0.0,0.0,1.0,1.0,482.0,0.0,1.0,1.0,0.0,0.0,1.0,2.0,0.0,1.0,0.0,0.0,1.0,0.0,0.0,1.0,0.0,0.0,0.0,1.0,0.0,0.0,0.0,0.0,0.0,0.0,0.0,0.0,0.0,0.0,0.0,0.0,1.0,0.0
04/17/2023,33.0,72.0,1.0,16.0,0.0,0.0,4829.0,1.0,0.0,1.0,1.0,423.0,0.0,0.0,1.0,0.0,0.0,0.0,0.0,0.0,1.0,0.0,0.0,0.0,0.0,0.0,1.0,0.0,0.0,0.0,0.0,0.0,0.0,0.0,0.0,0.0,0.0,0.0,0.0,0.0,0.0,0.0,0.0,1.0,0.0
01/23/2023,63.0,87.0,1.0,16.0,0.0,0.0,5734.0,0.0,1.0,1.0,1.0,191.0,0.0,0.0,1.0,0.0,0.0,0.0,0.0,0.0,1.0,0.0,0.0,0.0,0.0,0.0,0.0,1.0,0.0,0.0,0.0,1.0,0.0,0.0,0.0,0.0,0.0,0.0,0.0,0.0,0.0,0.0,0.0,1.0,0.0
11/30/2023,21.0,93.0,1.0,16.0,0.0,0.0,5734.0,0.0,1.0,1.0,1.0,170.0,0.0,1.0,1.0,0.0,0.0,0.0,0.0,0.0,1.0,0.0,0.0,1.0,0.0,0.0,0.0,0.0,1.0,0.0,0.0,1.0,0.0,0.0,0.0,0.0,0.0,0.0,0.0,0.0,0.0,0.0,0.0,1.0,0.0
02/27/2023,30.0,80.0,1.0,16.0,0.0,0.0,7995.0,1.0,0.0,1.0,1.0,403.0,0.0,0.0,4.0,1.0,1.0,0.0,1.0,0.0,1.0,0.0,0.0,1.0,0.0,1.0,0.0,0.0,0.0,0.0,0.0,0.0,0.0,0.0,0.0,0.0,0.0,0.0,1.0,0.0,0.0,0.0,0.0,0.0,0.0
02/09/2023,76.0,63.0,1.0,16.0,0.0,0.0,7299.0,1.0,0.0,1.0,1.0,579.0,0.0,0.0,1.0,0.0,0.0,0.0,0.0,0.0,1.0,0.0,1.0,0.0,0.0,0.0,0.0,1.0,0.0,0.0,0.0,0.0,0.0,0.0,0.0,0.0,0.0,0.0,0.0,0.0,0.0,0.0,0.0,1.0,0.0
08/17/2023,28.0,41.0,1.0,16.0,0.0,0.0,5732.0,0.0,1.0,1.0,1.0,421.0,0.0,0.0,1.0,0.0,0.0,0.0,0.0,0.0,1.0,0.0,0.0,1.0,0.0,0.0,0.0,0.0,1.0,0.0,0.0,1.0,0.0,0.0,0.0,0.0,0.0,0.0,0.0,0.0,0.0,0.0,0.0,1.0,0.0
06/26/2023,26.0,171.0,1.0,18.0,0.0,0.0,5734.0,0.0,1.0,1.0,1.0,609.0,0.0,0.0,1.0,0.0,0.0,0.0,0.0,0.0,1.0,0.0,0.0,0.0,0.0,0.0,0.0,0.0,1.0,0.0,0.0,1.0,0.0,0.0,0.0,0.0,0.0,0.0,0.0,0.0,0.0,0.0,0.0,1.0,0.0
06/14/2023,51.0,116.0,1.0,17.0,0.0,0.0,5734.0,0.0,1.0,1.0,1.0,451.0,0.0,0.0,1.0,0.0,0.0,0.0,0.0,1.0,0.0,0.0,1.0,0.0,0.0,1.0,0.0,0.0,0.0,0.0,0.0,1.0,0.0,0.0,0.0,0.0,0.0,0.0,0.0,0.0,0.0,0.0,0.0,1.0,0.0
01/20/2023,52.0,215.0,1.0,16.0,0.0,0.0,5734.0,0.0,1.0,1.0,1.0,537.0,0.0,0.0,1.0,0.0,0.0,0.0,0.0,0.0,1.0,0.0,0.0,1.0,0.0,0.0,0.0,1.0,0.0,0.0,0.0,1.0,0.0,0.0,0.0,0.0,0.0,0.0,0.0,0.0,0.0,0.0,0.0,1.0,0.0
08/23/2023,49.0,73.0,1.0,16.0,0.0,0.0,5411.0,0.0,0.0,1.0,1.0,102.0,0.0,1.0,1.0,0.0,0.0,1.0,2.0,0.0,1.0,0.0,0.0,1.0,0.0,0.0,1.0,0.0,0.0,0.0,1.0,0.0,0.0,0.0,0.0,0.0,0.0,0.0,0.0,0.0,0.0,0.0,0.0,1.0,0.0
11/27/2023,61.0,122.0,1.0,17.0,0.0,0.0,4111.0,0.0,0.0,1.0,1.0,201.0,0.0,1.0,1.0,0.0,0.0,0.0,0.0,1.0,0.0,0.0,1.0,0.0,0.0,0.0,0.0,1.0,0.0,0.0,1.0,0.0,0.0,0.0,0.0,0.0,0.0,0.0,0.0,0.0,0.0,0.0,0.0,1.0,0.0
01/01/2024,68.0,63.0,1.0,16.0,0.0,0.0,4111.0,0.0,0.0,1.0,1.0,319.0,0.0,1.0,1.0,0.0,0.0,0.0,0.0,1.0,0.0,0.0,0.0,1.0,0.0,1.0,0.0,0.0,0.0,0.0,1.0,0.0,0.0,0.0,0.0,0.0,0.0,0.0,0.0,0.0,0.0,0.0,0.0,1.0,0.0
05/29/2023,62.0,75.0,1.0,17.0,0.0,0.0,5944.0,0.0,1.0,1.0,1.0,312.0,0.0,0.0,1.0,0.0,0.0,0.0,0.0,0.0,1.0,0.0,0.0,1.0,0.0,0.0,0.0,1.0,0.0,0.0,0.0,1.0,0.0,0.0,0.0,0.0,0.0,0.0,0.0,0.0,0.0,0.0,0.0,1.0,0.0
03/06/2023,66.0,63.0,1.0,16.0,0.0,0.0,4121.0,0.0,0.0,1.0,1.0,292.0,0.0,0.0,2.0,0.0,1.0,0.0,0.0,0.0,1.0,0.0,1.0,0.0,0.0,1.0,0.0,0.0,0.0,0.0,1.0,0.0,0.0,0.0,0.0,0.0,0.0,0.0,0.0,0.0,0.0,0.0,0.0,1.0,0.0
10/20/2023,65.0,276.0,1.0,17.0,0.0,0.0,7995.0,1.0,0.0,1.0,1.0,438.0,0.0,1.0,1.0,0.0,0.0,0.0,2.0,1.0,0.0,0.0,0.0,1.0,0.0,0.0,0.0,1.0,0.0,0.0,0.0,0.0,0.0,0.0,0.0,0.0,0.0,0.0,0.0,0.0,0.0,0.0,0.0,1.0,0.0
07/17/2023,45.0,277.0,1.0,17.0,0.0,0.0,5411.0,0.0,0.0,1.0,1.0,542.0,0.0,0.0,1.0,0.0,0.0,0.0,0.0,1.0,0.0,0.0,0.0,1.0,0.0,1.0,0.0,0.0,0.0,0.0,1.0,0.0,0.0,0.0,0.0,0.0,0.0,0.0,0.0,0.0,0.0,0.0,0.0,1.0,0.0
07/17/2023,68.0,159.0,1.0,16.0,0.0,0.0,5732.0,0.0,1.0,1.0,1.0,828.0,0.0,1.0,1.0,0.0,0.0,0.0,2.0,0.0,1.0,0.0,0.0,0.0,0.0,0.0,0.0,1.0,0.0,0.0,0.0,1.0,0.0,0.0,0.0,0.0,0.0,0.0,0.0,0.0,0.0,0.0,0.0,1.0,0.0
07/26/2023,27.0,33.0,1.0,16.0,0.0,0.0,7995.0,1.0,0.0,1.0,1.0,606.0,0.0,1.0,1.0,0.0,0.0,0.0,2.0,0.0,1.0,0.0,1.0,0.0,0.0,0.0,0.0,0.0,1.0,0.0,0.0,0.0,0.0,0.0,0.0,0.0,0.0,0.0,0.0,0.0,0.0,0.0,0.0,1.0,0.0
02/02/2023,60.0,65.0,1.0,16.0,0.0,0.0,7299.0,1.0,0.0,1.0,1.0,438.0,0.0,0.0,2.0,0.0,1.0,0.0,1.0,0.0,1.0,0.0,1.0,0.0,0.0,0.0,1.0,0.0,0.0,0.0,0.0,0.0,0.0,0.0,0.0,0.0,0.0,0.0,0.0,0.0,0.0,1.0,0.0,0.0,0.0
09/22/2023,38.0,273.0,1.0,16.0,0.0,0.0,5311.0,0.0,0.0,1.0,1.0,320.0,0.0,0.0,1.0,0.0,0.0,1.0,0.0,0.0,1.0,0.0,0.0,1.0,0.0,0.0,1.0,0.0,0.0,0.0,1.0,0.0,0.0,0.0,0.0,0.0,0.0,0.0,0.0,0.0,0.0,0.0,0.0,1.0,0.0
02/28/2023,36.0,107.0,2.0,17.0,0.0,0.0,7995.0,1.0,0.0,1.0,1.0,201.0,0.0,0.0,1.0,0.0,0.0,1.0,3.0,0.0,1.0,0.0,0.0,0.0,0.0,1.0,0.0,0.0,0.0,0.0,0.0,0.0,0.0,0.0,0.0,0.0,0.0,0.0,0.0,0.0,0.0,0.0,0.0,1.0,0.0
03/02/2023,75.0,137.0,1.0,17.0,0.0,0.0,7995.0,1.0,0.0,1.0,1.0,1125.0,0.0,0.0,1.0,0.0,0.0,0.0,2.0,0.0,1.0,0.0,0.0,0.0,0.0,0.0,0.0,1.0,0.0,0.0,0.0,0.0,0.0,0.0,0.0,0.0,0.0,0.0,0.0,0.0,0.0,0.0,0.0,1.0,0.0
12/04/2023,64.0,221.0,1.0,16.0,0.0,0.0,5814.0,0.0,0.0,1.0,1.0,449.0,0.0,1.0,2.0,0.0,1.0,0.0,0.0,0.0,1.0,0.0,1.0,0.0,0.0,1.0,0.0,0.0,0.0,0.0,1.0,0.0,0.0,0.0,0.0,0.0,0.0,0.0,0.0,0.0,0.0,0.0,0.0,1.0,0.0
05/02/2023,27.0,138.0,1.0,16.0,0.0,0.0,5734.0,0.0,1.0,1.0,1.0,787.0,0.0,0.0,1.0,0.0,0.0,0.0,0.0,1.0,0.0,0.0,1.0,0.0,0.0,0.0,0.0,0.0,1.0,0.0,0.0,1.0,0.0,0.0,0.0,0.0,0.0,0.0,0.0,0.0,0.0,0.0,0.0,1.0,0.0
09/11/2023,68.0,35.0,1.0,16.0,0.0,0.0,5734.0,0.0,1.0,1.0,1.0,381.0,0.0,0.0,1.0,0.0,0.0,0.0,0.0,0.0,1.0,0.0,0.0,0.0,0.0,1.0,0.0,0.0,0.0,0.0,0.0,1.0,0.0,0.0,0.0,0.0,0.0,0.0,0.0,0.0,0.0,0.0,0.0,1.0,0.0
05/22/2023,22.0,255.0,1.0,16.0,0.0,0.0,5311.0,0.0,0.0,1.0,1.0,583.0,0.0,0.0,4.0,1.0,1.0,0.0,0.0,0.0,1.0,0.0,0.0,1.0,0.0,0.0,0.0,0.0,1.0,0.0,1.0,0.0,0.0,0.0,0.0,0.0,0.0,0.0,0.0,0.0,0.0,0.0,1.0,0.0,0.0
10/25/2023,26.0,187.0,1.0,16.0,0.0,0.0,7995.0,1.0,0.0,1.0,1.0,628.0,0.0,0.0,1.0,0.0,0.0,0.0,0.0,1.0,0.0,0.0,1.0,0.0,0.0,0.0,0.0,0.0,1.0,0.0,0.0,0.0,0.0,0.0,0.0,0.0,0.0,0.0,0.0,0.0,0.0,0.0,0.0,1.0,0.0
07/24/2023,18.0,164.0,1.0,16.0,0.0,0.0,4111.0,0.0,0.0,1.0,1.0,176.0,0.0,1.0,1.0,0.0,0.0,0.0,0.0,0.0,1.0,0.0,0.0,0.0,0.0,0.0,0.0,0.0,1.0,0.0,1.0,0.0,0.0,0.0,0.0,0.0,0.0,0.0,0.0,0.0,0.0,0.0,0.0,1.0,0.0
02/10/2023,54.0,123.0,1.0,16.0,0.0,0.0,4111.0,0.0,0.0,1.0,1.0,412.0,0.0,0.0,1.0,0.0,0.0,0.0,0.0,0.0,1.0,0.0,1.0,0.0,0.0,0.0,0.0,1.0,0.0,0.0,1.0,0.0,0.0,0.0,0.0,0.0,0.0,0.0,0.0,0.0,0.0,0.0,0.0,1.0,0.0
08/11/2023,38.0,93.0,1.0,18.0,0.0,0.0,7995.0,1.0,0.0,1.0,1.0,171.0,0.0,1.0,1.0,0.0,0.0,0.0,2.0,0.0,1.0,0.0,1.0,0.0,0.0,1.0,0.0,0.0,0.0,0.0,0.0,0.0,0.0,0.0,0.0,0.0,0.0,0.0,0.0,0.0,0.0,0.0,0.0,1.0,0.0
06/05/2023,58.0,147.0,1.0,17.0,0.0,0.0,5814.0,0.0,0.0,1.0,1.0,335.0,0.0,0.0,1.0,0.0,0.0,0.0,0.0,0.0,1.0,0.0,0.0,1.0,0.0,1.0,0.0,0.0,0.0,0.0,1.0,0.0,0.0,0.0,0.0,0.0,0.0,0.0,0.0,0.0,1.0,0.0,0.0,0.0,0.0
03/06/2023,49.0,38.0,1.0,18.0,0.0,0.0,5734.0,0.0,1.0,1.0,1.0,241.0,0.0,1.0,1.0,0.0,0.0,0.0,0.0,0.0,1.0,0.0,0.0,0.0,0.0,0.0,1.0,0.0,0.0,0.0,0.0,1.0,0.0,0.0,0.0,0.0,0.0,0.0,0.0,0.0,0.0,0.0,0.0,1.0,0.0
08/04/2023,39.0,136.0,1.0,17.0,0.0,0.0,5411.0,0.0,0.0,1.0,1.0,191.0,0.0,0.0,1.0,0.0,0.0,0.0,0.0,0.0,1.0,0.0,0.0,0.0,0.0,0.0,1.0,0.0,0.0,0.0,1.0,0.0,0.0,0.0,0.0,0.0,0.0,0.0,0.0,0.0,0.0,0.0,0.0,1.0,0.0
11/13/2023,35.0,95.0,1.0,16.0,0.0,0.0,5411.0,0.0,0.0,1.0,1.0,1014.0,0.0,0.0,1.0,0.0,0.0,0.0,0.0,0.0,1.0,0.0,0.0,0.0,0.0,1.0,0.0,0.0,0.0,0.0,1.0,0.0,0.0,0.0,0.0,0.0,0.0,0.0,1.0,0.0,0.0,0.0,0.0,0.0,0.0
06/22/2023,48.0,146.0,1.0,17.0,0.0,0.0,4111.0,0.0,0.0,1.0,1.0,349.0,0.0,1.0,1.0,0.0,0.0,0.0,0.0,0.0,1.0,0.0,0.0,0.0,0.0,1.0,0.0,0.0,0.0,0.0,1.0,0.0,0.0,0.0,0.0,0.0,0.0,0.0,0.0,0.0,0.0,0.0,0.0,1.0,0.0
08/02/2023,31.0,296.0,1.0,16.0,0.0,0.0,5814.0,0.0,0.0,1.0,1.0,363.0,0.0,0.0,1.0,0.0,0.0,0.0,0.0,0.0,1.0,0.0,1.0,0.0,0.0,0.0,1.0,0.0,0.0,0.0,1.0,0.0,0.0,0.0,0.0,0.0,0.0,0.0,0.0,0.0,0.0,0.0,0.0,1.0,0.0
09/04/2023,52.0,24.0,1.0,17.0,0.0,0.0,5311.0,0.0,0.0,1.0,1.0,957.0,0.0,1.0,1.0,0.0,0.0,0.0,0.0,1.0,0.0,0.0,1.0,0.0,0.0,0.0,0.0,1.0,0.0,0.0,1.0,0.0,0.0,0.0,0.0,0.0,0.0,0.0,0.0,0.0,0.0,0.0,0.0,1.0,0.0
02/13/2023,48.0,129.0,1.0,16.0,0.0,0.0,5732.0,0.0,1.0,1.0,1.0,321.0,0.0,0.0,1.0,0.0,0.0,0.0,0.0,1.0,0.0,0.0,0.0,1.0,0.0,0.0,1.0,0.0,0.0,0.0,0.0,1.0,0.0,0.0,0.0,0.0,0.0,0.0,0.0,0.0,0.0,0.0,0.0,1.0,0.0
02/21/2023,30.0,103.0,1.0,18.0,0.0,0.0,7995.0,1.0,0.0,1.0,1.0,100.0,0.0,0.0,1.0,0.0,0.0,0.0,0.0,0.0,1.0,0.0,1.0,0.0,0.0,1.0,0.0,0.0,0.0,0.0,0.0,0.0,0.0,0.0,0.0,0.0,0.0,0.0,0.0,0.0,0.0,0.0,0.0,1.0,0.0
05/08/2023,67.0,137.0,1.0,16.0,0.0,0.0,4111.0,0.0,0.0,1.0,1.0,505.0,0.0,0.0,1.0,0.0,0.0,0.0,0.0,1.0,0.0,0.0,0.0,1.0,0.0,0.0,0.0,1.0,0.0,0.0,1.0,0.0,0.0,0.0,0.0,0.0,0.0,0.0,0.0,0.0,0.0,0.0,0.0,1.0,0.0
03/06/2023,53.0,96.0,5.0,16.0,0.0,0.0,5411.0,0.0,0.0,1.0,1.0,410.0,0.0,0.0,1.0,0.0,0.0,0.0,0.0,0.0,1.0,0.0,1.0,0.0,0.0,0.0,0.0,1.0,0.0,0.0,1.0,0.0,0.0,0.0,0.0,0.0,0.0,0.0,0.0,0.0,0.0,0.0,0.0,1.0,0.0
02/17/2023,27.0,144.0,1.0,16.0,0.0,0.0,5732.0,0.0,1.0,1.0,1.0,160.0,0.0,0.0,1.0,0.0,0.0,0.0,0.0,0.0,1.0,0.0,1.0,0.0,0.0,0.0,0.0,0.0,1.0,0.0,0.0,1.0,0.0,0.0,0.0,0.0,0.0,0.0,0.0,0.0,0.0,0.0,0.0,1.0,0.0
12/20/2023,25.0,283.0,1.0,17.0,0.0,0.0,5812.0,0.0,0.0,1.0,1.0,606.0,0.0,1.0,1.0,0.0,0.0,0.0,0.0,0.0,1.0,0.0,0.0,1.0,0.0,0.0,0.0,0.0,1.0,0.0,1.0,0.0,0.0,0.0,0.0,0.0,0.0,0.0,0.0,0.0,0.0,0.0,0.0,1.0,0.0
02/27/2023,54.0,121.0,1.0,17.0,0.0,0.0,4111.0,0.0,0.0,1.0,1.0,61.0,0.0,0.0,3.0,1.0,1.0,0.0,0.0,0.0,1.0,0.0,1.0,0.0,0.0,1.0,0.0,0.0,0.0,0.0,1.0,0.0,0.0,0.0,0.0,0.0,0.0,0.0,0.0,0.0,0.0,0.0,0.0,1.0,0.0
11/07/2023,44.0,143.0,4.0,17.0,0.0,0.0,5311.0,0.0,0.0,1.0,1.0,881.0,0.0,0.0,1.0,0.0,0.0,0.0,0.0,0.0,1.0,0.0,0.0,1.0,0.0,1.0,0.0,0.0,0.0,0.0,1.0,0.0,0.0,0.0,0.0,0.0,0.0,0.0,0.0,0.0,0.0,0.0,0.0,1.0,0.0
07/13/2023,59.0,148.0,1.0,17.0,0.0,0.0,5732.0,0.0,1.0,1.0,1.0,199.0,0.0,0.0,1.0,0.0,0.0,1.0,0.0,1.0,0.0,0.0,0.0,1.0,0.0,1.0,0.0,0.0,0.0,0.0,0.0,1.0,0.0,0.0,0.0,0.0,0.0,0.0,0.0,0.0,0.0,0.0,0.0,1.0,0.0
11/07/2023,24.0,137.0,1.0,17.0,0.0,0.0,4111.0,0.0,0.0,1.0,1.0,102.0,0.0,1.0,1.0,0.0,0.0,1.0,2.0,1.0,0.0,0.0,0.0,1.0,0.0,0.0,0.0,0.0,1.0,0.0,1.0,0.0,0.0,0.0,0.0,0.0,0.0,0.0,0.0,0.0,0.0,0.0,1.0,0.0,0.0
08/24/2023,68.0,63.0,1.0,16.0,0.0,0.0,4121.0,0.0,0.0,1.0,1.0,145.0,0.0,0.0,1.0,0.0,0.0,0.0,0.0,0.0,1.0,0.0,0.0,0.0,0.0,0.0,0.0,1.0,0.0,0.0,1.0,0.0,0.0,0.0,0.0,0.0,0.0,0.0,0.0,0.0,0.0,0.0,0.0,1.0,0.0
06/08/2023,31.0,167.0,3.0,16.0,0.0,0.0,5814.0,0.0,0.0,1.0,1.0,835.0,0.0,0.0,1.0,0.0,0.0,0.0,0.0,0.0,1.0,0.0,1.0,0.0,0.0,0.0,1.0,0.0,0.0,0.0,1.0,0.0,0.0,0.0,0.0,0.0,0.0,0.0,0.0,0.0,0.0,0.0,0.0,1.0,0.0
08/22/2023,60.0,227.0,1.0,16.0,0.0,0.0,4121.0,0.0,0.0,1.0,1.0,464.0,0.0,0.0,1.0,0.0,0.0,0.0,0.0,0.0,1.0,0.0,0.0,1.0,0.0,0.0,1.0,0.0,0.0,0.0,1.0,0.0,0.0,0.0,0.0,0.0,0.0,0.0,0.0,0.0,0.0,0.0,0.0,1.0,0.0
10/30/2023,30.0,212.0,1.0,16.0,0.0,0.0,5921.0,1.0,0.0,1.0,1.0,241.0,0.0,1.0,1.0,0.0,0.0,0.0,2.0,1.0,0.0,0.0,1.0,0.0,0.0,0.0,1.0,0.0,0.0,0.0,0.0,0.0,0.0,0.0,1.0,0.0,0.0,0.0,0.0,0.0,0.0,0.0,0.0,0.0,0.0
02/17/2023,18.0,104.0,1.0,16.0,0.0,0.0,5999.0,1.0,0.0,1.0,1.0,204.0,0.0,0.0,1.0,0.0,0.0,0.0,0.0,1.0,0.0,0.0,1.0,0.0,0.0,0.0,0.0,0.0,1.0,0.0,0.0,0.0,0.0,0.0,0.0,0.0,0.0,0.0,0.0,0.0,0.0,0.0,0.0,1.0,0.0
02/20/2023,53.0,112.0,1.0,17.0,0.0,0.0,4111.0,0.0,0.0,1.0,1.0,881.0,0.0,0.0,1.0,0.0,0.0,0.0,0.0,0.0,1.0,0.0,0.0,1.0,0.0,0.0,1.0,0.0,0.0,0.0,1.0,0.0,0.0,0.0,0.0,0.0,0.0,0.0,0.0,0.0,0.0,0.0,0.0,1.0,0.0
06/12/2023,65.0,87.0,1.0,16.0,0.0,0.0,5944.0,0.0,1.0,1.0,1.0,47.0,1.0,1.0,1.0,0.0,0.0,0.0,0.0,0.0,1.0,0.0,1.0,0.0,0.0,1.0,0.0,0.0,0.0,0.0,0.0,1.0,0.0,0.0,0.0,0.0,0.0,0.0,0.0,0.0,0.0,0.0,0.0,1.0,0.0
09/05/2023,58.0,40.0,1.0,16.0,0.0,0.0,4111.0,0.0,0.0,1.0,1.0,137.0,0.0,0.0,1.0,0.0,0.0,0.0,0.0,1.0,0.0,0.0,1.0,0.0,0.0,0.0,0.0,1.0,0.0,0.0,1.0,0.0,0.0,0.0,0.0,0.0,0.0,0.0,0.0,0.0,0.0,0.0,0.0,1.0,0.0
08/16/2023,25.0,269.0,1.0,16.0,0.0,0.0,5734.0,0.0,1.0,1.0,1.0,655.0,0.0,0.0,1.0,0.0,0.0,0.0,0.0,0.0,1.0,0.0,0.0,0.0,0.0,0.0,0.0,0.0,1.0,0.0,0.0,1.0,0.0,0.0,0.0,0.0,0.0,0.0,0.0,0.0,0.0,0.0,0.0,1.0,0.0
08/28/2023,51.0,229.0,1.0,17.0,0.0,0.0,7995.0,1.0,0.0,1.0,1.0,90.0,0.0,0.0,1.0,0.0,0.0,0.0,0.0,0.0,1.0,0.0,0.0,0.0,0.0,0.0,0.0,1.0,0.0,0.0,0.0,0.0,0.0,0.0,0.0,0.0,0.0,0.0,0.0,0.0,0.0,0.0,0.0,1.0,0.0
09/11/2023,63.0,118.0,1.0,16.0,0.0,0.0,5999.0,1.0,0.0,1.0,1.0,438.0,0.0,0.0,1.0,0.0,0.0,0.0,0.0,0.0,1.0,0.0,1.0,0.0,0.0,1.0,0.0,0.0,0.0,0.0,0.0,0.0,0.0,0.0,0.0,0.0,0.0,0.0,0.0,0.0,1.0,0.0,0.0,0.0,0.0
12/18/2023,51.0,63.0,1.0,18.0,0.0,0.0,5944.0,0.0,1.0,1.0,1.0,113.0,0.0,1.0,1.0,0.0,0.0,0.0,0.0,0.0,1.0,0.0,0.0,0.0,0.0,0.0,1.0,0.0,0.0,0.0,0.0,1.0,0.0,0.0,0.0,0.0,0.0,0.0,0.0,0.0,0.0,0.0,0.0,1.0,0.0
11/17/2023,26.0,109.0,1.0,17.0,0.0,0.0,5411.0,0.0,0.0,1.0,1.0,544.0,0.0,0.0,1.0,0.0,0.0,0.0,0.0,1.0,0.0,0.0,1.0,0.0,0.0,0.0,0.0,0.0,1.0,0.0,1.0,0.0,0.0,0.0,0.0,0.0,0.0,0.0,0.0,0.0,0.0,0.0,0.0,1.0,0.0
08/21/2023,23.0,155.0,1.0,17.0,0.0,0.0,7995.0,1.0,0.0,1.0,1.0,768.0,0.0,0.0,1.0,0.0,0.0,0.0,0.0,0.0,1.0,0.0,0.0,0.0,0.0,0.0,0.0,0.0,1.0,0.0,0.0,0.0,0.0,0.0,0.0,0.0,0.0,0.0,0.0,0.0,0.0,0.0,0.0,1.0,0.0
06/27/2023,63.0,91.0,1.0,17.0,0.0,0.0,5999.0,1.0,0.0,1.0,1.0,826.0,0.0,0.0,1.0,0.0,0.0,0.0,0.0,0.0,1.0,0.0,0.0,1.0,0.0,1.0,0.0,0.0,0.0,0.0,0.0,0.0,0.0,0.0,0.0,0.0,0.0,0.0,0.0,0.0,0.0,0.0,0.0,1.0,0.0
09/11/2023,19.0,27.0,1.0,17.0,0.0,0.0,7299.0,1.0,0.0,1.0,1.0,320.0,0.0,0.0,1.0,0.0,0.0,0.0,2.0,0.0,1.0,0.0,0.0,0.0,0.0,0.0,0.0,0.0,1.0,0.0,0.0,0.0,0.0,0.0,0.0,0.0,0.0,0.0,0.0,0.0,0.0,0.0,0.0,1.0,0.0
02/27/2023,43.0,169.0,1.0,18.0,0.0,0.0,5734.0,0.0,1.0,1.0,1.0,117.0,0.0,0.0,1.0,0.0,0.0,0.0,0.0,0.0,1.0,0.0,0.0,0.0,0.0,1.0,0.0,0.0,0.0,0.0,0.0,1.0,0.0,0.0,0.0,0.0,0.0,0.0,0.0,0.0,0.0,0.0,0.0,1.0,0.0
05/30/2023,56.0,109.0,1.0,16.0,0.0,0.0,5814.0,0.0,0.0,1.0,1.0,349.0,0.0,1.0,1.0,0.0,0.0,0.0,0.0,0.0,1.0,0.0,0.0,1.0,0.0,0.0,0.0,1.0,0.0,0.0,1.0,0.0,0.0,0.0,0.0,0.0,0.0,0.0,0.0,0.0,0.0,0.0,0.0,1.0,0.0
09/20/2023,32.0,116.0,1.0,16.0,0.0,0.0,5411.0,0.0,0.0,1.0,1.0,510.0,0.0,1.0,1.0,0.0,0.0,1.0,2.0,0.0,1.0,0.0,0.0,1.0,0.0,1.0,0.0,0.0,0.0,0.0,1.0,0.0,0.0,0.0,0.0,0.0,0.0,0.0,0.0,0.0,0.0,0.0,0.0,1.0,0.0
07/14/2023,61.0,48.0,1.0,17.0,0.0,0.0,5944.0,0.0,1.0,1.0,1.0,100.0,0.0,1.0,4.0,1.0,1.0,0.0,2.0,1.0,0.0,0.0,1.0,0.0,0.0,0.0,0.0,1.0,0.0,0.0,0.0,1.0,0.0,0.0,0.0,0.0,0.0,0.0,0.0,0.0,0.0,0.0,0.0,1.0,0.0
12/25/2023,57.0,57.0,1.0,17.0,0.0,0.0,5814.0,0.0,0.0,1.0,1.0,542.0,0.0,1.0,1.0,0.0,0.0,0.0,0.0,0.0,1.0,0.0,1.0,0.0,0.0,1.0,0.0,0.0,0.0,0.0,1.0,0.0,0.0,0.0,0.0,0.0,0.0,1.0,0.0,0.0,0.0,0.0,0.0,0.0,0.0
02/17/2023,38.0,145.0,1.0,16.0,0.0,0.0,4111.0,0.0,0.0,1.0,1.0,368.0,0.0,0.0,1.0,0.0,0.0,0.0,0.0,0.0,1.0,0.0,0.0,0.0,0.0,1.0,0.0,0.0,0.0,0.0,1.0,0.0,0.0,0.0,0.0,0.0,0.0,0.0,0.0,0.0,0.0,0.0,0.0,1.0,0.0
08/08/2023,67.0,140.0,1.0,16.0,0.0,0.0,7995.0,1.0,0.0,1.0,1.0,122.0,0.0,0.0,1.0,0.0,0.0,0.0,0.0,0.0,1.0,0.0,1.0,0.0,0.0,0.0,0.0,1.0,0.0,0.0,0.0,0.0,0.0,0.0,0.0,0.0,0.0,0.0,0.0,0.0,0.0,0.0,0.0,1.0,0.0
09/25/2023,21.0,60.0,1.0,16.0,0.0,0.0,5999.0,1.0,0.0,1.0,1.0,454.0,0.0,0.0,1.0,0.0,0.0,0.0,0.0,0.0,1.0,0.0,0.0,0.0,0.0,0.0,0.0,0.0,1.0,0.0,0.0,0.0,0.0,0.0,0.0,1.0,0.0,0.0,0.0,0.0,0.0,0.0,0.0,0.0,0.0
09/04/2023,26.0,155.0,1.0,16.0,0.0,0.0,5734.0,0.0,1.0,1.0,1.0,341.0,0.0,1.0,1.0,0.0,0.0,1.0,2.0,1.0,0.0,0.0,0.0,1.0,0.0,0.0,1.0,0.0,0.0,0.0,0.0,1.0,0.0,0.0,0.0,0.0,0.0,0.0,0.0,0.0,0.0,0.0,0.0,1.0,0.0
04/25/2023,28.0,153.0,1.0,16.0,0.0,0.0,5732.0,0.0,1.0,1.0,1.0,1387.0,0.0,0.0,1.0,0.0,0.0,0.0,0.0,0.0,1.0,0.0,1.0,0.0,0.0,0.0,0.0,0.0,1.0,0.0,0.0,1.0,0.0,0.0,0.0,0.0,0.0,0.0,0.0,0.0,0.0,0.0,0.0,1.0,0.0
01/17/2023,20.0,67.0,1.0,16.0,0.0,0.0,6011.0,1.0,0.0,1.0,1.0,1056.0,0.0,0.0,3.0,1.0,1.0,0.0,3.0,0.0,1.0,0.0,0.0,0.0,0.0,0.0,0.0,0.0,1.0,0.0,0.0,0.0,0.0,0.0,0.0,0.0,0.0,0.0,0.0,0.0,0.0,0.0,0.0,1.0,0.0
06/06/2023,23.0,63.0,1.0,16.0,0.0,0.0,5732.0,0.0,1.0,1.0,1.0,548.0,0.0,0.0,2.0,0.0,1.0,0.0,0.0,0.0,1.0,0.0,0.0,0.0,0.0,0.0,0.0,0.0,1.0,0.0,0.0,1.0,0.0,0.0,0.0,0.0,0.0,0.0,0.0,0.0,0.0,0.0,0.0,1.0,0.0
11/14/2023,55.0,14.0,1.0,16.0,0.0,0.0,5814.0,0.0,0.0,1.0,1.0,393.0,0.0,1.0,1.0,0.0,0.0,0.0,0.0,0.0,1.0,0.0,1.0,0.0,0.0,1.0,0.0,0.0,0.0,0.0,1.0,0.0,0.0,0.0,0.0,0.0,0.0,0.0,0.0,0.0,0.0,0.0,0.0,1.0,0.0
10/31/2023,54.0,285.0,1.0,17.0,0.0,0.0,5812.0,0.0,0.0,1.0,1.0,333.0,0.0,1.0,5.0,1.0,1.0,0.0,0.0,0.0,1.0,0.0,0.0,1.0,0.0,0.0,1.0,0.0,0.0,0.0,1.0,0.0,0.0,0.0,0.0,0.0,0.0,0.0,0.0,0.0,0.0,0.0,0.0,1.0,0.0
08/14/2023,27.0,132.0,1.0,16.0,0.0,0.0,5411.0,0.0,0.0,1.0,1.0,583.0,0.0,0.0,1.0,0.0,0.0,0.0,0.0,0.0,1.0,0.0,1.0,0.0,0.0,0.0,0.0,0.0,1.0,0.0,1.0,0.0,0.0,0.0,0.0,0.0,0.0,0.0,0.0,0.0,0.0,0.0,0.0,1.0,0.0
07/10/2023,27.0,31.0,1.0,16.0,0.0,0.0,5734.0,0.0,1.0,1.0,1.0,281.0,0.0,0.0,1.0,0.0,0.0,0.0,0.0,0.0,1.0,0.0,0.0,1.0,0.0,0.0,0.0,0.0,1.0,0.0,0.0,1.0,0.0,0.0,0.0,0.0,0.0,0.0,0.0,0.0,0.0,0.0,1.0,0.0,0.0
03/02/2023,62.0,52.0,1.0,16.0,0.0,0.0,5411.0,0.0,0.0,1.0,1.0,777.0,0.0,0.0,1.0,0.0,0.0,0.0,0.0,0.0,1.0,0.0,0.0,0.0,0.0,0.0,0.0,1.0,0.0,0.0,1.0,0.0,0.0,0.0,0.0,0.0,0.0,0.0,0.0,0.0,0.0,0.0,0.0,1.0,0.0
02/27/2023,49.0,150.0,1.0,16.0,0.0,0.0,6011.0,1.0,0.0,1.0,1.0,449.0,0.0,0.0,1.0,0.0,0.0,0.0,0.0,1.0,0.0,0.0,1.0,0.0,0.0,0.0,1.0,0.0,0.0,0.0,0.0,0.0,0.0,0.0,0.0,0.0,0.0,0.0,0.0,0.0,0.0,0.0,0.0,1.0,0.0
04/24/2023,27.0,148.0,1.0,17.0,0.0,0.0,5944.0,0.0,1.0,1.0,1.0,446.0,0.0,0.0,1.0,0.0,0.0,0.0,0.0,0.0,1.0,0.0,1.0,0.0,0.0,0.0,0.0,0.0,1.0,0.0,0.0,1.0,0.0,0.0,0.0,0.0,0.0,0.0,0.0,0.0,0.0,0.0,0.0,1.0,0.0
12/22/2023,67.0,143.0,1.0,16.0,0.0,0.0,4121.0,0.0,0.0,1.0,1.0,438.0,0.0,1.0,1.0,0.0,0.0,0.0,0.0,0.0,1.0,0.0,1.0,0.0,0.0,0.0,0.0,1.0,0.0,0.0,1.0,0.0,0.0,0.0,0.0,0.0,0.0,0.0,0.0,0.0,0.0,0.0,0.0,1.0,0.0
07/31/2023,67.0,150.0,1.0,17.0,0.0,0.0,5411.0,0.0,0.0,1.0,1.0,131.0,0.0,1.0,1.0,0.0,0.0,0.0,0.0,0.0,1.0,0.0,1.0,0.0,0.0,0.0,0.0,1.0,0.0,0.0,1.0,0.0,0.0,0.0,0.0,0.0,0.0,0.0,0.0,0.0,0.0,0.0,0.0,1.0,0.0
06/09/2023,36.0,112.0,4.0,16.0,0.0,0.0,5732.0,0.0,1.0,1.0,1.0,525.0,0.0,0.0,3.0,1.0,1.0,0.0,0.0,0.0,1.0,0.0,0.0,1.0,0.0,0.0,1.0,0.0,0.0,0.0,0.0,1.0,0.0,0.0,0.0,0.0,0.0,0.0,0.0,0.0,0.0,0.0,0.0,1.0,0.0
07/28/2023,64.0,125.0,1.0,17.0,0.0,0.0,5921.0,1.0,0.0,1.0,1.0,115.0,0.0,0.0,1.0,0.0,0.0,0.0,0.0,0.0,1.0,0.0,0.0,0.0,0.0,1.0,0.0,0.0,0.0,0.0,0.0,0.0,0.0,0.0,0.0,0.0,0.0,0.0,0.0,0.0,0.0,0.0,0.0,1.0,0.0
02/13/2023,18.0,148.0,1.0,17.0,0.0,0.0,5814.0,0.0,0.0,1.0,1.0,957.0,0.0,0.0,2.0,0.0,1.0,0.0,0.0,0.0,1.0,0.0,0.0,1.0,0.0,0.0,0.0,0.0,1.0,0.0,1.0,0.0,0.0,0.0,0.0,0.0,0.0,0.0,0.0,0.0,0.0,0.0,0.0,1.0,0.0
06/16/2023,78.0,126.0,1.0,17.0,0.0,0.0,5999.0,1.0,0.0,1.0,1.0,256.0,0.0,1.0,1.0,0.0,0.0,0.0,2.0,0.0,1.0,0.0,1.0,0.0,0.0,0.0,0.0,1.0,0.0,0.0,0.0,0.0,0.0,0.0,0.0,0.0,0.0,0.0,0.0,0.0,0.0,0.0,0.0,1.0,0.0
05/01/2023,23.0,99.0,1.0,16.0,0.0,0.0,7299.0,1.0,0.0,1.0,1.0,90.0,0.0,0.0,1.0,0.0,0.0,0.0,0.0,1.0,0.0,0.0,0.0,1.0,0.0,0.0,0.0,0.0,1.0,0.0,0.0,0.0,0.0,0.0,0.0,0.0,0.0,0.0,0.0,0.0,0.0,0.0,0.0,1.0,0.0
01/19/2023,78.0,108.0,1.0,17.0,0.0,0.0,5734.0,0.0,1.0,1.0,1.0,303.0,0.0,0.0,1.0,0.0,0.0,0.0,0.0,0.0,1.0,0.0,0.0,0.0,0.0,0.0,0.0,1.0,0.0,0.0,0.0,1.0,0.0,0.0,0.0,0.0,0.0,0.0,0.0,0.0,0.0,0.0,0.0,1.0,0.0
03/16/2023,34.0,64.0,1.0,16.0,0.0,0.0,7995.0,1.0,0.0,1.0,1.0,1125.0,0.0,0.0,1.0,0.0,0.0,0.0,0.0,0.0,1.0,0.0,0.0,0.0,0.0,0.0,1.0,0.0,0.0,0.0,0.0,0.0,0.0,0.0,0.0,0.0,0.0,0.0,0.0,0.0,0.0,0.0,0.0,1.0,0.0
10/16/2023,21.0,148.0,1.0,16.0,0.0,0.0,4121.0,0.0,0.0,1.0,1.0,213.0,0.0,0.0,3.0,1.0,1.0,0.0,0.0,0.0,1.0,0.0,0.0,1.0,0.0,0.0,0.0,0.0,1.0,0.0,1.0,0.0,0.0,0.0,0.0,0.0,0.0,0.0,0.0,0.0,0.0,1.0,0.0,0.0,0.0
07/25/2023,20.0,148.0,1.0,18.0,0.0,0.0,5732.0,0.0,1.0,1.0,1.0,378.0,0.0,1.0,4.0,1.0,1.0,0.0,0.0,0.0,1.0,0.0,0.0,0.0,0.0,0.0,0.0,0.0,1.0,0.0,0.0,1.0,0.0,0.0,0.0,0.0,0.0,0.0,0.0,0.0,0.0,0.0,0.0,1.0,0.0
05/18/2023,52.0,169.0,1.0,16.0,0.0,0.0,4121.0,0.0,0.0,1.0,1.0,189.0,0.0,0.0,4.0,1.0,1.0,0.0,0.0,0.0,1.0,0.0,1.0,0.0,0.0,0.0,1.0,0.0,0.0,0.0,1.0,0.0,0.0,0.0,0.0,0.0,0.0,0.0,0.0,0.0,0.0,0.0,0.0,1.0,0.0
05/05/2023,28.0,139.0,1.0,17.0,0.0,0.0,5734.0,0.0,1.0,1.0,1.0,454.0,0.0,0.0,1.0,0.0,0.0,0.0,0.0,0.0,1.0,0.0,0.0,1.0,0.0,0.0,1.0,0.0,0.0,0.0,0.0,1.0,0.0,0.0,0.0,0.0,0.0,0.0,0.0,0.0,0.0,0.0,0.0,1.0,0.0
08/10/2023,38.0,105.0,1.0,16.0,0.0,0.0,5999.0,1.0,0.0,1.0,1.0,525.0,0.0,1.0,2.0,0.0,1.0,0.0,2.0,0.0,1.0,0.0,1.0,0.0,0.0,0.0,1.0,0.0,0.0,0.0,0.0,0.0,0.0,0.0,0.0,0.0,0.0,0.0,0.0,0.0,0.0,0.0,0.0,1.0,0.0
12/04/2023,40.0,33.0,1.0,18.0,0.0,0.0,5999.0,1.0,0.0,1.0,1.0,1125.0,0.0,1.0,1.0,0.0,0.0,0.0,2.0,0.0,1.0,0.0,1.0,0.0,0.0,0.0,1.0,0.0,0.0,0.0,0.0,0.0,0.0,0.0,0.0,0.0,0.0,0.0,0.0,0.0,0.0,0.0,0.0,1.0,0.0
03/20/2023,72.0,50.0,1.0,17.0,0.0,0.0,5999.0,1.0,0.0,1.0,1.0,157.0,0.0,0.0,4.0,1.0,1.0,0.0,0.0,0.0,1.0,0.0,0.0,1.0,0.0,0.0,0.0,1.0,0.0,0.0,0.0,0.0,0.0,0.0,0.0,0.0,0.0,0.0,0.0,0.0,0.0,0.0,0.0,1.0,0.0
04/17/2023,26.0,55.0,1.0,16.0,0.0,0.0,4111.0,0.0,0.0,1.0,1.0,603.0,0.0,0.0,1.0,0.0,0.0,0.0,0.0,0.0,1.0,0.0,1.0,0.0,0.0,0.0,0.0,0.0,1.0,0.0,1.0,0.0,0.0,0.0,0.0,0.0,0.0,0.0,0.0,0.0,0.0,0.0,0.0,1.0,0.0
09/08/2023,60.0,138.0,1.0,17.0,0.0,0.0,6011.0,1.0,0.0,1.0,1.0,285.0,0.0,1.0,1.0,0.0,0.0,0.0,2.0,0.0,1.0,0.0,1.0,0.0,0.0,0.0,0.0,1.0,0.0,0.0,0.0,0.0,0.0,0.0,0.0,0.0,0.0,0.0,0.0,0.0,0.0,0.0,0.0,1.0,0.0
03/31/2023,68.0,127.0,1.0,16.0,0.0,0.0,5732.0,0.0,1.0,1.0,1.0,156.0,0.0,0.0,5.0,1.0,1.0,0.0,0.0,1.0,0.0,0.0,0.0,1.0,0.0,1.0,0.0,0.0,0.0,0.0,0.0,1.0,0.0,0.0,0.0,0.0,0.0,0.0,0.0,0.0,0.0,0.0,0.0,1.0,0.0
03/03/2023,28.0,173.0,1.0,16.0,0.0,0.0,4121.0,0.0,0.0,1.0,1.0,122.0,0.0,0.0,1.0,0.0,0.0,0.0,0.0,0.0,1.0,0.0,0.0,1.0,0.0,0.0,1.0,0.0,0.0,0.0,1.0,0.0,0.0,0.0,0.0,0.0,0.0,0.0,0.0,0.0,0.0,0.0,0.0,1.0,0.0
09/29/2023,54.0,30.0,1.0,17.0,0.0,0.0,5814.0,0.0,0.0,1.0,1.0,44.0,1.0,0.0,1.0,0.0,0.0,0.0,0.0,1.0,0.0,0.0,0.0,1.0,0.0,0.0,1.0,0.0,0.0,0.0,1.0,0.0,0.0,0.0,0.0,0.0,0.0,0.0,0.0,0.0,0.0,0.0,0.0,1.0,0.0
03/27/2023,24.0,147.0,1.0,16.0,0.0,0.0,7995.0,1.0,0.0,1.0,1.0,231.0,0.0,0.0,1.0,0.0,0.0,0.0,2.0,0.0,1.0,0.0,0.0,1.0,0.0,0.0,0.0,0.0,1.0,0.0,0.0,0.0,0.0,0.0,0.0,0.0,0.0,0.0,0.0,0.0,0.0,0.0,0.0,1.0,0.0
06/07/2023,53.0,278.0,1.0,17.0,0.0,0.0,5411.0,0.0,0.0,1.0,1.0,466.0,0.0,1.0,3.0,1.0,1.0,0.0,0.0,0.0,1.0,0.0,0.0,0.0,0.0,0.0,0.0,1.0,0.0,0.0,1.0,0.0,0.0,0.0,0.0,0.0,0.0,0.0,0.0,0.0,0.0,0.0,1.0,0.0,0.0
04/18/2023,25.0,128.0,1.0,18.0,0.0,0.0,7299.0,1.0,0.0,1.0,1.0,304.0,0.0,0.0,1.0,0.0,0.0,0.0,0.0,0.0,1.0,0.0,1.0,0.0,0.0,0.0,0.0,0.0,1.0,0.0,0.0,0.0,0.0,0.0,0.0,0.0,0.0,0.0,0.0,0.0,0.0,0.0,0.0,1.0,0.0
11/28/2023,57.0,94.0,1.0,18.0,0.0,0.0,5734.0,0.0,1.0,0.0,1.0,367.0,0.0,0.0,1.0,0.0,0.0,0.0,0.0,0.0,1.0,0.0,0.0,1.0,0.0,0.0,1.0,0.0,0.0,0.0,0.0,1.0,0.0,0.0,0.0,0.0,0.0,0.0,0.0,0.0,0.0,0.0,0.0,1.0,0.0
11/07/2023,56.0,118.0,1.0,18.0,0.0,0.0,4829.0,1.0,0.0,1.0,1.0,212.0,0.0,0.0,1.0,0.0,0.0,0.0,2.0,0.0,1.0,0.0,1.0,0.0,0.0,0.0,0.0,1.0,0.0,0.0,0.0,0.0,0.0,0.0,0.0,0.0,0.0,0.0,0.0,0.0,0.0,0.0,0.0,1.0,0.0
11/06/2023,68.0,287.0,1.0,16.0,0.0,0.0,5734.0,0.0,1.0,1.0,1.0,303.0,0.0,1.0,1.0,0.0,0.0,0.0,0.0,0.0,1.0,0.0,0.0,1.0,0.0,0.0,0.0,1.0,0.0,0.0,0.0,1.0,0.0,0.0,0.0,0.0,0.0,0.0,0.0,0.0,0.0,0.0,0.0,1.0,0.0
11/10/2023,58.0,77.0,1.0,16.0,0.0,0.0,5732.0,0.0,1.0,1.0,1.0,295.0,0.0,1.0,3.0,1.0,1.0,0.0,0.0,0.0,1.0,0.0,1.0,0.0,0.0,0.0,1.0,0.0,0.0,0.0,0.0,1.0,0.0,0.0,0.0,0.0,0.0,0.0,0.0,0.0,0.0,0.0,0.0,1.0,0.0
04/03/2023,43.0,36.0,1.0,16.0,0.0,0.0,5999.0,1.0,0.0,1.0,1.0,198.0,0.0,0.0,1.0,0.0,0.0,0.0,2.0,0.0,1.0,0.0,1.0,0.0,0.0,0.0,1.0,0.0,0.0,0.0,0.0,0.0,0.0,0.0,0.0,0.0,0.0,0.0,0.0,0.0,0.0,0.0,0.0,1.0,0.0
06/22/2023,42.0,34.0,1.0,17.0,0.0,0.0,5732.0,0.0,1.0,1.0,1.0,167.0,0.0,0.0,1.0,0.0,0.0,0.0,0.0,0.0,1.0,0.0,0.0,0.0,0.0,0.0,1.0,0.0,0.0,0.0,0.0,1.0,0.0,0.0,0.0,0.0,0.0,0.0,0.0,0.0,0.0,0.0,0.0,1.0,0.0
04/10/2023,19.0,104.0,1.0,17.0,0.0,0.0,7299.0,1.0,0.0,1.0,0.0,201.0,0.0,0.0,1.0,0.0,0.0,0.0,0.0,1.0,0.0,0.0,0.0,0.0,0.0,0.0,0.0,0.0,1.0,0.0,0.0,0.0,0.0,0.0,0.0,0.0,0.0,0.0,0.0,0.0,0.0,0.0,0.0,1.0,0.0
12/25/2023,65.0,46.0,1.0,18.0,0.0,0.0,4111.0,0.0,0.0,1.0,1.0,1080.0,0.0,1.0,1.0,0.0,0.0,0.0,0.0,0.0,1.0,0.0,0.0,0.0,0.0,1.0,0.0,0.0,0.0,0.0,1.0,0.0,0.0,0.0,0.0,0.0,0.0,0.0,0.0,0.0,0.0,0.0,0.0,1.0,0.0
01/18/2023,57.0,57.0,1.0,16.0,0.0,0.0,4121.0,0.0,0.0,1.0,1.0,428.0,0.0,0.0,1.0,0.0,0.0,0.0,0.0,0.0,1.0,0.0,1.0,0.0,0.0,0.0,1.0,0.0,0.0,0.0,1.0,0.0,0.0,0.0,0.0,0.0,0.0,0.0,0.0,0.0,0.0,0.0,0.0,1.0,0.0
10/03/2023,52.0,17.0,1.0,16.0,0.0,0.0,5732.0,0.0,1.0,1.0,1.0,631.0,0.0,0.0,1.0,0.0,0.0,0.0,0.0,0.0,1.0,0.0,0.0,0.0,0.0,0.0,1.0,0.0,0.0,0.0,0.0,1.0,0.0,0.0,0.0,0.0,0.0,0.0,0.0,0.0,0.0,0.0,0.0,1.0,0.0
10/23/2023,57.92748393216885,89.91224599901642,1.0011770733778784,16.99451222851582,0.0,0.0,5929.084683887523,1.0,0.0,1.0,1.0,144.3676822346834,0.0,1.0,2.021469829037656,0.0,1.0,0.0,3.0,0.0,1.0,0.0,1.0,0.0,0.0,0.0,0.0,1.0,0.0,0.0,0.0,0.0,0.0,1.0,0.0,0.0,0.0,0.0,0.0,0.0,0.0,0.0,0.0,0.0,0.0
07/17/2023,31.19522606709896,56.03995408374944,0.9941632764904028,17.00289831868742,0.0,0.0,7996.834351869266,1.0,0.0,1.0,1.0,352.06113414892747,0.0,0.0,3.0008472067188423,1.0,1.0,0.0,3.0,0.0,1.0,0.0,0.0,1.0,0.0,1.0,0.0,0.0,0.0,0.0,0.0,0.0,0.0,0.0,0.0,0.0,0.0,0.0,0.0,0.0,0.0,0.0,0.0,1.0,0.0
01/12/2023,49.075662376794654,118.47801497223213,1.0040907669584491,16.004055715099636,0.0,0.0,5914.327737356061,1.0,0.0,1.0,1.0,227.430114498911,0.0,0.0,4.016668404289203,1.0,1.0,0.0,3.0,1.0,0.0,0.0,0.0,1.0,0.0,0.0,1.0,0.0,0.0,0.0,0.0,0.0,0.0,0.0,0.0,0.0,0.0,0.0,0.0,0.0,0.0,0.0,0.0,1.0,0.0
03/23/2023,37.27101388599077,58.4227958680938,1.00383506179998,15.99545821402818,0.0,0.0,4841.471743175038,1.0,0.0,1.0,1.0,199.240645644267,0.0,0.0,1.0033360685787993,0.0,0.0,1.0,3.0,1.0,0.0,0.0,0.0,1.0,0.0,1.0,0.0,0.0,0.0,0.0,0.0,0.0,0.0,0.0,0.0,0.0,0.0,0.0,0.0,0.0,0.0,0.0,0.0,1.0,0.0
10/23/2023,58.03233526493639,90.1420151625171,1.0022283387894342,17.007207996870363,0.0,0.0,5937.060759321991,1.0,0.0,1.0,1.0,146.952004964465,0.0,1.0,2.0089905622444757,0.0,1.0,0.0,3.0,0.0,1.0,0.0,1.0,0.0,0.0,0.0,0.0,1.0,0.0,0.0,0.0,0.0,0.0,1.0,0.0,0.0,0.0,0.0,0.0,0.0,0.0,0.0,0.0,0.0,0.0
01/12/2023,48.78391872648296,119.59274260944946,1.003220838615668,16.008449735490135,0.0,0.0,5926.029779843617,1.0,0.0,1.0,1.0,228.42929373669443,0.0,0.0,3.9932347585740486,1.0,1.0,0.0,3.0,1.0,0.0,0.0,0.0,1.0,0.0,0.0,1.0,0.0,0.0,0.0,0.0,0.0,0.0,0.0,0.0,0.0,0.0,0.0,0.0,0.0,0.0,0.0,0.0,1.0,0.0
01/12/2023,48.75856181374251,119.00802087727858,1.001715466618976,16.01048491454409,0.0,0.0,5930.902430896672,1.0,0.0,1.0,1.0,232.12437884276656,0.0,0.0,3.992028982654434,1.0,1.0,0.0,3.0,1.0,0.0,0.0,0.0,1.0,0.0,0.0,1.0,0.0,0.0,0.0,0.0,0.0,0.0,0.0,0.0,0.0,0.0,0.0,0.0,0.0,0.0,0.0,0.0,1.0,0.0
08/03/2023,28.291338205246515,231.93290547620614,1.0117776258812912,17.0038646853329,0.0,0.0,7311.6310813762575,1.0,0.0,1.0,1.0,270.3182646265294,0.0,1.0,1.0042919877693142,0.0,0.0,1.0,3.0,0.0,1.0,0.0,0.0,1.0,0.0,0.0,0.0,0.0,1.0,0.0,0.0,0.0,0.0,0.0,0.0,0.0,0.0,0.0,0.0,0.0,0.0,0.0,0.0,1.0,0.0
03/23/2023,37.30417419666482,59.601453349383334,0.9994959579285321,16.00995294579837,0.0,0.0,4840.493426894085,1.0,0.0,1.0,1.0,189.72794770211104,0.0,0.0,1.0092295050340137,0.0,0.0,1.0,3.0,1.0,0.0,0.0,0.0,1.0,0.0,1.0,0.0,0.0,0.0,0.0,0.0,0.0,0.0,0.0,0.0,0.0,0.0,0.0,0.0,0.0,0.0,0.0,0.0,1.0,0.0
09/12/2023,57.96832035827613,277.59094194066637,0.9982228103257441,16.986270287074525,0.0,0.0,5927.245560806388,1.0,0.0,1.0,1.0,292.0831625070623,0.0,0.0,2.000375849849967,0.0,1.0,0.0,3.0,0.0,1.0,0.0,1.0,0.0,0.0,0.0,0.0,1.0,0.0,0.0,0.0,0.0,0.0,0.0,0.0,0.0,0.0,0.0,0.0,0.0,0.0,0.0,0.0,1.0,0.0
04/12/2023,30.93237917644164,28.388979419150008,0.9956390927438468,16.997679301734372,0.0,0.0,8001.0853572274755,1.0,0.0,1.0,1.0,90.15828032874774,0.0,0.0,3.9879897477931814,1.0,1.0,0.0,3.0,0.0,1.0,0.0,0.0,1.0,0.0,1.0,0.0,0.0,0.0,0.0,0.0,0.0,0.0,0.0,0.0,0.0,0.0,0.0,0.0,0.0,0.0,0.0,0.0,1.0,0.0
10/23/2023,22.25790014746081,83.63396893756422,0.9940259628343742,17.993670914917224,0.0,0.0,4834.28509372831,1.0,0.0,1.0,1.0,625.655560444713,0.0,1.0,0.9873001160686931,0.0,0.0,1.0,3.0,0.0,1.0,0.0,0.0,1.0,0.0,0.0,0.0,0.0,1.0,0.0,0.0,0.0,0.0,0.0,0.0,0.0,0.0,0.0,0.0,0.0,0.0,0.0,0.0,1.0,0.0
07/10/2023,78.80464035053514,164.85598033197667,0.9927978401984255,17.0008703414583,0.0,0.0,7983.839768188996,1.0,0.0,1.0,1.0,28.528066821303504,1.0,1.0,0.9866757175613995,0.0,0.0,0.0,3.0,0.0,1.0,0.0,1.0,0.0,0.0,0.0,0.0,1.0,0.0,0.0,0.0,0.0,0.0,0.0,0.0,0.0,0.0,0.0,0.0,0.0,0.0,0.0,1.0,0.0,0.0
04/12/2023,30.84210809036597,26.593564826963515,0.9948562431508081,16.99582845582261,0.0,0.0,8002.126550967203,1.0,0.0,1.0,1.0,89.9391841612292,0.0,0.0,3.9834968148514465,1.0,1.0,0.0,3.0,0.0,1.0,0.0,0.0,1.0,0.0,1.0,0.0,0.0,0.0,0.0,0.0,0.0,0.0,0.0,0.0,0.0,0.0,0.0,0.0,0.0,0.0,0.0,0.0,1.0,0.0
03/10/2023,72.11352747148592,83.12615655411933,0.9995909498242015,16.998787057966258,0.0,0.0,7981.210991783712,1.0,0.0,1.0,1.0,143.24432390776747,0.0,0.0,2.001022196511791,0.0,1.0,1.0,3.0,0.0,1.0,0.0,0.0,1.0,0.0,0.0,0.0,1.0,0.0,0.0,0.0,0.0,0.0,0.0,0.0,0.0,0.0,0.0,0.0,0.0,0.0,0.0,0.0,1.0,0.0
10/23/2023,21.930364284212203,81.67870356076124,1.0019346737791217,18.013739760942155,0.0,0.0,4820.918700759314,1.0,0.0,1.0,1.0,627.1573992856877,0.0,1.0,1.0105038333726928,0.0,0.0,1.0,3.0,0.0,1.0,0.0,0.0,1.0,0.0,0.0,0.0,0.0,1.0,0.0,0.0,0.0,0.0,0.0,0.0,0.0,0.0,0.0,0.0,0.0,0.0,0.0,0.0,1.0,0.0
10/23/2023,21.999096147428,82.07573005401919,1.0002959755953842,17.998761055917548,0.0,0.0,4842.2576222205,1.0,0.0,1.0,1.0,625.4442185733576,0.0,1.0,0.9998747451653196,0.0,0.0,1.0,3.0,0.0,1.0,0.0,0.0,1.0,0.0,0.0,0.0,0.0,1.0,0.0,0.0,0.0,0.0,0.0,0.0,0.0,0.0,0.0,0.0,0.0,0.0,0.0,0.0,1.0,0.0
02/28/2023,35.97115733534651,107.9192800855548,1.99556960032624,17.003020658482743,0.0,0.0,8003.545274627355,1.0,0.0,1.0,1.0,199.85074614293882,0.0,0.0,0.9788959173005387,0.0,0.0,1.0,3.0,0.0,1.0,0.0,0.0,0.0,0.0,1.0,0.0,0.0,0.0,0.0,0.0,0.0,0.0,0.0,0.0,0.0,0.0,0.0,0.0,0.0,0.0,0.0,0.0,1.0,0.0
08/01/2023,36.05957156654989,50.8752437725291,1.0052096585439514,15.998304448167426,0.0,0.0,7314.127257628367,1.0,0.0,1.0,1.0,282.96717837726544,0.0,0.0,1.9982189885649884,0.0,1.0,0.0,3.0,1.0,0.0,0.0,0.0,1.0,0.0,0.0,1.0,0.0,0.0,0.0,0.0,0.0,0.0,0.0,0.0,0.0,0.0,0.0,0.0,0.0,0.0,0.0,0.0,1.0,0.0
05/22/2023,26.248377431495733,115.12136706782718,1.0042792197286257,16.00055270234855,0.0,0.0,5918.2369953484795,1.0,0.0,1.0,1.0,381.4266778400293,0.0,0.0,1.9984800473111535,0.0,1.0,0.0,3.0,1.0,0.0,0.0,0.0,0.0,0.0,0.0,0.0,0.0,1.0,0.0,0.0,0.0,0.0,0.0,0.0,0.0,0.0,0.0,0.0,0.0,0.0,0.0,0.0,1.0,0.0
07/17/2023,31.015985461075523,53.875932840134084,0.9990760637295597,17.00004392139738,0.0,0.0,7983.281306227896,1.0,0.0,1.0,1.0,352.67439155115994,0.0,0.0,3.0195690329923437,1.0,1.0,0.0,3.0,0.0,1.0,0.0,0.0,1.0,0.0,1.0,0.0,0.0,0.0,0.0,0.0,0.0,0.0,0.0,0.0,0.0,0.0,0.0,0.0,0.0,0.0,0.0,0.0,1.0,0.0
07/17/2023,31.11363547048861,54.44253117876495,0.9962213635875443,17.003272738126448,0.0,0.0,7992.554686294353,1.0,0.0,1.0,1.0,354.2131102835882,0.0,0.0,2.986395612168542,1.0,1.0,0.0,3.0,0.0,1.0,0.0,0.0,1.0,0.0,1.0,0.0,0.0,0.0,0.0,0.0,0.0,0.0,0.0,0.0,0.0,0.0,0.0,0.0,0.0,0.0,0.0,0.0,1.0,0.0
10/23/2023,21.638207429470526,82.30861667399714,1.003173929344815,18.00850667338668,0.0,0.0,4830.037686899479,1.0,0.0,1.0,1.0,620.8757078633506,0.0,1.0,0.996352486902098,0.0,0.0,1.0,3.0,0.0,1.0,0.0,0.0,1.0,0.0,0.0,0.0,0.0,1.0,0.0,0.0,0.0,0.0,0.0,0.0,0.0,0.0,0.0,0.0,0.0,0.0,0.0,0.0,1.0,0.0
09/12/2023,57.99140269450671,277.36797006069224,1.0010878638061855,17.01202587492941,0.0,0.0,5921.803337391266,1.0,0.0,1.0,1.0,288.2686957179647,0.0,0.0,2.015926482485767,0.0,1.0,0.0,3.0,0.0,1.0,0.0,1.0,0.0,0.0,0.0,0.0,1.0,0.0,0.0,0.0,0.0,0.0,0.0,0.0,0.0,0.0,0.0,0.0,0.0,0.0,0.0,0.0,1.0,0.0
05/11/2023,67.85119568894528,91.19393930616499,0.991619220267397,16.002260207567886,0.0,0.0,4840.529848319259,1.0,0.0,1.0,1.0,397.9702565849186,0.0,1.0,1.0042011671079019,0.0,0.0,1.0,3.0,0.0,1.0,0.0,0.0,1.0,0.0,0.0,0.0,1.0,0.0,0.0,0.0,0.0,0.0,0.0,0.0,1.0,0.0,0.0,0.0,0.0,0.0,0.0,0.0,0.0,0.0
10/23/2023,57.78491683215092,89.00826477537079,0.9996065763227181,17.004303656032985,0.0,0.0,5917.325778488228,1.0,0.0,1.0,1.0,143.47312674248266,0.0,1.0,2.005259302811834,0.0,1.0,0.0,3.0,0.0,1.0,0.0,1.0,0.0,0.0,0.0,0.0,1.0,0.0,0.0,0.0,0.0,0.0,1.0,0.0,0.0,0.0,0.0,0.0,0.0,0.0,0.0,0.0,0.0,0.0
06/12/2023,72.84503300869818,35.37835059809519,1.0015164857983105,15.991598759818054,0.0,0.0,7998.580289278236,1.0,0.0,1.0,1.0,234.13999184266982,0.0,0.0,2.001069803418675,0.0,1.0,0.0,3.0,1.0,0.0,0.0,0.0,1.0,0.0,0.0,0.0,1.0,0.0,0.0,0.0,0.0,0.0,0.0,0.0,0.0,0.0,0.0,0.0,0.0,0.0,0.0,0.0,1.0,0.0
10/23/2023,57.941037448307625,90.03815520025725,0.9947931759566692,16.999358505181497,0.0,0.0,5910.945384708588,1.0,0.0,1.0,1.0,140.54393376040179,0.0,1.0,2.003080477024569,0.0,1.0,0.0,3.0,0.0,1.0,0.0,1.0,0.0,0.0,0.0,0.0,1.0,0.0,0.0,0.0,0.0,0.0,1.0,0.0,0.0,0.0,0.0,0.0,0.0,0.0,0.0,0.0,0.0,0.0
01/17/2023,20.16162874081977,66.66882204898243,1.0010986849731034,16.00686405530103,0.0,0.0,6015.579852973283,1.0,0.0,1.0,1.0,1057.6078951908019,0.0,0.0,3.007260055165369,1.0,1.0,0.0,3.0,0.0,1.0,0.0,0.0,0.0,0.0,0.0,0.0,0.0,1.0,0.0,0.0,0.0,0.0,0.0,0.0,0.0,0.0,0.0,0.0,0.0,0.0,0.0,0.0,1.0,0.0
08/03/2023,27.765932318247213,231.32248021890905,0.9915804728350266,17.006321517835772,0.0,0.0,7299.031614826933,1.0,0.0,1.0,1.0,277.9732675802371,0.0,1.0,0.9924423311418675,0.0,0.0,1.0,3.0,0.0,1.0,0.0,0.0,1.0,0.0,0.0,0.0,0.0,1.0,0.0,0.0,0.0,0.0,0.0,0.0,0.0,0.0,0.0,0.0,0.0,0.0,0.0,0.0,1.0,0.0
03/07/2023,50.005405520072834,124.4927583155263,1.007732940121914,16.00154473804332,0.0,0.0,6003.374188124278,1.0,0.0,1.0,1.0,253.34272167681985,0.0,0.0,2.0081978852792814,0.0,1.0,0.0,3.0,0.0,1.0,0.0,0.0,1.0,0.0,1.0,0.0,0.0,0.0,0.0,0.0,0.0,0.0,1.0,0.0,0.0,0.0,0.0,0.0,0.0,0.0,0.0,0.0,0.0,0.0
01/17/2023,19.914558927141062,67.09704289949164,1.0072222892526124,16.006470621424782,0.0,0.0,6008.6015492671395,1.0,0.0,1.0,1.0,1049.5065745738084,0.0,0.0,2.9871811272153046,1.0,1.0,0.0,3.0,0.0,1.0,0.0,0.0,0.0,0.0,0.0,0.0,0.0,1.0,0.0,0.0,0.0,0.0,0.0,0.0,0.0,0.0,0.0,0.0,0.0,0.0,0.0,0.0,1.0,0.0
06/12/2023,72.94217573683548,37.533599207602855,0.9985386007039795,16.003582566811865,0.0,0.0,7993.1268810205365,1.0,0.0,1.0,1.0,231.39180560103165,0.0,0.0,2.0030657669491827,0.0,1.0,0.0,3.0,1.0,0.0,0.0,0.0,1.0,0.0,0.0,0.0,1.0,0.0,0.0,0.0,0.0,0.0,0.0,0.0,0.0,0.0,0.0,0.0,0.0,0.0,0.0,0.0,1.0,0.0
04/12/2023,31.17695603752146,28.16090209721747,1.002103427532687,17.008762161911367,0.0,0.0,7992.252446591175,1.0,0.0,1.0,1.0,93.22720574976103,0.0,0.0,4.001668792888,1.0,1.0,0.0,3.0,0.0,1.0,0.0,0.0,1.0,0.0,1.0,0.0,0.0,0.0,0.0,0.0,0.0,0.0,0.0,0.0,0.0,0.0,0.0,0.0,0.0,0.0,0.0,0.0,1.0,0.0
07/17/2023,31.094960889916187,55.37209550844288,0.9860530039491912,17.002112304061026,0.0,0.0,8013.015037065286,1.0,0.0,1.0,1.0,344.7284085882343,0.0,0.0,2.994246055836394,1.0,1.0,0.0,3.0,0.0,1.0,0.0,0.0,1.0,0.0,1.0,0.0,0.0,0.0,0.0,0.0,0.0,0.0,0.0,0.0,0.0,0.0,0.0,0.0,0.0,0.0,0.0,0.0,1.0,0.0
10/23/2023,58.23600979589452,89.50533255041732,0.9933078429592513,16.99740342415847,0.0,0.0,5919.998776555197,1.0,0.0,1.0,1.0,145.09033352695343,0.0,1.0,1.9997882017337842,0.0,1.0,0.0,3.0,0.0,1.0,0.0,1.0,0.0,0.0,0.0,0.0,1.0,0.0,0.0,0.0,0.0,0.0,1.0,0.0,0.0,0.0,0.0,0.0,0.0,0.0,0.0,0.0,0.0,0.0
10/23/2023,21.972734480764267,81.87391614713165,0.998299806592363,18.00245162053394,0.0,0.0,4826.519508178278,1.0,0.0,1.0,1.0,621.9112666695884,0.0,1.0,0.9941877308918907,0.0,0.0,1.0,3.0,0.0,1.0,0.0,0.0,1.0,0.0,0.0,0.0,0.0,1.0,0.0,0.0,0.0,0.0,0.0,0.0,0.0,0.0,0.0,0.0,0.0,0.0,0.0,0.0,1.0,0.0
03/23/2023,36.877187448658226,59.138133139145516,0.9937952202486278,15.978606841178184,0.0,0.0,4807.668335698211,1.0,0.0,1.0,1.0,197.10601819296463,0.0,0.0,0.9899941931639795,0.0,0.0,1.0,3.0,1.0,0.0,0.0,0.0,1.0,0.0,1.0,0.0,0.0,0.0,0.0,0.0,0.0,0.0,0.0,0.0,0.0,0.0,0.0,0.0,0.0,0.0,0.0,0.0,1.0,0.0
07/17/2023,30.96049577654766,55.57599564171296,1.0041344429667682,17.002795042342463,0.0,0.0,7985.905660521211,1.0,0.0,1.0,1.0,350.23284272022255,0.0,0.0,2.9966985197178806,1.0,1.0,0.0,3.0,0.0,1.0,0.0,0.0,1.0,0.0,1.0,0.0,0.0,0.0,0.0,0.0,0.0,0.0,0.0,0.0,0.0,0.0,0.0,0.0,0.0,0.0,0.0,0.0,1.0,0.0
09/12/2023,58.04279325497359,276.72360106204854,1.011558999511999,16.97336681061682,0.0,0.0,5918.324469515312,1.0,0.0,1.0,1.0,291.0573774785306,0.0,0.0,1.9896927467030041,0.0,1.0,0.0,3.0,0.0,1.0,0.0,1.0,0.0,0.0,0.0,0.0,1.0,0.0,0.0,0.0,0.0,0.0,0.0,0.0,0.0,0.0,0.0,0.0,0.0,0.0,0.0,0.0,1.0,0.0
03/07/2023,50.031159788590365,124.36584966506189,0.9931905509480855,15.987418823054458,0.0,0.0,6004.024685990583,1.0,0.0,1.0,1.0,255.48013160295096,0.0,0.0,2.00301375858359,0.0,1.0,0.0,3.0,0.0,1.0,0.0,0.0,1.0,0.0,1.0,0.0,0.0,0.0,0.0,0.0,0.0,0.0,1.0,0.0,0.0,0.0,0.0,0.0,0.0,0.0,0.0,0.0,0.0,0.0
02/28/2023,35.808638724569754,106.81338614060456,1.9951533290474837,17.003297883020004,0.0,0.0,8009.052353614385,1.0,0.0,1.0,1.0,205.80644763701287,0.0,0.0,0.989262369084589,0.0,0.0,1.0,3.0,0.0,1.0,0.0,0.0,0.0,0.0,1.0,0.0,0.0,0.0,0.0,0.0,0.0,0.0,0.0,0.0,0.0,0.0,0.0,0.0,0.0,0.0,0.0,0.0,1.0,0.0
08/03/2023,28.01596867437877,230.91748759716833,1.001362615681997,17.00348593481186,0.0,0.0,7297.322536580572,1.0,0.0,1.0,1.0,275.4687854813258,0.0,1.0,1.0066472853818276,0.0,0.0,1.0,3.0,0.0,1.0,0.0,0.0,1.0,0.0,0.0,0.0,0.0,1.0,0.0,0.0,0.0,0.0,0.0,0.0,0.0,0.0,0.0,0.0,0.0,0.0,0.0,0.0,1.0,0.0
01/17/2023,20.040275308686077,67.58230685130178,1.0093240490270647,15.991514341350857,0.0,0.0,6024.10383925703,1.0,0.0,1.0,1.0,1056.9843220439868,0.0,0.0,2.98896926686737,1.0,1.0,0.0,3.0,0.0,1.0,0.0,0.0,0.0,0.0,0.0,0.0,0.0,1.0,0.0,0.0,0.0,0.0,0.0,0.0,0.0,0.0,0.0,0.0,0.0,0.0,0.0,0.0,1.0,0.0
03/23/2023,37.44425704691941,57.60090889982338,0.992925725417028,15.994801698861917,0.0,0.0,4829.627553428437,1.0,0.0,1.0,1.0,191.11276497474051,0.0,0.0,0.9947128575886749,0.0,0.0,1.0,3.0,1.0,0.0,0.0,0.0,1.0,0.0,1.0,0.0,0.0,0.0,0.0,0.0,0.0,0.0,0.0,0.0,0.0,0.0,0.0,0.0,0.0,0.0,0.0,0.0,1.0,0.0
08/03/2023,28.331205578330962,230.0899006762774,1.0014412523988805,17.01000486497989,0.0,0.0,7299.3786175339865,1.0,0.0,1.0,1.0,279.115989512054,0.0,1.0,0.9941684675617395,0.0,0.0,1.0,3.0,0.0,1.0,0.0,0.0,1.0,0.0,0.0,0.0,0.0,1.0,0.0,0.0,0.0,0.0,0.0,0.0,0.0,0.0,0.0,0.0,0.0,0.0,0.0,0.0,1.0,0.0
04/12/2023,30.84942868702066,26.95953357535418,1.0105404441472037,16.996466609789262,0.0,0.0,7994.09691523088,1.0,0.0,1.0,1.0,88.00931569709452,0.0,0.0,4.01237206847297,1.0,1.0,0.0,3.0,0.0,1.0,0.0,0.0,1.0,0.0,1.0,0.0,0.0,0.0,0.0,0.0,0.0,0.0,0.0,0.0,0.0,0.0,0.0,0.0,0.0,0.0,0.0,0.0,1.0,0.0
07/10/2023,78.94928564043478,163.3618451342838,0.9904407368190873,17.01637318042486,0.0,0.0,7995.038608943346,1.0,0.0,1.0,1.0,30.532187343948422,1.0,1.0,1.0030837112102835,0.0,0.0,0.0,3.0,0.0,1.0,0.0,1.0,0.0,0.0,0.0,0.0,1.0,0.0,0.0,0.0,0.0,0.0,0.0,0.0,0.0,0.0,0.0,0.0,0.0,0.0,0.0,1.0,0.0,0.0
08/01/2023,35.74174731799387,51.52387104998457,0.9925860391239841,15.999985985189811,0.0,0.0,7316.480627080038,1.0,0.0,1.0,1.0,283.9417648642841,0.0,0.0,1.9980231735504899,0.0,1.0,0.0,3.0,1.0,0.0,0.0,0.0,1.0,0.0,0.0,1.0,0.0,0.0,0.0,0.0,0.0,0.0,0.0,0.0,0.0,0.0,0.0,0.0,0.0,0.0,0.0,0.0,1.0,0.0
08/03/2023,27.895758307849295,231.52608857940675,0.9975484518788371,17.002978639012273,0.0,0.0,7275.408908559052,1.0,0.0,1.0,1.0,271.9090425556327,0.0,1.0,1.004656232354703,0.0,0.0,1.0,3.0,0.0,1.0,0.0,0.0,1.0,0.0,0.0,0.0,0.0,1.0,0.0,0.0,0.0,0.0,0.0,0.0,0.0,0.0,0.0,0.0,0.0,0.0,0.0,0.0,1.0,0.0
01/17/2023,20.055694614839158,66.80001671417149,0.996987186871098,16.011803083731756,0.0,0.0,5990.643718605135,1.0,0.0,1.0,1.0,1056.5988213111773,0.0,0.0,2.9803264593732828,1.0,1.0,0.0,3.0,0.0,1.0,0.0,0.0,0.0,0.0,0.0,0.0,0.0,1.0,0.0,0.0,0.0,0.0,0.0,0.0,0.0,0.0,0.0,0.0,0.0,0.0,0.0,0.0,1.0,0.0
10/23/2023,22.212796223772642,82.13884493784886,1.0047027858627864,18.000956489894946,0.0,0.0,4823.475800359206,1.0,0.0,1.0,1.0,627.5324096201989,0.0,1.0,0.9995972885772616,0.0,0.0,1.0,3.0,0.0,1.0,0.0,0.0,1.0,0.0,0.0,0.0,0.0,1.0,0.0,0.0,0.0,0.0,0.0,0.0,0.0,0.0,0.0,0.0,0.0,0.0,0.0,0.0,1.0,0.0
04/12/2023,30.871339037510023,28.764610308818042,1.0013985627774724,16.99268295054761,0.0,0.0,7995.147752632492,1.0,0.0,1.0,1.0,90.76677446384085,0.0,0.0,4.018649543967491,1.0,1.0,0.0,3.0,0.0,1.0,0.0,0.0,1.0,0.0,1.0,0.0,0.0,0.0,0.0,0.0,0.0,0.0,0.0,0.0,0.0,0.0,0.0,0.0,0.0,0.0,0.0,0.0,1.0,0.0
08/01/2023,35.88456319255548,52.9320108304101,0.9897277218152797,15.999198996346765,0.0,0.0,7306.018555484615,1.0,0.0,1.0,1.0,279.8409511632158,0.0,0.0,2.001235636781719,0.0,1.0,0.0,3.0,1.0,0.0,0.0,0.0,1.0,0.0,0.0,1.0,0.0,0.0,0.0,0.0,0.0,0.0,0.0,0.0,0.0,0.0,0.0,0.0,0.0,0.0,0.0,0.0,1.0,0.0
08/03/2023,27.621069266649272,230.9514664630511,1.0029828463144521,16.99974004381454,0.0,0.0,7303.811429443525,1.0,0.0,1.0,1.0,275.67592064260543,0.0,1.0,1.0006340629010138,0.0,0.0,1.0,3.0,0.0,1.0,0.0,0.0,1.0,0.0,0.0,0.0,0.0,1.0,0.0,0.0,0.0,0.0,0.0,0.0,0.0,0.0,0.0,0.0,0.0,0.0,0.0,0.0,1.0,0.0
03/07/2023,49.97129444815784,124.95019197557951,0.9966575960983599,15.99003746981948,0.0,0.0,6007.092111334874,1.0,0.0,1.0,1.0,255.9423117735046,0.0,0.0,2.0051175327962882,0.0,1.0,0.0,3.0,0.0,1.0,0.0,0.0,1.0,0.0,1.0,0.0,0.0,0.0,0.0,0.0,0.0,0.0,1.0,0.0,0.0,0.0,0.0,0.0,0.0,0.0,0.0,0.0,0.0,0.0
05/22/2023,25.812516402481073,116.06467119098656,1.0073756372836513,15.998132441603312,0.0,0.0,5931.363960069825,1.0,0.0,1.0,1.0,382.0842350264275,0.0,0.0,2.0083617075404505,0.0,1.0,0.0,3.0,1.0,0.0,0.0,0.0,0.0,0.0,0.0,0.0,0.0,1.0,0.0,0.0,0.0,0.0,0.0,0.0,0.0,0.0,0.0,0.0,0.0,0.0,0.0,0.0,1.0,0.0
07/17/2023,30.90657016000262,54.41216211045276,0.9963679484164055,16.994582043330865,0.0,0.0,8005.477376086228,1.0,0.0,1.0,1.0,349.1867259159062,0.0,0.0,2.9813508993695415,1.0,1.0,0.0,3.0,0.0,1.0,0.0,0.0,1.0,0.0,1.0,0.0,0.0,0.0,0.0,0.0,0.0,0.0,0.0,0.0,0.0,0.0,0.0,0.0,0.0,0.0,0.0,0.0,1.0,0.0
03/23/2023,36.845260934547795,58.58274207104763,0.9963157019333759,16.00674775481405,0.0,0.0,4830.871919748376,1.0,0.0,1.0,1.0,197.2944132706442,0.0,0.0,0.9842931669579854,0.0,0.0,1.0,3.0,1.0,0.0,0.0,0.0,1.0,0.0,1.0,0.0,0.0,0.0,0.0,0.0,0.0,0.0,0.0,0.0,0.0,0.0,0.0,0.0,0.0,0.0,0.0,0.0,1.0,0.0
03/07/2023,49.9833655468287,122.96069106169591,1.003131703244322,16.000252664554218,0.0,0.0,6020.790497412756,1.0,0.0,1.0,1.0,254.7069934064627,0.0,0.0,2.0019633586197627,0.0,1.0,0.0,3.0,0.0,1.0,0.0,0.0,1.0,0.0,1.0,0.0,0.0,0.0,0.0,0.0,0.0,0.0,1.0,0.0,0.0,0.0,0.0,0.0,0.0,0.0,0.0,0.0,0.0,0.0
03/23/2023,36.68981478546033,58.376546647271354,1.004415301734751,15.99793560841258,0.0,0.0,4831.772878770731,1.0,0.0,1.0,1.0,196.07836399781888,0.0,0.0,0.9933256434319339,0.0,0.0,1.0,3.0,1.0,0.0,0.0,0.0,1.0,0.0,1.0,0.0,0.0,0.0,0.0,0.0,0.0,0.0,0.0,0.0,0.0,0.0,0.0,0.0,0.0,0.0,0.0,0.0,1.0,0.0
05/22/2023,25.741111455888934,115.74867898169352,1.002593295612007,15.99922487843267,0.0,0.0,5915.289560194469,1.0,0.0,1.0,1.0,391.8673557635224,0.0,0.0,2.0122495615230727,0.0,1.0,0.0,3.0,1.0,0.0,0.0,0.0,0.0,0.0,0.0,0.0,0.0,1.0,0.0,0.0,0.0,0.0,0.0,0.0,0.0,0.0,0.0,0.0,0.0,0.0,0.0,0.0,1.0,0.0
04/03/2023,53.37574688757387,243.564101652502,0.9902449044149788,16.00162877702071,0.0,0.0,5928.0969928997265,1.0,0.0,1.0,1.0,530.2264691773415,0.0,0.0,1.9970574133055459,0.0,1.0,0.0,3.0,1.0,0.0,0.0,0.0,1.0,0.0,0.0,1.0,0.0,0.0,0.0,0.0,0.0,0.0,0.0,0.0,0.0,0.0,0.0,0.0,0.0,0.0,0.0,0.0,1.0,0.0
01/17/2023,19.77280935351594,68.20794823438459,1.0031137789170645,16.004502705746738,0.0,0.0,6012.124966469256,1.0,0.0,1.0,1.0,1057.7220671906189,0.0,0.0,2.98193849314662,1.0,1.0,0.0,3.0,0.0,1.0,0.0,0.0,0.0,0.0,0.0,0.0,0.0,1.0,0.0,0.0,0.0,0.0,0.0,0.0,0.0,0.0,0.0,0.0,0.0,0.0,0.0,0.0,1.0,0.0
07/17/2023,30.8064509445089,54.02973442998626,0.9940141255539638,16.99270216217561,0.0,0.0,7995.013626617147,1.0,0.0,1.0,1.0,359.0955631665424,0.0,0.0,2.98816134495748,1.0,1.0,0.0,3.0,0.0,1.0,0.0,0.0,1.0,0.0,1.0,0.0,0.0,0.0,0.0,0.0,0.0,0.0,0.0,0.0,0.0,0.0,0.0,0.0,0.0,0.0,0.0,0.0,1.0,0.0
04/03/2023,53.324158965443694,243.27575753485917,1.0013616187767649,15.992396474300534,0.0,0.0,5935.98035080156,1.0,0.0,1.0,1.0,528.4403518397455,0.0,0.0,1.9743279900617212,0.0,1.0,0.0,3.0,1.0,0.0,0.0,0.0,1.0,0.0,0.0,1.0,0.0,0.0,0.0,0.0,0.0,0.0,0.0,0.0,0.0,0.0,0.0,0.0,0.0,0.0,0.0,0.0,1.0,0.0
06/12/2023,73.51265536107516,36.269557618142784,0.9917603894110653,16.008064090375996,0.0,0.0,7970.073943301064,1.0,0.0,1.0,1.0,231.91148689838104,0.0,0.0,1.997814115889646,0.0,1.0,0.0,3.0,1.0,0.0,0.0,0.0,1.0,0.0,0.0,0.0,1.0,0.0,0.0,0.0,0.0,0.0,0.0,0.0,0.0,0.0,0.0,0.0,0.0,0.0,0.0,0.0,1.0,0.0
07/17/2023,30.793254379973217,55.333228476866125,1.002583010287267,16.996989966176194,0.0,0.0,7980.581754512982,1.0,0.0,1.0,1.0,353.1197865442193,0.0,0.0,2.998241174904673,1.0,1.0,0.0,3.0,0.0,1.0,0.0,0.0,1.0,0.0,1.0,0.0,0.0,0.0,0.0,0.0,0.0,0.0,0.0,0.0,0.0,0.0,0.0,0.0,0.0,0.0,0.0,0.0,1.0,0.0
04/03/2023,52.93501534012479,242.9079796232002,0.9953319518670689,15.989657139806821,0.0,0.0,5908.927160944516,1.0,0.0,1.0,1.0,530.1490892624549,0.0,0.0,1.9960370564291376,0.0,1.0,0.0,3.0,1.0,0.0,0.0,0.0,1.0,0.0,0.0,1.0,0.0,0.0,0.0,0.0,0.0,0.0,0.0,0.0,0.0,0.0,0.0,0.0,0.0,0.0,0.0,0.0,1.0,0.0
03/10/2023,72.06027409147322,80.71473835744878,0.9925769793978053,17.00323980550062,0.0,0.0,7991.305537366739,1.0,0.0,1.0,1.0,136.6212861750326,0.0,0.0,2.0100728206575744,0.0,1.0,1.0,3.0,0.0,1.0,0.0,0.0,1.0,0.0,0.0,0.0,1.0,0.0,0.0,0.0,0.0,0.0,0.0,0.0,0.0,0.0,0.0,0.0,0.0,0.0,0.0,0.0,1.0,0.0
10/23/2023,58.30506217703539,90.65164712423501,1.0041311074656325,17.003382571104133,0.0,0.0,5918.410563528918,1.0,0.0,1.0,1.0,143.29762967727973,0.0,1.0,2.0111898321600865,0.0,1.0,0.0,3.0,0.0,1.0,0.0,1.0,0.0,0.0,0.0,0.0,1.0,0.0,0.0,0.0,0.0,0.0,1.0,0.0,0.0,0.0,0.0,0.0,0.0,0.0,0.0,0.0,0.0,0.0
06/12/2023,72.82584995719617,36.57530081617974,1.0013984748209084,15.988825872703744,0.0,0.0,7979.670075552847,1.0,0.0,1.0,1.0,240.0461769049359,0.0,0.0,1.9984091895675937,0.0,1.0,0.0,3.0,1.0,0.0,0.0,0.0,1.0,0.0,0.0,0.0,1.0,0.0,0.0,0.0,0.0,0.0,0.0,0.0,0.0,0.0,0.0,0.0,0.0,0.0,0.0,0.0,1.0,0.0
03/10/2023,71.95671597407227,81.62521201929496,0.9964467181320235,17.001675202418344,0.0,0.0,7984.980666602374,1.0,0.0,1.0,1.0,138.85553530068532,0.0,0.0,1.9800696967004827,0.0,1.0,1.0,3.0,0.0,1.0,0.0,0.0,1.0,0.0,0.0,0.0,1.0,0.0,0.0,0.0,0.0,0.0,0.0,0.0,0.0,0.0,0.0,0.0,0.0,0.0,0.0,0.0,1.0,0.0
10/23/2023,22.137176269090336,81.24905381705209,1.0083984402663413,18.005369711363887,0.0,0.0,4820.244998775001,1.0,0.0,1.0,1.0,623.0831925654762,0.0,1.0,1.0057631730996595,0.0,0.0,1.0,3.0,0.0,1.0,0.0,0.0,1.0,0.0,0.0,0.0,0.0,1.0,0.0,0.0,0.0,0.0,0.0,0.0,0.0,0.0,0.0,0.0,0.0,0.0,0.0,0.0,1.0,0.0
03/23/2023,37.07672289344938,58.54070537816986,0.9974498022464504,16.002732998086696,0.0,0.0,4853.99269200507,1.0,0.0,1.0,1.0,197.39751066661142,0.0,0.0,1.0051850520584285,0.0,0.0,1.0,3.0,1.0,0.0,0.0,0.0,1.0,0.0,1.0,0.0,0.0,0.0,0.0,0.0,0.0,0.0,0.0,0.0,0.0,0.0,0.0,0.0,0.0,0.0,0.0,0.0,1.0,0.0
01/12/2023,48.93361997665359,119.30037108565371,1.0001858174697889,16.004613425988243,0.0,0.0,5939.324220763467,1.0,0.0,1.0,1.0,228.71430504654563,0.0,0.0,4.002888596113572,1.0,1.0,0.0,3.0,1.0,0.0,0.0,0.0,1.0,0.0,0.0,1.0,0.0,0.0,0.0,0.0,0.0,0.0,0.0,0.0,0.0,0.0,0.0,0.0,0.0,0.0,0.0,0.0,1.0,0.0
02/28/2023,35.976384346317175,106.8671540124884,2.0015562888948306,16.98974892189395,0.0,0.0,7990.812392979851,1.0,0.0,1.0,1.0,200.33806539272018,0.0,0.0,1.0091634642403589,0.0,0.0,1.0,3.0,0.0,1.0,0.0,0.0,0.0,0.0,1.0,0.0,0.0,0.0,0.0,0.0,0.0,0.0,0.0,0.0,0.0,0.0,0.0,0.0,0.0,0.0,0.0,0.0,1.0,0.0
03/23/2023,36.757373008602436,59.23071457796155,0.9964137932851099,16.002416572784888,0.0,0.0,4825.302255999634,1.0,0.0,1.0,1.0,196.4717879784151,0.0,0.0,0.9891247266022447,0.0,0.0,1.0,3.0,1.0,0.0,0.0,0.0,1.0,0.0,1.0,0.0,0.0,0.0,0.0,0.0,0.0,0.0,0.0,0.0,0.0,0.0,0.0,0.0,0.0,0.0,0.0,0.0,1.0,0.0
09/12/2023,57.957969630441326,277.25406237168994,1.0027266177563805,16.99779089435566,0.0,0.0,5909.312273145959,1.0,0.0,1.0,1.0,286.61840916237514,0.0,0.0,2.018754496118653,0.0,1.0,0.0,3.0,0.0,1.0,0.0,1.0,0.0,0.0,0.0,0.0,1.0,0.0,0.0,0.0,0.0,0.0,0.0,0.0,0.0,0.0,0.0,0.0,0.0,0.0,0.0,0.0,1.0,0.0
09/12/2023,57.952990768570714,277.92707977913216,0.9969127391323097,16.996475661514843,0.0,0.0,5901.593778714458,1.0,0.0,1.0,1.0,290.92302599949437,0.0,0.0,1.991042421493341,0.0,1.0,0.0,3.0,0.0,1.0,0.0,1.0,0.0,0.0,0.0,0.0,1.0,0.0,0.0,0.0,0.0,0.0,0.0,0.0,0.0,0.0,0.0,0.0,0.0,0.0,0.0,0.0,1.0,0.0
03/10/2023,72.04097087318922,81.75937053392693,0.9976177162016923,17.006355002442167,0.0,0.0,7993.811295734496,1.0,0.0,1.0,1.0,143.00729099677986,0.0,0.0,2.006995027158025,0.0,1.0,1.0,3.0,0.0,1.0,0.0,0.0,1.0,0.0,0.0,0.0,1.0,0.0,0.0,0.0,0.0,0.0,0.0,0.0,0.0,0.0,0.0,0.0,0.0,0.0,0.0,0.0,1.0,0.0
05/11/2023,67.90200175786195,89.96327343728065,1.0078860526546938,16.010798613007886,0.0,0.0,4818.851565562377,1.0,0.0,1.0,1.0,402.22025214677615,0.0,1.0,0.9842462870276146,0.0,0.0,1.0,3.0,0.0,1.0,0.0,0.0,1.0,0.0,0.0,0.0,1.0,0.0,0.0,0.0,0.0,0.0,0.0,0.0,1.0,0.0,0.0,0.0,0.0,0.0,0.0,0.0,0.0,0.0
08/01/2023,36.08321210404213,52.74917017397978,0.993977792737326,16.013098791111958,0.0,0.0,7298.137046303431,1.0,0.0,1.0,1.0,283.01523890029154,0.0,0.0,1.9913146988494903,0.0,1.0,0.0,3.0,1.0,0.0,0.0,0.0,1.0,0.0,0.0,1.0,0.0,0.0,0.0,0.0,0.0,0.0,0.0,0.0,0.0,0.0,0.0,0.0,0.0,0.0,0.0,0.0,1.0,0.0
10/23/2023,58.178713318145654,89.76730150369214,0.9860364616678475,17.0095980166505,0.0,0.0,5904.72545786508,1.0,0.0,1.0,1.0,144.67261699291333,0.0,1.0,2.0141573882489827,0.0,1.0,0.0,3.0,0.0,1.0,0.0,1.0,0.0,0.0,0.0,0.0,1.0,0.0,0.0,0.0,0.0,0.0,1.0,0.0,0.0,0.0,0.0,0.0,0.0,0.0,0.0,0.0,0.0,0.0
06/12/2023,73.02742851488641,37.78242304758059,1.0093230122080221,15.999198947218646,0.0,0.0,7987.250506123999,1.0,0.0,1.0,1.0,232.9259068505721,0.0,0.0,1.9975641410838383,0.0,1.0,0.0,3.0,1.0,0.0,0.0,0.0,1.0,0.0,0.0,0.0,1.0,0.0,0.0,0.0,0.0,0.0,0.0,0.0,0.0,0.0,0.0,0.0,0.0,0.0,0.0,0.0,1.0,0.0
10/23/2023,58.062074230319965,90.2691235623642,1.0147537834800493,17.002574835511,0.0,0.0,5922.511579229848,1.0,0.0,1.0,1.0,145.3352351941787,0.0,1.0,2.007841833478713,0.0,1.0,0.0,3.0,0.0,1.0,0.0,1.0,0.0,0.0,0.0,0.0,1.0,0.0,0.0,0.0,0.0,0.0,1.0,0.0,0.0,0.0,0.0,0.0,0.0,0.0,0.0,0.0,0.0,0.0
06/12/2023,73.009380290478,36.90794390673194,0.9976545759883723,16.00559775983311,0.0,0.0,7998.724454283747,1.0,0.0,1.0,1.0,233.01106537260634,0.0,0.0,2.00221230466815,0.0,1.0,0.0,3.0,1.0,0.0,0.0,0.0,1.0,0.0,0.0,0.0,1.0,0.0,0.0,0.0,0.0,0.0,0.0,0.0,0.0,0.0,0.0,0.0,0.0,0.0,0.0,0.0,1.0,0.0
03/23/2023,37.00001489279532,59.2448341537483,0.9887908932791439,16.000884591581976,0.0,0.0,4833.245806867132,1.0,0.0,1.0,1.0,197.39850832366471,0.0,0.0,0.9990200711630377,0.0,0.0,1.0,3.0,1.0,0.0,0.0,0.0,1.0,0.0,1.0,0.0,0.0,0.0,0.0,0.0,0.0,0.0,0.0,0.0,0.0,0.0,0.0,0.0,0.0,0.0,0.0,0.0,1.0,0.0
10/23/2023,21.872667111404756,83.36957432341187,0.9982031290426423,18.00095457053465,0.0,0.0,4815.570256805268,1.0,0.0,1.0,1.0,620.4632057678739,0.0,1.0,1.0127334198087456,0.0,0.0,1.0,3.0,0.0,1.0,0.0,0.0,1.0,0.0,0.0,0.0,0.0,1.0,0.0,0.0,0.0,0.0,0.0,0.0,0.0,0.0,0.0,0.0,0.0,0.0,0.0,0.0,1.0,0.0
04/12/2023,31.05585154164913,29.458001481361183,0.9983435354307193,17.0060133472327,0.0,0.0,8003.692393503949,1.0,0.0,1.0,1.0,92.25634451697812,0.0,0.0,3.9977904641655706,1.0,1.0,0.0,3.0,0.0,1.0,0.0,0.0,1.0,0.0,1.0,0.0,0.0,0.0,0.0,0.0,0.0,0.0,0.0,0.0,0.0,0.0,0.0,0.0,0.0,0.0,0.0,0.0,1.0,0.0
03/10/2023,71.98283189567336,82.04870425908528,0.9989008494472921,16.999567240327675,0.0,0.0,7986.8616226899885,1.0,0.0,1.0,1.0,137.00614436302376,0.0,0.0,1.9833743589904882,0.0,1.0,1.0,3.0,0.0,1.0,0.0,0.0,1.0,0.0,0.0,0.0,1.0,0.0,0.0,0.0,0.0,0.0,0.0,0.0,0.0,0.0,0.0,0.0,0.0,0.0,0.0,0.0,1.0,0.0
05/22/2023,26.369380084070986,116.11245080013477,0.9935564641328344,15.994676250188334,0.0,0.0,5927.436342426101,1.0,0.0,1.0,1.0,387.9866867977956,0.0,0.0,1.9925006482668535,0.0,1.0,0.0,3.0,1.0,0.0,0.0,0.0,0.0,0.0,0.0,0.0,0.0,1.0,0.0,0.0,0.0,0.0,0.0,0.0,0.0,0.0,0.0,0.0,0.0,0.0,0.0,0.0,1.0,0.0
05/11/2023,68.27764894187928,91.75550045941031,1.0033541073445666,15.996974372093984,0.0,0.0,4828.891801676024,1.0,0.0,1.0,1.0,398.0500315044453,0.0,1.0,1.0051461333757523,0.0,0.0,1.0,3.0,0.0,1.0,0.0,0.0,1.0,0.0,0.0,0.0,1.0,0.0,0.0,0.0,0.0,0.0,0.0,0.0,1.0,0.0,0.0,0.0,0.0,0.0,0.0,0.0,0.0,0.0
09/12/2023,58.068090096440756,276.40636177313326,1.0030354934290608,17.004627506795686,0.0,0.0,5907.001753236241,1.0,0.0,1.0,1.0,293.47778334971,0.0,0.0,2.0036926218349835,0.0,1.0,0.0,3.0,0.0,1.0,0.0,1.0,0.0,0.0,0.0,0.0,1.0,0.0,0.0,0.0,0.0,0.0,0.0,0.0,0.0,0.0,0.0,0.0,0.0,0.0,0.0,0.0,1.0,0.0
10/23/2023,21.865343778106393,82.23380917147846,0.991351392462615,18.000021850841783,0.0,0.0,4825.784180691973,1.0,0.0,1.0,1.0,628.2605353227025,0.0,1.0,0.9853693545396993,0.0,0.0,1.0,3.0,0.0,1.0,0.0,0.0,1.0,0.0,0.0,0.0,0.0,1.0,0.0,0.0,0.0,0.0,0.0,0.0,0.0,0.0,0.0,0.0,0.0,0.0,0.0,0.0,1.0,0.0
03/23/2023,36.80369345298721,58.981844764502384,1.0040464771034403,16.002483511920953,0.0,0.0,4832.71585169392,1.0,0.0,1.0,1.0,197.51179430939143,0.0,0.0,0.9932372656908637,0.0,0.0,1.0,3.0,1.0,0.0,0.0,0.0,1.0,0.0,1.0,0.0,0.0,0.0,0.0,0.0,0.0,0.0,0.0,0.0,0.0,0.0,0.0,0.0,0.0,0.0,0.0,0.0,1.0,0.0
09/12/2023,58.21020024155502,277.2203576927729,1.011879550351852,17.004891537283275,0.0,0.0,5927.234029776697,1.0,0.0,1.0,1.0,286.03502501966904,0.0,0.0,1.9945688305998919,0.0,1.0,0.0,3.0,0.0,1.0,0.0,1.0,0.0,0.0,0.0,0.0,1.0,0.0,0.0,0.0,0.0,0.0,0.0,0.0,0.0,0.0,0.0,0.0,0.0,0.0,0.0,0.0,1.0,0.0
03/10/2023,72.04636718913636,81.41499068643267,1.0009951899320522,16.997263680359573,0.0,0.0,7993.566113554175,1.0,0.0,1.0,1.0,140.17028152343664,0.0,0.0,1.9965878383543165,0.0,1.0,1.0,3.0,0.0,1.0,0.0,0.0,1.0,0.0,0.0,0.0,1.0,0.0,0.0,0.0,0.0,0.0,0.0,0.0,0.0,0.0,0.0,0.0,0.0,0.0,0.0,0.0,1.0,0.0
09/12/2023,58.084730601908234,275.88415335264415,0.9980477904388716,17.005520565113528,0.0,0.0,5936.578620782676,1.0,0.0,1.0,1.0,291.05973608321807,0.0,0.0,1.9871539530226046,0.0,1.0,0.0,3.0,0.0,1.0,0.0,1.0,0.0,0.0,0.0,0.0,1.0,0.0,0.0,0.0,0.0,0.0,0.0,0.0,0.0,0.0,0.0,0.0,0.0,0.0,0.0,0.0,1.0,0.0
05/11/2023,67.6921340172273,89.54480440320282,0.9991781815765614,16.0027655277206,0.0,0.0,4839.2466670170015,1.0,0.0,1.0,1.0,396.7980919200661,0.0,1.0,0.9941332908977627,0.0,0.0,1.0,3.0,0.0,1.0,0.0,0.0,1.0,0.0,0.0,0.0,1.0,0.0,0.0,0.0,0.0,0.0,0.0,0.0,1.0,0.0,0.0,0.0,0.0,0.0,0.0,0.0,0.0,0.0
07/17/2023,31.16366448069513,54.215617253412326,1.0035606894417828,16.990985940360353,0.0,0.0,7992.38975567803,1.0,0.0,1.0,1.0,351.93639992408123,0.0,0.0,2.993197418355771,1.0,1.0,0.0,3.0,0.0,1.0,0.0,0.0,1.0,0.0,1.0,0.0,0.0,0.0,0.0,0.0,0.0,0.0,0.0,0.0,0.0,0.0,0.0,0.0,0.0,0.0,0.0,0.0,1.0,0.0
03/07/2023,50.08019126890897,123.67801852951891,0.9899840449650225,16.010528736327878,0.0,0.0,6018.628949141288,1.0,0.0,1.0,1.0,254.954194138604,0.0,0.0,2.007203324817511,0.0,1.0,0.0,3.0,0.0,1.0,0.0,0.0,1.0,0.0,1.0,0.0,0.0,0.0,0.0,0.0,0.0,0.0,1.0,0.0,0.0,0.0,0.0,0.0,0.0,0.0,0.0,0.0,0.0,0.0
09/12/2023,57.80404300131336,276.79418499033727,1.000951382043797,16.99634459414764,0.0,0.0,5940.6672219225675,1.0,0.0,1.0,1.0,291.45556533844524,0.0,0.0,2.007554261007013,0.0,1.0,0.0,3.0,0.0,1.0,0.0,1.0,0.0,0.0,0.0,0.0,1.0,0.0,0.0,0.0,0.0,0.0,0.0,0.0,0.0,0.0,0.0,0.0,0.0,0.0,0.0,0.0,1.0,0.0
03/10/2023,71.91679031625202,83.35990004001053,0.9977402591293725,16.987917905721186,0.0,0.0,8014.938678051562,1.0,0.0,1.0,1.0,138.46399383990277,0.0,0.0,1.998638658699266,0.0,1.0,1.0,3.0,0.0,1.0,0.0,0.0,1.0,0.0,0.0,0.0,1.0,0.0,0.0,0.0,0.0,0.0,0.0,0.0,0.0,0.0,0.0,0.0,0.0,0.0,0.0,0.0,1.0,0.0
05/11/2023,68.0465380078136,91.77638665800836,1.010693959606999,15.992371245151109,0.0,0.0,4816.510896917376,1.0,0.0,1.0,1.0,401.76231829715226,0.0,1.0,0.9963397689531633,0.0,0.0,1.0,3.0,0.0,1.0,0.0,0.0,1.0,0.0,0.0,0.0,1.0,0.0,0.0,0.0,0.0,0.0,0.0,0.0,1.0,0.0,0.0,0.0,0.0,0.0,0.0,0.0,0.0,0.0
03/07/2023,50.00925878263352,123.3246300322952,0.9989920061873331,15.992546433083124,0.0,0.0,6001.576898487192,1.0,0.0,1.0,1.0,257.85727933945833,0.0,0.0,2.001306386026437,0.0,1.0,0.0,3.0,0.0,1.0,0.0,0.0,1.0,0.0,1.0,0.0,0.0,0.0,0.0,0.0,0.0,0.0,1.0,0.0,0.0,0.0,0.0,0.0,0.0,0.0,0.0,0.0,0.0,0.0
10/23/2023,57.94844073612486,90.24408482971492,1.0096526038002878,17.000380862019494,0.0,0.0,5936.102040388166,1.0,0.0,1.0,1.0,149.20922822328558,0.0,1.0,1.9923761475445507,0.0,1.0,0.0,3.0,0.0,1.0,0.0,1.0,0.0,0.0,0.0,0.0,1.0,0.0,0.0,0.0,0.0,0.0,1.0,0.0,0.0,0.0,0.0,0.0,0.0,0.0,0.0,0.0,0.0,0.0
06/12/2023,72.98173749096264,36.714238692502775,0.993612296426381,15.998000908141073,0.0,0.0,7984.236985002436,1.0,0.0,1.0,1.0,226.49528614093504,0.0,0.0,1.9892927441630397,0.0,1.0,0.0,3.0,1.0,0.0,0.0,0.0,1.0,0.0,0.0,0.0,1.0,0.0,0.0,0.0,0.0,0.0,0.0,0.0,0.0,0.0,0.0,0.0,0.0,0.0,0.0,0.0,1.0,0.0
07/17/2023,30.955533711862092,54.800381904737016,1.003398658295345,16.997541147338787,0.0,0.0,7981.549385873208,1.0,0.0,1.0,1.0,351.16908271369243,0.0,0.0,2.9912217410169784,1.0,1.0,0.0,3.0,0.0,1.0,0.0,0.0,1.0,0.0,1.0,0.0,0.0,0.0,0.0,0.0,0.0,0.0,0.0,0.0,0.0,0.0,0.0,0.0,0.0,0.0,0.0,0.0,1.0,0.0
07/17/2023,31.026922609761506,55.13009513936318,1.0018484723907835,17.004523786259536,0.0,0.0,7990.05526937641,1.0,0.0,1.0,1.0,351.5690145922428,0.0,0.0,2.99407314544038,1.0,1.0,0.0,3.0,0.0,1.0,0.0,0.0,1.0,0.0,1.0,0.0,0.0,0.0,0.0,0.0,0.0,0.0,0.0,0.0,0.0,0.0,0.0,0.0,0.0,0.0,0.0,0.0,1.0,0.0
08/01/2023,36.25967325531108,52.43464654248707,0.994970543152042,16.00248106924709,0.0,0.0,7303.273823454433,1.0,0.0,1.0,1.0,279.4137612800747,0.0,0.0,1.9891373708255247,0.0,1.0,0.0,3.0,1.0,0.0,0.0,0.0,1.0,0.0,0.0,1.0,0.0,0.0,0.0,0.0,0.0,0.0,0.0,0.0,0.0,0.0,0.0,0.0,0.0,0.0,0.0,0.0,1.0,0.0
04/03/2023,52.54706341260389,242.76184689016193,1.0010266485576635,16.002307130030584,0.0,0.0,5919.958596784772,1.0,0.0,1.0,1.0,529.2465306433951,0.0,0.0,2.001513049021468,0.0,1.0,0.0,3.0,1.0,0.0,0.0,0.0,1.0,0.0,0.0,1.0,0.0,0.0,0.0,0.0,0.0,0.0,0.0,0.0,0.0,0.0,0.0,0.0,0.0,0.0,0.0,0.0,1.0,0.0
10/23/2023,57.95820318402321,90.74680387657833,1.0070172377648787,17.002991722549382,0.0,0.0,5914.383585581777,1.0,0.0,1.0,1.0,149.26870949887427,0.0,1.0,2.00681290010014,0.0,1.0,0.0,3.0,0.0,1.0,0.0,1.0,0.0,0.0,0.0,0.0,1.0,0.0,0.0,0.0,0.0,0.0,1.0,0.0,0.0,0.0,0.0,0.0,0.0,0.0,0.0,0.0,0.0,0.0
02/28/2023,36.03114903506228,106.1983807252651,1.998126112926038,17.004497745207185,0.0,0.0,7988.143070235131,1.0,0.0,1.0,1.0,198.15583377154132,0.0,0.0,0.9851822530871867,0.0,0.0,1.0,3.0,0.0,1.0,0.0,0.0,0.0,0.0,1.0,0.0,0.0,0.0,0.0,0.0,0.0,0.0,0.0,0.0,0.0,0.0,0.0,0.0,0.0,0.0,0.0,0.0,1.0,0.0
08/03/2023,28.0522338716522,231.0044499032058,0.9902080661859711,16.984612070165287,0.0,0.0,7291.7553323367865,1.0,0.0,1.0,1.0,276.8805526323998,0.0,1.0,1.0002346111030787,0.0,0.0,1.0,3.0,0.0,1.0,0.0,0.0,1.0,0.0,0.0,0.0,0.0,1.0,0.0,0.0,0.0,0.0,0.0,0.0,0.0,0.0,0.0,0.0,0.0,0.0,0.0,0.0,1.0,0.0
05/11/2023,67.93436846968801,92.82351836644094,0.9998983582559942,15.997339623157787,0.0,0.0,4820.055140488185,1.0,0.0,1.0,1.0,398.6027689551414,0.0,1.0,0.9979465966602789,0.0,0.0,1.0,3.0,0.0,1.0,0.0,0.0,1.0,0.0,0.0,0.0,1.0,0.0,0.0,0.0,0.0,0.0,0.0,0.0,1.0,0.0,0.0,0.0,0.0,0.0,0.0,0.0,0.0,0.0
10/23/2023,57.689992421090686,90.15659780660414,0.9947773863561378,16.984084600530576,0.0,0.0,5944.204846063926,1.0,0.0,1.0,1.0,144.2412239885642,0.0,1.0,2.0031884535874473,0.0,1.0,0.0,3.0,0.0,1.0,0.0,1.0,0.0,0.0,0.0,0.0,1.0,0.0,0.0,0.0,0.0,0.0,1.0,0.0,0.0,0.0,0.0,0.0,0.0,0.0,0.0,0.0,0.0,0.0
04/03/2023,53.05788115500904,244.00608977528168,0.998018762521221,16.00026323524929,0.0,0.0,5924.0257710072165,1.0,0.0,1.0,1.0,532.8671796182426,0.0,0.0,1.9998791987925222,0.0,1.0,0.0,3.0,1.0,0.0,0.0,0.0,1.0,0.0,0.0,1.0,0.0,0.0,0.0,0.0,0.0,0.0,0.0,0.0,0.0,0.0,0.0,0.0,0.0,0.0,0.0,0.0,1.0,0.0
07/17/2023,31.30482439687518,55.064245453187645,0.9995278252500532,16.999966179587517,0.0,0.0,8004.018588204172,1.0,0.0,1.0,1.0,350.5798175278904,0.0,0.0,2.9864286501775967,1.0,1.0,0.0,3.0,0.0,1.0,0.0,0.0,1.0,0.0,1.0,0.0,0.0,0.0,0.0,0.0,0.0,0.0,0.0,0.0,0.0,0.0,0.0,0.0,0.0,0.0,0.0,0.0,1.0,0.0
01/12/2023,48.72932045058974,119.40769465745414,0.990128840245279,16.007632321344847,0.0,0.0,5916.025945026448,1.0,0.0,1.0,1.0,230.20987303279077,0.0,0.0,3.988213858507377,1.0,1.0,0.0,3.0,1.0,0.0,0.0,0.0,1.0,0.0,0.0,1.0,0.0,0.0,0.0,0.0,0.0,0.0,0.0,0.0,0.0,0.0,0.0,0.0,0.0,0.0,0.0,0.0,1.0,0.0
08/03/2023,28.152439181771165,230.9601392596691,0.9906496638489775,17.00866965807178,0.0,0.0,7297.108768456294,1.0,0.0,1.0,1.0,271.1019576689982,0.0,1.0,1.000274709572853,0.0,0.0,1.0,3.0,0.0,1.0,0.0,0.0,1.0,0.0,0.0,0.0,0.0,1.0,0.0,0.0,0.0,0.0,0.0,0.0,0.0,0.0,0.0,0.0,0.0,0.0,0.0,0.0,1.0,0.0
04/03/2023,52.942025362213435,242.88037706550585,1.0027898763307337,16.001480245389164,0.0,0.0,5913.742955950141,1.0,0.0,1.0,1.0,533.8747445159851,0.0,0.0,2.0096050857655463,0.0,1.0,0.0,3.0,1.0,0.0,0.0,0.0,1.0,0.0,0.0,1.0,0.0,0.0,0.0,0.0,0.0,0.0,0.0,0.0,0.0,0.0,0.0,0.0,0.0,0.0,0.0,0.0,1.0,0.0
10/23/2023,57.9891781315811,89.45281793775968,0.9969748582341575,16.99634739488849,0.0,0.0,5894.031382773687,1.0,0.0,1.0,1.0,147.57748429622131,0.0,1.0,1.9793275135729393,0.0,1.0,0.0,3.0,0.0,1.0,0.0,1.0,0.0,0.0,0.0,0.0,1.0,0.0,0.0,0.0,0.0,0.0,1.0,0.0,0.0,0.0,0.0,0.0,0.0,0.0,0.0,0.0,0.0,0.0
04/12/2023,30.81419566752339,28.302063505177717,0.9851569969010041,17.003541646302327,0.0,0.0,7980.985259301623,1.0,0.0,1.0,1.0,89.52229408905903,0.0,0.0,4.003227833435368,1.0,1.0,0.0,3.0,0.0,1.0,0.0,0.0,1.0,0.0,1.0,0.0,0.0,0.0,0.0,0.0,0.0,0.0,0.0,0.0,0.0,0.0,0.0,0.0,0.0,0.0,0.0,0.0,1.0,0.0
08/01/2023,35.940978731363465,51.40223682124135,1.004542145693685,15.996146233694716,0.0,0.0,7280.585500380949,1.0,0.0,1.0,1.0,285.5065326405529,0.0,0.0,2.0111067586597504,0.0,1.0,0.0,3.0,1.0,0.0,0.0,0.0,1.0,0.0,0.0,1.0,0.0,0.0,0.0,0.0,0.0,0.0,0.0,0.0,0.0,0.0,0.0,0.0,0.0,0.0,0.0,0.0,1.0,0.0
04/03/2023,53.229418045188766,243.46722838608372,1.0015762916621695,15.99998983373006,0.0,0.0,5898.119068205745,1.0,0.0,1.0,1.0,525.3097005192578,0.0,0.0,1.9985712928407808,0.0,1.0,0.0,3.0,1.0,0.0,0.0,0.0,1.0,0.0,0.0,1.0,0.0,0.0,0.0,0.0,0.0,0.0,0.0,0.0,0.0,0.0,0.0,0.0,0.0,0.0,0.0,0.0,1.0,0.0
07/10/2023,79.10282080105625,165.76185117676818,0.9958685760398454,17.007198734503326,0.0,0.0,7982.8428640882685,1.0,0.0,1.0,1.0,35.09535568360578,1.0,1.0,1.0051368975272783,0.0,0.0,0.0,3.0,0.0,1.0,0.0,1.0,0.0,0.0,0.0,0.0,1.0,0.0,0.0,0.0,0.0,0.0,0.0,0.0,0.0,0.0,0.0,0.0,0.0,0.0,0.0,1.0,0.0,0.0
10/23/2023,22.305699930441996,82.25729819189048,0.9923790786532296,17.995928303456346,0.0,0.0,4842.475170737494,1.0,0.0,1.0,1.0,624.151947530135,0.0,1.0,0.9934358825173412,0.0,0.0,1.0,3.0,0.0,1.0,0.0,0.0,1.0,0.0,0.0,0.0,0.0,1.0,0.0,0.0,0.0,0.0,0.0,0.0,0.0,0.0,0.0,0.0,0.0,0.0,0.0,0.0,1.0,0.0
10/23/2023,22.207777129379032,81.79905874334214,1.0048370899948462,18.005881404547377,0.0,0.0,4828.548071715866,1.0,0.0,1.0,1.0,624.4658339855761,0.0,1.0,0.9988855522497002,0.0,0.0,1.0,3.0,0.0,1.0,0.0,0.0,1.0,0.0,0.0,0.0,0.0,1.0,0.0,0.0,0.0,0.0,0.0,0.0,0.0,0.0,0.0,0.0,0.0,0.0,0.0,0.0,1.0,0.0
01/12/2023,49.077485347778996,119.31867534522368,1.0020218047813763,16.004944988356613,0.0,0.0,5934.125395298518,1.0,0.0,1.0,1.0,227.71305755662254,0.0,0.0,3.984866541492882,1.0,1.0,0.0,3.0,1.0,0.0,0.0,0.0,1.0,0.0,0.0,1.0,0.0,0.0,0.0,0.0,0.0,0.0,0.0,0.0,0.0,0.0,0.0,0.0,0.0,0.0,0.0,0.0,1.0,0.0
10/23/2023,58.30775101989733,89.78331728875283,1.0137888882290897,16.99303007841892,0.0,0.0,5925.179808034379,1.0,0.0,1.0,1.0,144.48010495099825,0.0,1.0,1.9781123287678988,0.0,1.0,0.0,3.0,0.0,1.0,0.0,1.0,0.0,0.0,0.0,0.0,1.0,0.0,0.0,0.0,0.0,0.0,1.0,0.0,0.0,0.0,0.0,0.0,0.0,0.0,0.0,0.0,0.0,0.0
03/10/2023,72.07746884433014,82.65673658261632,1.002431767007471,17.007109367277934,0.0,0.0,8002.958842663753,1.0,0.0,1.0,1.0,139.81834818327934,0.0,0.0,2.0088020162541826,0.0,1.0,1.0,3.0,0.0,1.0,0.0,0.0,1.0,0.0,0.0,0.0,1.0,0.0,0.0,0.0,0.0,0.0,0.0,0.0,0.0,0.0,0.0,0.0,0.0,0.0,0.0,0.0,1.0,0.0
03/10/2023,72.14611454848145,80.71438718543209,1.0022437631827106,17.00509949138552,0.0,0.0,7985.837624973018,1.0,0.0,1.0,1.0,138.66985381011722,0.0,0.0,1.9908037167312922,0.0,1.0,1.0,3.0,0.0,1.0,0.0,0.0,1.0,0.0,0.0,0.0,1.0,0.0,0.0,0.0,0.0,0.0,0.0,0.0,0.0,0.0,0.0,0.0,0.0,0.0,0.0,0.0,1.0,0.0
04/03/2023,52.9476643119035,242.76440990513493,0.9990339342040807,16.00074405271319,0.0,0.0,5926.32872810441,1.0,0.0,1.0,1.0,530.7059956604438,0.0,0.0,1.995747020637849,0.0,1.0,0.0,3.0,1.0,0.0,0.0,0.0,1.0,0.0,0.0,1.0,0.0,0.0,0.0,0.0,0.0,0.0,0.0,0.0,0.0,0.0,0.0,0.0,0.0,0.0,0.0,0.0,1.0,0.0
06/12/2023,73.0117432979239,35.60248721767036,1.0047269455011023,15.99443508561077,0.0,0.0,8002.411228070343,1.0,0.0,1.0,1.0,233.97697929438658,0.0,0.0,1.9870556534476436,0.0,1.0,0.0,3.0,1.0,0.0,0.0,0.0,1.0,0.0,0.0,0.0,1.0,0.0,0.0,0.0,0.0,0.0,0.0,0.0,0.0,0.0,0.0,0.0,0.0,0.0,0.0,0.0,1.0,0.0
09/12/2023,57.87692606018128,275.9504952623752,1.0036175697624024,16.993727848873423,0.0,0.0,5915.135335363226,1.0,0.0,1.0,1.0,291.3433358609255,0.0,0.0,1.9868359923235233,0.0,1.0,0.0,3.0,0.0,1.0,0.0,1.0,0.0,0.0,0.0,0.0,1.0,0.0,0.0,0.0,0.0,0.0,0.0,0.0,0.0,0.0,0.0,0.0,0.0,0.0,0.0,0.0,1.0,0.0
10/23/2023,58.17463124938228,90.95740577421165,1.0072441365317666,16.99607509623474,0.0,0.0,5926.690682447652,1.0,0.0,1.0,1.0,144.90363455739174,0.0,1.0,1.9983769858221057,0.0,1.0,0.0,3.0,0.0,1.0,0.0,1.0,0.0,0.0,0.0,0.0,1.0,0.0,0.0,0.0,0.0,0.0,1.0,0.0,0.0,0.0,0.0,0.0,0.0,0.0,0.0,0.0,0.0,0.0
07/10/2023,78.79206550686328,165.62840311286,0.9969829360491276,17.003960906232773,0.0,0.0,8000.758288246921,1.0,0.0,1.0,1.0,37.83647670587784,1.0,1.0,0.9931883927979601,0.0,0.0,0.0,3.0,0.0,1.0,0.0,1.0,0.0,0.0,0.0,0.0,1.0,0.0,0.0,0.0,0.0,0.0,0.0,0.0,0.0,0.0,0.0,0.0,0.0,0.0,0.0,1.0,0.0,0.0
03/23/2023,37.13806086879026,58.49493833415125,0.9974801564565903,15.993023995013164,0.0,0.0,4823.41089576489,1.0,0.0,1.0,1.0,190.89583411691834,0.0,0.0,1.0035288794562076,0.0,0.0,1.0,3.0,1.0,0.0,0.0,0.0,1.0,0.0,1.0,0.0,0.0,0.0,0.0,0.0,0.0,0.0,0.0,0.0,0.0,0.0,0.0,0.0,0.0,0.0,0.0,0.0,1.0,0.0
06/12/2023,72.96635592878556,35.94527067826873,0.9972272753527015,16.00319381252429,0.0,0.0,7983.581130252915,1.0,0.0,1.0,1.0,237.30059031309116,0.0,0.0,2.004225068955963,0.0,1.0,0.0,3.0,1.0,0.0,0.0,0.0,1.0,0.0,0.0,0.0,1.0,0.0,0.0,0.0,0.0,0.0,0.0,0.0,0.0,0.0,0.0,0.0,0.0,0.0,0.0,0.0,1.0,0.0
05/11/2023,68.2066892318248,88.91895620750944,1.0045766247367247,15.990935260960693,0.0,0.0,4816.9570828702135,1.0,0.0,1.0,1.0,404.5805919903277,0.0,1.0,1.0029955730239977,0.0,0.0,1.0,3.0,0.0,1.0,0.0,0.0,1.0,0.0,0.0,0.0,1.0,0.0,0.0,0.0,0.0,0.0,0.0,0.0,1.0,0.0,0.0,0.0,0.0,0.0,0.0,0.0,0.0,0.0
03/10/2023,72.13250537426947,81.61847631954453,1.0086715763821485,16.998510311876178,0.0,0.0,7995.879785614923,1.0,0.0,1.0,1.0,135.76941561834505,0.0,0.0,2.00222766676229,0.0,1.0,1.0,3.0,0.0,1.0,0.0,0.0,1.0,0.0,0.0,0.0,1.0,0.0,0.0,0.0,0.0,0.0,0.0,0.0,0.0,0.0,0.0,0.0,0.0,0.0,0.0,0.0,1.0,0.0
08/01/2023,36.3212882728569,53.699086064602305,0.9973445420072843,16.000800421869155,0.0,0.0,7302.325782049433,1.0,0.0,1.0,1.0,289.83527725505013,0.0,0.0,2.014730637627175,0.0,1.0,0.0,3.0,1.0,0.0,0.0,0.0,1.0,0.0,0.0,1.0,0.0,0.0,0.0,0.0,0.0,0.0,0.0,0.0,0.0,0.0,0.0,0.0,0.0,0.0,0.0,0.0,1.0,0.0
10/23/2023,22.12895934631633,82.30528062403336,0.9975416973710801,18.01784929977491,0.0,0.0,4820.939790103561,1.0,0.0,1.0,1.0,627.605764397061,0.0,1.0,0.9900325428693061,0.0,0.0,1.0,3.0,0.0,1.0,0.0,0.0,1.0,0.0,0.0,0.0,0.0,1.0,0.0,0.0,0.0,0.0,0.0,0.0,0.0,0.0,0.0,0.0,0.0,0.0,0.0,0.0,1.0,0.0
07/17/2023,30.722583053011707,54.60719072202352,1.0018176662411171,16.989945680368084,0.0,0.0,7995.2703803750255,1.0,0.0,1.0,1.0,354.5420232541991,0.0,0.0,2.999487107418819,1.0,1.0,0.0,3.0,0.0,1.0,0.0,0.0,1.0,0.0,1.0,0.0,0.0,0.0,0.0,0.0,0.0,0.0,0.0,0.0,0.0,0.0,0.0,0.0,0.0,0.0,0.0,0.0,1.0,0.0
06/12/2023,72.98818481603776,37.326477607718424,0.9985776988969918,16.010745615861556,0.0,0.0,8000.802521619152,1.0,0.0,1.0,1.0,234.07335000504855,0.0,0.0,2.0105752183609154,0.0,1.0,0.0,3.0,1.0,0.0,0.0,0.0,1.0,0.0,0.0,0.0,1.0,0.0,0.0,0.0,0.0,0.0,0.0,0.0,0.0,0.0,0.0,0.0,0.0,0.0,0.0,0.0,1.0,0.0
02/28/2023,35.79317663396421,105.90423643400939,2.00550984169983,17.001093840412405,0.0,0.0,8001.287172890445,1.0,0.0,1.0,1.0,200.43139556568866,0.0,0.0,1.0118062194676436,0.0,0.0,1.0,3.0,0.0,1.0,0.0,0.0,0.0,0.0,1.0,0.0,0.0,0.0,0.0,0.0,0.0,0.0,0.0,0.0,0.0,0.0,0.0,0.0,0.0,0.0,0.0,0.0,1.0,0.0
02/28/2023,35.90853948489056,106.79128456083605,1.986968238214659,17.003001529729826,0.0,0.0,8010.783055922696,1.0,0.0,1.0,1.0,200.45185796860252,0.0,0.0,0.986725879603532,0.0,0.0,1.0,3.0,0.0,1.0,0.0,0.0,0.0,0.0,1.0,0.0,0.0,0.0,0.0,0.0,0.0,0.0,0.0,0.0,0.0,0.0,0.0,0.0,0.0,0.0,0.0,0.0,1.0,0.0
10/23/2023,22.266685523258,82.06983132532547,0.9952155911319284,18.000863932493765,0.0,0.0,4841.987253090916,1.0,0.0,1.0,1.0,626.0222407403531,0.0,1.0,0.9970837320668992,0.0,0.0,1.0,3.0,0.0,1.0,0.0,0.0,1.0,0.0,0.0,0.0,0.0,1.0,0.0,0.0,0.0,0.0,0.0,0.0,0.0,0.0,0.0,0.0,0.0,0.0,0.0,0.0,1.0,0.0
10/23/2023,58.11250518730995,89.93955895293904,0.9954719042049037,17.003246478438765,0.0,0.0,5910.816585396516,1.0,0.0,1.0,1.0,149.66770160561606,0.0,1.0,2.012679929570457,0.0,1.0,0.0,3.0,0.0,1.0,0.0,1.0,0.0,0.0,0.0,0.0,1.0,0.0,0.0,0.0,0.0,0.0,1.0,0.0,0.0,0.0,0.0,0.0,0.0,0.0,0.0,0.0,0.0,0.0
04/12/2023,30.876660190503223,28.55513110535462,0.9865713510227794,16.99887810818404,0.0,0.0,8012.122543778523,1.0,0.0,1.0,1.0,90.47460245637595,0.0,0.0,4.00474361770077,1.0,1.0,0.0,3.0,0.0,1.0,0.0,0.0,1.0,0.0,1.0,0.0,0.0,0.0,0.0,0.0,0.0,0.0,0.0,0.0,0.0,0.0,0.0,0.0,0.0,0.0,0.0,0.0,1.0,0.0
09/12/2023,57.82110993920442,277.24193450220986,0.9944231133751427,17.010614476954956,0.0,0.0,5915.599820078642,1.0,0.0,1.0,1.0,287.6142335251405,0.0,0.0,2.001823049133403,0.0,1.0,0.0,3.0,0.0,1.0,0.0,1.0,0.0,0.0,0.0,0.0,1.0,0.0,0.0,0.0,0.0,0.0,0.0,0.0,0.0,0.0,0.0,0.0,0.0,0.0,0.0,0.0,1.0,0.0
02/28/2023,36.00578503514075,107.46915236363704,1.9947036962546045,16.996667788703057,0.0,0.0,8005.626649453935,1.0,0.0,1.0,1.0,203.15799463233364,0.0,0.0,0.9979676137940002,0.0,0.0,1.0,3.0,0.0,1.0,0.0,0.0,0.0,0.0,1.0,0.0,0.0,0.0,0.0,0.0,0.0,0.0,0.0,0.0,0.0,0.0,0.0,0.0,0.0,0.0,0.0,0.0,1.0,0.0
05/11/2023,67.78531440193387,90.51677553391525,0.9988361424717574,16.008265242786845,0.0,0.0,4829.6914430483685,1.0,0.0,1.0,1.0,403.4111755387305,0.0,1.0,0.9964166901450399,0.0,0.0,1.0,3.0,0.0,1.0,0.0,0.0,1.0,0.0,0.0,0.0,1.0,0.0,0.0,0.0,0.0,0.0,0.0,0.0,1.0,0.0,0.0,0.0,0.0,0.0,0.0,0.0,0.0,0.0
02/28/2023,35.881564300858905,107.63024962301782,2.0064410927473824,16.995296159626914,0.0,0.0,7990.808325266659,1.0,0.0,1.0,1.0,202.71361641660508,0.0,0.0,1.0026909216210316,0.0,0.0,1.0,3.0,0.0,1.0,0.0,0.0,0.0,0.0,1.0,0.0,0.0,0.0,0.0,0.0,0.0,0.0,0.0,0.0,0.0,0.0,0.0,0.0,0.0,0.0,0.0,0.0,1.0,0.0
02/28/2023,36.05506011358037,108.14348326787722,1.998581754935276,16.999560165224505,0.0,0.0,7976.615216111631,1.0,0.0,1.0,1.0,202.9513947468409,0.0,0.0,0.9976437402084787,0.0,0.0,1.0,3.0,0.0,1.0,0.0,0.0,0.0,0.0,1.0,0.0,0.0,0.0,0.0,0.0,0.0,0.0,0.0,0.0,0.0,0.0,0.0,0.0,0.0,0.0,0.0,0.0,1.0,0.0
02/28/2023,36.20387718235776,106.3189731839046,1.9940343483773468,16.992174739253873,0.0,0.0,7993.255140829511,1.0,0.0,1.0,1.0,200.29082695449446,0.0,0.0,0.9996024699728959,0.0,0.0,1.0,3.0,0.0,1.0,0.0,0.0,0.0,0.0,1.0,0.0,0.0,0.0,0.0,0.0,0.0,0.0,0.0,0.0,0.0,0.0,0.0,0.0,0.0,0.0,0.0,0.0,1.0,0.0
04/12/2023,31.10742775095058,27.37685425408424,0.9996703856918798,17.0033216451916,0.0,0.0,7979.140635292241,1.0,0.0,1.0,1.0,87.56830685498804,0.0,0.0,4.00073382709458,1.0,1.0,0.0,3.0,0.0,1.0,0.0,0.0,1.0,0.0,1.0,0.0,0.0,0.0,0.0,0.0,0.0,0.0,0.0,0.0,0.0,0.0,0.0,0.0,0.0,0.0,0.0,0.0,1.0,0.0
04/12/2023,30.595657593464452,28.93769561817763,1.0060719062951062,17.010549330664386,0.0,0.0,8004.83770443047,1.0,0.0,1.0,1.0,87.72744388359821,0.0,0.0,3.9936692690724023,1.0,1.0,0.0,3.0,0.0,1.0,0.0,0.0,1.0,0.0,1.0,0.0,0.0,0.0,0.0,0.0,0.0,0.0,0.0,0.0,0.0,0.0,0.0,0.0,0.0,0.0,0.0,0.0,1.0,0.0
05/11/2023,68.05371140365442,90.86568010043982,0.9943518114083048,15.99943530464182,0.0,0.0,4844.426206586674,1.0,0.0,1.0,1.0,396.7190622766057,0.0,1.0,1.0049681600585691,0.0,0.0,1.0,3.0,0.0,1.0,0.0,0.0,1.0,0.0,0.0,0.0,1.0,0.0,0.0,0.0,0.0,0.0,0.0,0.0,1.0,0.0,0.0,0.0,0.0,0.0,0.0,0.0,0.0,0.0
03/10/2023,72.01271171898746,82.9854563586747,0.9947302093220255,16.998562746500564,0.0,0.0,7986.895191808702,1.0,0.0,1.0,1.0,138.6202293146174,0.0,0.0,2.027208484578757,0.0,1.0,1.0,3.0,0.0,1.0,0.0,0.0,1.0,0.0,0.0,0.0,1.0,0.0,0.0,0.0,0.0,0.0,0.0,0.0,0.0,0.0,0.0,0.0,0.0,0.0,0.0,0.0,1.0,0.0
03/10/2023,72.07303895618658,81.68934820790642,1.0032325030601543,16.991863364676846,0.0,0.0,7998.07112711504,1.0,0.0,1.0,1.0,137.7815670609395,0.0,0.0,1.9834093841095153,0.0,1.0,1.0,3.0,0.0,1.0,0.0,0.0,1.0,0.0,0.0,0.0,1.0,0.0,0.0,0.0,0.0,0.0,0.0,0.0,0.0,0.0,0.0,0.0,0.0,0.0,0.0,0.0,1.0,0.0
04/12/2023,31.28521149758362,29.021414777834842,0.9987178990128904,16.99832617772199,0.0,0.0,7987.622564842961,1.0,0.0,1.0,1.0,88.84830187170088,0.0,0.0,4.003025102841843,1.0,1.0,0.0,3.0,0.0,1.0,0.0,0.0,1.0,0.0,1.0,0.0,0.0,0.0,0.0,0.0,0.0,0.0,0.0,0.0,0.0,0.0,0.0,0.0,0.0,0.0,0.0,0.0,1.0,0.0
10/23/2023,21.6359016497178,82.09230058394802,1.0037472028357926,17.988372699801285,0.0,0.0,4822.608134086075,1.0,0.0,1.0,1.0,617.263464108384,0.0,1.0,0.9929025792963684,0.0,0.0,1.0,3.0,0.0,1.0,0.0,0.0,1.0,0.0,0.0,0.0,0.0,1.0,0.0,0.0,0.0,0.0,0.0,0.0,0.0,0.0,0.0,0.0,0.0,0.0,0.0,0.0,1.0,0.0
07/10/2023,78.89568835341134,165.18127180378823,0.9999210216123275,16.993336046804796,0.0,0.0,8002.876828283601,1.0,0.0,1.0,1.0,28.735060592711267,1.0,1.0,1.005390847722654,0.0,0.0,0.0,3.0,0.0,1.0,0.0,1.0,0.0,0.0,0.0,0.0,1.0,0.0,0.0,0.0,0.0,0.0,0.0,0.0,0.0,0.0,0.0,0.0,0.0,0.0,0.0,1.0,0.0,0.0
08/03/2023,28.104276864053517,232.09840278307598,1.004060753944642,17.00165552419774,0.0,0.0,7298.60805507207,1.0,0.0,1.0,1.0,278.93387762215394,0.0,1.0,1.0004346780891424,0.0,0.0,1.0,3.0,0.0,1.0,0.0,0.0,1.0,0.0,0.0,0.0,0.0,1.0,0.0,0.0,0.0,0.0,0.0,0.0,0.0,0.0,0.0,0.0,0.0,0.0,0.0,0.0,1.0,0.0
01/12/2023,48.72089703931407,118.74604389177078,0.9940096689545663,16.00962871527355,0.0,0.0,5938.6927083320315,1.0,0.0,1.0,1.0,227.26029565733023,0.0,0.0,4.007112962833117,1.0,1.0,0.0,3.0,1.0,0.0,0.0,0.0,1.0,0.0,0.0,1.0,0.0,0.0,0.0,0.0,0.0,0.0,0.0,0.0,0.0,0.0,0.0,0.0,0.0,0.0,0.0,0.0,1.0,0.0
02/28/2023,36.26045979252048,106.33934989240103,1.9999300622264076,17.020507066625612,0.0,0.0,7990.095560487941,1.0,0.0,1.0,1.0,201.94387355819754,0.0,0.0,1.0109749717054666,0.0,0.0,1.0,3.0,0.0,1.0,0.0,0.0,0.0,0.0,1.0,0.0,0.0,0.0,0.0,0.0,0.0,0.0,0.0,0.0,0.0,0.0,0.0,0.0,0.0,0.0,0.0,0.0,1.0,0.0
07/10/2023,79.06500365784584,164.68511631638216,0.99878066890133,16.99571796493202,0.0,0.0,8005.163530685464,1.0,0.0,1.0,1.0,28.359785079750562,1.0,1.0,1.0017965159576665,0.0,0.0,0.0,3.0,0.0,1.0,0.0,1.0,0.0,0.0,0.0,0.0,1.0,0.0,0.0,0.0,0.0,0.0,0.0,0.0,0.0,0.0,0.0,0.0,0.0,0.0,0.0,1.0,0.0,0.0
05/11/2023,68.14939613911112,91.31752997242016,0.9929632468779684,16.01047760292625,0.0,0.0,4829.990721721606,1.0,0.0,1.0,1.0,404.76591071556845,0.0,1.0,1.0105692661212955,0.0,0.0,1.0,3.0,0.0,1.0,0.0,0.0,1.0,0.0,0.0,0.0,1.0,0.0,0.0,0.0,0.0,0.0,0.0,0.0,1.0,0.0,0.0,0.0,0.0,0.0,0.0,0.0,0.0,0.0
04/12/2023,30.89924593412153,26.90086641893848,0.9909516486119028,17.001779378125274,0.0,0.0,8003.093285471595,1.0,0.0,1.0,1.0,89.6229976774338,0.0,0.0,3.9781127527759743,1.0,1.0,0.0,3.0,0.0,1.0,0.0,0.0,1.0,0.0,1.0,0.0,0.0,0.0,0.0,0.0,0.0,0.0,0.0,0.0,0.0,0.0,0.0,0.0,0.0,0.0,0.0,0.0,1.0,0.0
07/10/2023,79.14360436231102,165.44749264973294,1.0039686509449477,16.998895901474825,0.0,0.0,7990.45228125524,1.0,0.0,1.0,1.0,32.75920071929797,1.0,1.0,1.0148490610919114,0.0,0.0,0.0,3.0,0.0,1.0,0.0,1.0,0.0,0.0,0.0,0.0,1.0,0.0,0.0,0.0,0.0,0.0,0.0,0.0,0.0,0.0,0.0,0.0,0.0,0.0,0.0,1.0,0.0,0.0
01/12/2023,49.18855249790225,118.62179261277934,0.9979689253186289,16.003157912909227,0.0,0.0,5920.495972727275,1.0,0.0,1.0,1.0,235.0878888331871,0.0,0.0,4.003501721374486,1.0,1.0,0.0,3.0,1.0,0.0,0.0,0.0,1.0,0.0,0.0,1.0,0.0,0.0,0.0,0.0,0.0,0.0,0.0,0.0,0.0,0.0,0.0,0.0,0.0,0.0,0.0,0.0,1.0,0.0
05/22/2023,26.041095836531415,116.80574301793628,0.9940837341402369,16.000451986525317,0.0,0.0,5919.8253440150775,1.0,0.0,1.0,1.0,390.9693864340898,0.0,0.0,2.010063151128734,0.0,1.0,0.0,3.0,1.0,0.0,0.0,0.0,0.0,0.0,0.0,0.0,0.0,1.0,0.0,0.0,0.0,0.0,0.0,0.0,0.0,0.0,0.0,0.0,0.0,0.0,0.0,0.0,1.0,0.0
05/22/2023,26.041364576886604,114.31927405073,0.9994433814569612,16.00080588201176,0.0,0.0,5912.497064736458,1.0,0.0,1.0,1.0,386.19754336632076,0.0,0.0,1.9886107810442177,0.0,1.0,0.0,3.0,1.0,0.0,0.0,0.0,0.0,0.0,0.0,0.0,0.0,1.0,0.0,0.0,0.0,0.0,0.0,0.0,0.0,0.0,0.0,0.0,0.0,0.0,0.0,0.0,1.0,0.0
03/10/2023,72.04770729999487,81.44784553863278,1.0065282091171226,16.997019193008576,0.0,0.0,8001.7335548346755,1.0,0.0,1.0,1.0,136.44720529789643,0.0,0.0,1.992243619792029,0.0,1.0,1.0,3.0,0.0,1.0,0.0,0.0,1.0,0.0,0.0,0.0,1.0,0.0,0.0,0.0,0.0,0.0,0.0,0.0,0.0,0.0,0.0,0.0,0.0,0.0,0.0,0.0,1.0,0.0
06/12/2023,72.84764600863146,35.816130903312796,0.986800634139299,15.989793885414903,0.0,0.0,8001.613214697222,1.0,0.0,1.0,1.0,233.14786350485656,0.0,0.0,2.0013625348262534,0.0,1.0,0.0,3.0,1.0,0.0,0.0,0.0,1.0,0.0,0.0,0.0,1.0,0.0,0.0,0.0,0.0,0.0,0.0,0.0,0.0,0.0,0.0,0.0,0.0,0.0,0.0,0.0,1.0,0.0
07/10/2023,78.97396570735494,164.42000236927993,0.9913384689654707,16.988731630896787,0.0,0.0,8001.03661766228,1.0,0.0,1.0,1.0,33.334693793366604,1.0,1.0,0.9998409278543087,0.0,0.0,0.0,3.0,0.0,1.0,0.0,1.0,0.0,0.0,0.0,0.0,1.0,0.0,0.0,0.0,0.0,0.0,0.0,0.0,0.0,0.0,0.0,0.0,0.0,0.0,0.0,1.0,0.0,0.0
05/22/2023,25.973084445421996,116.17385682997423,0.9946589583633318,16.004768647497833,0.0,0.0,5936.631371619819,1.0,0.0,1.0,1.0,386.72456857948305,0.0,0.0,2.002642834847715,0.0,1.0,0.0,3.0,1.0,0.0,0.0,0.0,0.0,0.0,0.0,0.0,0.0,1.0,0.0,0.0,0.0,0.0,0.0,0.0,0.0,0.0,0.0,0.0,0.0,0.0,0.0,0.0,1.0,0.0
09/12/2023,58.067657272108974,276.8741862613781,1.0084563135955773,16.99798010634908,0.0,0.0,5935.740242981768,1.0,0.0,1.0,1.0,288.9654212212402,0.0,0.0,2.0101254416123355,0.0,1.0,0.0,3.0,0.0,1.0,0.0,1.0,0.0,0.0,0.0,0.0,1.0,0.0,0.0,0.0,0.0,0.0,0.0,0.0,0.0,0.0,0.0,0.0,0.0,0.0,0.0,0.0,1.0,0.0
08/03/2023,28.176438350802577,230.8221336860398,1.001635422055451,16.995648587669674,0.0,0.0,7295.18670738089,1.0,0.0,1.0,1.0,279.8404480009806,0.0,1.0,0.9835192389379042,0.0,0.0,1.0,3.0,0.0,1.0,0.0,0.0,1.0,0.0,0.0,0.0,0.0,1.0,0.0,0.0,0.0,0.0,0.0,0.0,0.0,0.0,0.0,0.0,0.0,0.0,0.0,0.0,1.0,0.0
09/12/2023,57.813200808895715,276.8882551978529,1.0044407124688282,17.0000620905523,0.0,0.0,5924.794046671255,1.0,0.0,1.0,1.0,289.70104774010815,0.0,0.0,2.0090919412718926,0.0,1.0,0.0,3.0,0.0,1.0,0.0,1.0,0.0,0.0,0.0,0.0,1.0,0.0,0.0,0.0,0.0,0.0,0.0,0.0,0.0,0.0,0.0,0.0,0.0,0.0,0.0,0.0,1.0,0.0
